0 verbose cli D:\x64\nodejs\node.exe D:\x64\nodejs\node_modules\npm\bin\npm-cli.js
1 info using npm@11.19.0
2 info using node@v26.7.0
3 silly config load:file:D:\x64\nodejs\node_modules\npm\npmrc
4 silly config load:file:D:\Developments\ext\DSH for VSC\.npmrc
5 silly config load:file:C:\Users\yaunt\.npmrc
6 silly config load:file:C:\Users\yaunt\AppData\Roaming\npm\etc\npmrc
7 verbose title npm install @vscode/vsce
8 verbose argv "install" "--save-dev" "@vscode/vsce" "--ignore-scripts" "--no-audit" "--no-fund" "--cache" "D:\\Developments\\ext\\DSH for VSC\\.npm-cache"
9 verbose logfile logs-max:10 dir:D:\Developments\ext\DSH for VSC\.npm-cache\_logs\2026-08-14T03_55_00_843Z-
10 verbose logfile D:\Developments\ext\DSH for VSC\.npm-cache\_logs\2026-08-14T03_55_00_843Z-debug-0.log
11 silly logfile done cleaning log files
12 silly packumentCache heap:4395630592 maxSize:1098907648 maxEntrySize:549453824
13 silly idealTree buildDeps
14 silly fetch manifest @vscode/vsce@*
15 silly packumentCache full:https://registry.npmmirror.com/@vscode%2fvsce cache-miss
16 verbose shrinkwrap failed to load node_modules/.package-lock.json out of date, updated: node_modules
17 http cache https://registry.npmmirror.com/@vscode%2fvsce 9ms (cache hit)
18 silly packumentCache full:https://registry.npmmirror.com/@vscode%2fvsce set size:707216 disposed:false
19 silly placeDep ROOT @vscode/vsce@3.9.2 OK for: dsh-for-vsc@0.1.0 want: *
20 silly fetch manifest @azure/identity@^4.1.0
21 silly packumentCache full:https://registry.npmmirror.com/@azure%2fidentity cache-miss
22 silly fetch manifest @secretlint/node@^10.1.2
23 silly packumentCache full:https://registry.npmmirror.com/@secretlint%2fnode cache-miss
24 silly fetch manifest @secretlint/secretlint-formatter-sarif@^10.1.2
25 silly packumentCache full:https://registry.npmmirror.com/@secretlint%2fsecretlint-formatter-sarif cache-miss
26 silly fetch manifest @secretlint/secretlint-rule-no-dotenv@^10.1.2
27 silly packumentCache full:https://registry.npmmirror.com/@secretlint%2fsecretlint-rule-no-dotenv cache-miss
28 silly fetch manifest @secretlint/secretlint-rule-preset-recommend@^10.1.2
29 silly packumentCache full:https://registry.npmmirror.com/@secretlint%2fsecretlint-rule-preset-recommend cache-miss
30 silly fetch manifest @vscode/vsce-sign@^2.0.0
31 silly packumentCache full:https://registry.npmmirror.com/@vscode%2fvsce-sign cache-miss
32 silly fetch manifest azure-devops-node-api@^12.5.0
33 silly packumentCache full:https://registry.npmmirror.com/azure-devops-node-api cache-miss
34 silly fetch manifest chalk@^4.1.2
35 silly packumentCache full:https://registry.npmmirror.com/chalk cache-miss
36 silly fetch manifest cheerio@^1.0.0-rc.9
37 silly packumentCache full:https://registry.npmmirror.com/cheerio cache-miss
38 silly fetch manifest cockatiel@^3.1.2
39 silly packumentCache full:https://registry.npmmirror.com/cockatiel cache-miss
40 silly fetch manifest commander@^12.1.0
41 silly packumentCache full:https://registry.npmmirror.com/commander cache-miss
42 silly fetch manifest form-data@^4.0.0
43 silly packumentCache full:https://registry.npmmirror.com/form-data cache-miss
44 silly fetch manifest glob@^13.0.6
45 silly packumentCache full:https://registry.npmmirror.com/glob cache-miss
46 silly fetch manifest hosted-git-info@^4.0.2
47 silly packumentCache full:https://registry.npmmirror.com/hosted-git-info cache-miss
48 silly fetch manifest jsonc-parser@^3.2.0
49 silly packumentCache full:https://registry.npmmirror.com/jsonc-parser cache-miss
50 silly fetch manifest leven@^3.1.0
51 silly packumentCache full:https://registry.npmmirror.com/leven cache-miss
52 silly fetch manifest markdown-it@^14.1.0
53 silly packumentCache full:https://registry.npmmirror.com/markdown-it cache-miss
54 silly fetch manifest mime@^1.3.4
55 silly packumentCache full:https://registry.npmmirror.com/mime cache-miss
56 silly fetch manifest minimatch@^10.2.2
57 silly packumentCache full:https://registry.npmmirror.com/minimatch cache-miss
58 silly fetch manifest parse-semver@^1.1.1
59 silly packumentCache full:https://registry.npmmirror.com/parse-semver cache-miss
60 silly fetch manifest read@^1.0.7
61 silly packumentCache full:https://registry.npmmirror.com/read cache-miss
62 silly fetch manifest secretlint@^10.1.2
63 silly packumentCache full:https://registry.npmmirror.com/secretlint cache-miss
64 silly fetch manifest semver@^7.5.2
65 silly packumentCache full:https://registry.npmmirror.com/semver cache-miss
66 http cache https://registry.npmmirror.com/@secretlint%2fsecretlint-rule-no-dotenv 25ms (cache hit)
67 silly packumentCache full:https://registry.npmmirror.com/@secretlint%2fsecretlint-rule-no-dotenv set size:298022 disposed:false
68 silly fetch manifest tmp@^0.2.3
69 silly packumentCache full:https://registry.npmmirror.com/tmp cache-miss
70 http cache https://registry.npmmirror.com/cheerio 28ms (cache hit)
71 silly packumentCache full:https://registry.npmmirror.com/cheerio set size:149760 disposed:false
72 silly fetch manifest typed-rest-client@^1.8.4
73 silly packumentCache full:https://registry.npmmirror.com/typed-rest-client cache-miss
74 http cache https://registry.npmmirror.com/chalk 30ms (cache hit)
75 silly packumentCache full:https://registry.npmmirror.com/chalk set size:110176 disposed:false
76 silly fetch manifest url-join@^4.0.1
77 silly packumentCache full:https://registry.npmmirror.com/url-join cache-miss
78 http cache https://registry.npmmirror.com/@secretlint%2fnode 33ms (cache hit)
79 silly packumentCache full:https://registry.npmmirror.com/@secretlint%2fnode set size:363379 disposed:false
80 silly fetch manifest xml2js@^0.5.0
81 silly packumentCache full:https://registry.npmmirror.com/xml2js cache-miss
82 http cache https://registry.npmmirror.com/@secretlint%2fsecretlint-formatter-sarif 35ms (cache hit)
83 silly packumentCache full:https://registry.npmmirror.com/@secretlint%2fsecretlint-formatter-sarif set size:277113 disposed:false
84 silly fetch manifest yauzl@^3.2.1
85 silly packumentCache full:https://registry.npmmirror.com/yauzl cache-miss
86 http cache https://registry.npmmirror.com/@vscode%2fvsce-sign 36ms (cache hit)
87 silly packumentCache full:https://registry.npmmirror.com/@vscode%2fvsce-sign set size:28370 disposed:false
88 silly fetch manifest yazl@^2.2.2
89 silly packumentCache full:https://registry.npmmirror.com/yazl cache-miss
90 http cache https://registry.npmmirror.com/glob 36ms (cache hit)
91 silly packumentCache full:https://registry.npmmirror.com/glob set size:432587 disposed:false
92 silly fetch manifest keytar@^7.7.0
93 silly packumentCache full:https://registry.npmmirror.com/keytar cache-miss
94 http cache https://registry.npmmirror.com/@secretlint%2fsecretlint-rule-preset-recommend 40ms (cache hit)
95 silly packumentCache full:https://registry.npmmirror.com/@secretlint%2fsecretlint-rule-preset-recommend set size:507544 disposed:false
96 http cache https://registry.npmmirror.com/commander 43ms (cache hit)
97 silly packumentCache full:https://registry.npmmirror.com/commander set size:293130 disposed:false
98 http cache https://registry.npmmirror.com/azure-devops-node-api 45ms (cache hit)
99 silly packumentCache full:https://registry.npmmirror.com/azure-devops-node-api set size:98512 disposed:false
100 http cache https://registry.npmmirror.com/leven 45ms (cache hit)
101 silly packumentCache full:https://registry.npmmirror.com/leven set size:19994 disposed:false
102 http cache https://registry.npmmirror.com/cockatiel 46ms (cache hit)
103 silly packumentCache full:https://registry.npmmirror.com/cockatiel set size:120750 disposed:false
104 http cache https://registry.npmmirror.com/hosted-git-info 47ms (cache hit)
105 silly packumentCache full:https://registry.npmmirror.com/hosted-git-info set size:163833 disposed:false
106 http cache https://registry.npmmirror.com/form-data 48ms (cache hit)
107 silly packumentCache full:https://registry.npmmirror.com/form-data set size:155594 disposed:false
108 http cache https://registry.npmmirror.com/markdown-it 48ms (cache hit)
109 silly packumentCache full:https://registry.npmmirror.com/markdown-it set size:208608 disposed:false
110 http cache https://registry.npmmirror.com/jsonc-parser 50ms (cache hit)
111 silly packumentCache full:https://registry.npmmirror.com/jsonc-parser set size:101398 disposed:false
112 http cache https://registry.npmmirror.com/parse-semver 49ms (cache hit)
113 silly packumentCache full:https://registry.npmmirror.com/parse-semver set size:14500 disposed:false
114 http cache https://registry.npmmirror.com/minimatch 50ms (cache hit)
115 silly packumentCache full:https://registry.npmmirror.com/minimatch set size:384934 disposed:false
116 http cache https://registry.npmmirror.com/@azure%2fidentity 57ms (cache hit)
117 silly packumentCache full:https://registry.npmmirror.com/@azure%2fidentity set size:5896325 disposed:false
118 http cache https://registry.npmmirror.com/read 67ms (cache hit)
119 silly packumentCache full:https://registry.npmmirror.com/read set size:45104 disposed:false
120 http cache https://registry.npmmirror.com/mime 70ms (cache hit)
121 silly packumentCache full:https://registry.npmmirror.com/mime set size:107819 disposed:false
122 http cache https://registry.npmmirror.com/semver 72ms (cache hit)
123 silly packumentCache full:https://registry.npmmirror.com/semver set size:221665 disposed:false
124 http cache https://registry.npmmirror.com/secretlint 73ms (cache hit)
125 silly packumentCache full:https://registry.npmmirror.com/secretlint set size:401460 disposed:false
126 http cache https://registry.npmmirror.com/tmp 55ms (cache hit)
127 silly packumentCache full:https://registry.npmmirror.com/tmp set size:76613 disposed:false
128 http cache https://registry.npmmirror.com/typed-rest-client 55ms (cache hit)
129 silly packumentCache full:https://registry.npmmirror.com/typed-rest-client set size:100983 disposed:false
130 http cache https://registry.npmmirror.com/url-join 56ms (cache hit)
131 silly packumentCache full:https://registry.npmmirror.com/url-join set size:21524 disposed:false
132 http cache https://registry.npmmirror.com/yauzl 52ms (cache hit)
133 silly packumentCache full:https://registry.npmmirror.com/yauzl set size:114253 disposed:false
134 http cache https://registry.npmmirror.com/xml2js 55ms (cache hit)
135 silly packumentCache full:https://registry.npmmirror.com/xml2js set size:190297 disposed:false
136 http cache https://registry.npmmirror.com/yazl 57ms (cache hit)
137 silly packumentCache full:https://registry.npmmirror.com/yazl set size:65894 disposed:false
138 http cache https://registry.npmmirror.com/keytar 56ms (cache hit)
139 silly packumentCache full:https://registry.npmmirror.com/keytar set size:198677 disposed:false
140 silly placeDep ROOT @azure/identity@4.13.1 OK for: @vscode/vsce@3.9.2 want: ^4.1.0
141 silly placeDep ROOT @secretlint/node@10.2.2 OK for: @vscode/vsce@3.9.2 want: ^10.1.2
142 silly placeDep ROOT @secretlint/secretlint-formatter-sarif@10.2.2 OK for: @vscode/vsce@3.9.2 want: ^10.1.2
143 silly placeDep ROOT @secretlint/secretlint-rule-no-dotenv@10.2.2 OK for: @vscode/vsce@3.9.2 want: ^10.1.2
144 silly placeDep ROOT @secretlint/secretlint-rule-preset-recommend@10.2.2 OK for: @vscode/vsce@3.9.2 want: ^10.1.2
145 silly placeDep ROOT @vscode/vsce-sign@2.0.9 OK for: @vscode/vsce@3.9.2 want: ^2.0.0
146 silly placeDep ROOT azure-devops-node-api@12.5.0 OK for: @vscode/vsce@3.9.2 want: ^12.5.0
147 silly placeDep ROOT chalk@4.1.2 OK for: @vscode/vsce@3.9.2 want: ^4.1.2
148 silly placeDep ROOT cheerio@1.2.0 OK for: @vscode/vsce@3.9.2 want: ^1.0.0-rc.9
149 silly placeDep ROOT cockatiel@3.2.1 OK for: @vscode/vsce@3.9.2 want: ^3.1.2
150 silly placeDep ROOT commander@12.1.0 OK for: @vscode/vsce@3.9.2 want: ^12.1.0
151 silly placeDep ROOT form-data@4.0.6 OK for: @vscode/vsce@3.9.2 want: ^4.0.0
152 silly placeDep ROOT glob@13.0.6 OK for: @vscode/vsce@3.9.2 want: ^13.0.6
153 silly placeDep ROOT hosted-git-info@4.1.0 OK for: @vscode/vsce@3.9.2 want: ^4.0.2
154 silly placeDep ROOT jsonc-parser@3.3.1 OK for: @vscode/vsce@3.9.2 want: ^3.2.0
155 silly placeDep ROOT keytar@7.9.0 OK for: @vscode/vsce@3.9.2 want: ^7.7.0
156 silly placeDep ROOT leven@3.1.0 OK for: @vscode/vsce@3.9.2 want: ^3.1.0
157 silly placeDep ROOT markdown-it@14.3.0 OK for: @vscode/vsce@3.9.2 want: ^14.1.0
158 silly placeDep ROOT mime@1.6.0 OK for: @vscode/vsce@3.9.2 want: ^1.3.4
159 silly placeDep ROOT minimatch@10.2.6 OK for: @vscode/vsce@3.9.2 want: ^10.2.2
160 silly placeDep ROOT parse-semver@1.1.1 OK for: @vscode/vsce@3.9.2 want: ^1.1.1
161 silly placeDep ROOT read@1.0.7 OK for: @vscode/vsce@3.9.2 want: ^1.0.7
162 silly placeDep ROOT secretlint@10.2.2 OK for: @vscode/vsce@3.9.2 want: ^10.1.2
163 silly placeDep ROOT semver@7.8.5 OK for: @vscode/vsce@3.9.2 want: ^7.5.2
164 silly placeDep ROOT tmp@0.2.7 OK for: @vscode/vsce@3.9.2 want: ^0.2.3
165 silly placeDep ROOT typed-rest-client@1.8.11 OK for: @vscode/vsce@3.9.2 want: ^1.8.4
166 silly placeDep ROOT url-join@4.0.1 OK for: @vscode/vsce@3.9.2 want: ^4.0.1
167 silly placeDep ROOT xml2js@0.5.0 OK for: @vscode/vsce@3.9.2 want: ^0.5.0
168 silly placeDep ROOT yauzl@3.4.0 OK for: @vscode/vsce@3.9.2 want: ^3.2.1
169 silly placeDep ROOT yazl@2.5.1 OK for: @vscode/vsce@3.9.2 want: ^2.2.2
170 silly fetch manifest @azure/abort-controller@^2.0.0
171 silly packumentCache full:https://registry.npmmirror.com/@azure%2fabort-controller cache-miss
172 silly fetch manifest @azure/core-auth@^1.9.0
173 silly packumentCache full:https://registry.npmmirror.com/@azure%2fcore-auth cache-miss
174 silly fetch manifest @azure/core-client@^1.9.2
175 silly packumentCache full:https://registry.npmmirror.com/@azure%2fcore-client cache-miss
176 silly fetch manifest @azure/core-rest-pipeline@^1.17.0
177 silly packumentCache full:https://registry.npmmirror.com/@azure%2fcore-rest-pipeline cache-miss
178 silly fetch manifest @azure/core-tracing@^1.0.0
179 silly packumentCache full:https://registry.npmmirror.com/@azure%2fcore-tracing cache-miss
180 silly fetch manifest @azure/core-util@^1.11.0
181 silly packumentCache full:https://registry.npmmirror.com/@azure%2fcore-util cache-miss
182 silly fetch manifest @azure/logger@^1.0.0
183 silly packumentCache full:https://registry.npmmirror.com/@azure%2flogger cache-miss
184 silly fetch manifest @azure/msal-browser@^5.5.0
185 silly packumentCache full:https://registry.npmmirror.com/@azure%2fmsal-browser cache-miss
186 silly fetch manifest @azure/msal-node@^5.1.0
187 silly packumentCache full:https://registry.npmmirror.com/@azure%2fmsal-node cache-miss
188 silly fetch manifest open@^10.1.0
189 silly packumentCache full:https://registry.npmmirror.com/open cache-miss
190 silly fetch manifest tslib@^2.2.0
191 silly packumentCache full:https://registry.npmmirror.com/tslib cache-miss
192 silly fetch manifest @secretlint/config-loader@^10.2.2
193 silly packumentCache full:https://registry.npmmirror.com/@secretlint%2fconfig-loader cache-miss
194 silly fetch manifest @secretlint/core@^10.2.2
195 silly packumentCache full:https://registry.npmmirror.com/@secretlint%2fcore cache-miss
196 silly fetch manifest @secretlint/formatter@^10.2.2
197 silly packumentCache full:https://registry.npmmirror.com/@secretlint%2fformatter cache-miss
198 silly fetch manifest @secretlint/profiler@^10.2.2
199 silly packumentCache full:https://registry.npmmirror.com/@secretlint%2fprofiler cache-miss
200 silly fetch manifest @secretlint/source-creator@^10.2.2
201 silly packumentCache full:https://registry.npmmirror.com/@secretlint%2fsource-creator cache-miss
202 silly fetch manifest @secretlint/types@^10.2.2
203 silly packumentCache full:https://registry.npmmirror.com/@secretlint%2ftypes cache-miss
204 silly fetch manifest debug@^4.4.1
205 silly packumentCache full:https://registry.npmmirror.com/debug cache-miss
206 silly fetch manifest p-map@^7.0.3
207 silly packumentCache full:https://registry.npmmirror.com/p-map cache-miss
208 silly fetch manifest node-sarif-builder@^3.2.0
209 silly packumentCache full:https://registry.npmmirror.com/node-sarif-builder cache-miss
210 silly fetch manifest @secretlint/types@^10.2.2
211 silly packumentCache full:https://registry.npmmirror.com/@secretlint%2ftypes cache-miss
212 silly fetch manifest @vscode/vsce-sign-darwin-arm64@2.0.6
213 silly packumentCache full:https://registry.npmmirror.com/@vscode%2fvsce-sign-darwin-arm64 cache-miss
214 silly fetch manifest @vscode/vsce-sign-darwin-x64@2.0.6
215 silly packumentCache full:https://registry.npmmirror.com/@vscode%2fvsce-sign-darwin-x64 cache-miss
216 http cache https://registry.npmmirror.com/@azure%2fcore-auth 22ms (cache hit)
217 silly packumentCache full:https://registry.npmmirror.com/@azure%2fcore-auth set size:2370360 disposed:false
218 silly fetch manifest @vscode/vsce-sign-win32-arm64@2.0.6
219 silly packumentCache full:https://registry.npmmirror.com/@vscode%2fvsce-sign-win32-arm64 cache-miss
220 http cache https://registry.npmmirror.com/@azure%2fcore-rest-pipeline 29ms (cache hit)
221 silly packumentCache full:https://registry.npmmirror.com/@azure%2fcore-rest-pipeline set size:3189425 disposed:false
222 silly fetch manifest @vscode/vsce-sign-win32-x64@2.0.6
223 silly packumentCache full:https://registry.npmmirror.com/@vscode%2fvsce-sign-win32-x64 cache-miss
224 http cache https://registry.npmmirror.com/@azure%2fcore-client 37ms (cache hit)
225 silly packumentCache full:https://registry.npmmirror.com/@azure%2fcore-client set size:2476389 disposed:false
226 silly fetch manifest @vscode/vsce-sign-linux-arm64@2.0.6
227 silly packumentCache full:https://registry.npmmirror.com/@vscode%2fvsce-sign-linux-arm64 cache-miss
228 http cache https://registry.npmmirror.com/@secretlint%2fcore 42ms (cache hit)
229 silly packumentCache full:https://registry.npmmirror.com/@secretlint%2fcore set size:339352 disposed:false
230 silly fetch manifest @vscode/vsce-sign-linux-arm@2.0.6
231 silly packumentCache full:https://registry.npmmirror.com/@vscode%2fvsce-sign-linux-arm cache-miss
232 http cache https://registry.npmmirror.com/@azure%2fcore-tracing 46ms (cache hit)
233 silly packumentCache full:https://registry.npmmirror.com/@azure%2fcore-tracing set size:2681312 disposed:false
234 silly fetch manifest @vscode/vsce-sign-linux-x64@2.0.6
235 silly packumentCache full:https://registry.npmmirror.com/@vscode%2fvsce-sign-linux-x64 cache-miss
236 http cache https://registry.npmmirror.com/@azure%2fmsal-browser 51ms (cache hit)
237 silly packumentCache full:https://registry.npmmirror.com/@azure%2fmsal-browser set size:829464 disposed:false
238 silly fetch manifest @vscode/vsce-sign-alpine-arm64@2.0.6
239 silly packumentCache full:https://registry.npmmirror.com/@vscode%2fvsce-sign-alpine-arm64 cache-miss
240 http cache https://registry.npmmirror.com/@azure%2fcore-util 57ms (cache hit)
241 silly packumentCache full:https://registry.npmmirror.com/@azure%2fcore-util set size:2313605 disposed:false
242 silly fetch manifest @vscode/vsce-sign-alpine-x64@2.0.6
243 silly packumentCache full:https://registry.npmmirror.com/@vscode%2fvsce-sign-alpine-x64 cache-miss
244 http cache https://registry.npmmirror.com/@secretlint%2fconfig-loader 60ms (cache hit)
245 silly packumentCache full:https://registry.npmmirror.com/@secretlint%2fconfig-loader set size:374031 disposed:false
246 silly fetch manifest tunnel@0.0.6
247 silly packumentCache full:https://registry.npmmirror.com/tunnel cache-miss
248 http cache https://registry.npmmirror.com/tslib 62ms (cache hit)
249 silly packumentCache full:https://registry.npmmirror.com/tslib set size:113423 disposed:false
250 silly fetch manifest ansi-styles@^4.1.0
251 silly packumentCache full:https://registry.npmmirror.com/ansi-styles cache-miss
252 http cache https://registry.npmmirror.com/@azure%2fmsal-node 64ms (cache hit)
253 silly packumentCache full:https://registry.npmmirror.com/@azure%2fmsal-node set size:605987 disposed:false
254 silly fetch manifest supports-color@^7.1.0
255 silly packumentCache full:https://registry.npmmirror.com/supports-color cache-miss
256 http cache https://registry.npmmirror.com/open 66ms (cache hit)
257 silly packumentCache full:https://registry.npmmirror.com/open set size:107812 disposed:false
258 silly fetch manifest cheerio-select@^2.1.0
259 silly packumentCache full:https://registry.npmmirror.com/cheerio-select cache-miss
260 http cache https://registry.npmmirror.com/@secretlint%2fformatter 67ms (cache hit)
261 silly packumentCache full:https://registry.npmmirror.com/@secretlint%2fformatter set size:368958 disposed:false
262 silly fetch manifest dom-serializer@^2.0.0
263 silly packumentCache full:https://registry.npmmirror.com/dom-serializer cache-miss
264 http cache https://registry.npmmirror.com/p-map 69ms (cache hit)
265 silly packumentCache full:https://registry.npmmirror.com/p-map set size:50807 disposed:false
266 silly fetch manifest domhandler@^5.0.3
267 silly packumentCache full:https://registry.npmmirror.com/domhandler cache-miss
268 http cache https://registry.npmmirror.com/@vscode%2fvsce-sign-darwin-arm64 68ms (cache hit)
269 silly packumentCache full:https://registry.npmmirror.com/@vscode%2fvsce-sign-darwin-arm64 set size:12339 disposed:false
270 silly fetch manifest domutils@^3.2.2
271 silly packumentCache full:https://registry.npmmirror.com/domutils cache-miss
272 http cache https://registry.npmmirror.com/@secretlint%2fprofiler 70ms (cache hit)
273 silly packumentCache full:https://registry.npmmirror.com/@secretlint%2fprofiler set size:309893 disposed:false
274 silly fetch manifest encoding-sniffer@^0.2.1
275 silly packumentCache full:https://registry.npmmirror.com/encoding-sniffer cache-miss
276 http cache https://registry.npmmirror.com/@secretlint%2fsource-creator 72ms (cache hit)
277 silly packumentCache full:https://registry.npmmirror.com/@secretlint%2fsource-creator set size:333540 disposed:false
278 silly fetch manifest htmlparser2@^10.1.0
279 silly packumentCache full:https://registry.npmmirror.com/htmlparser2 cache-miss
280 http cache https://registry.npmmirror.com/@secretlint%2ftypes 74ms (cache hit)
281 silly packumentCache full:https://registry.npmmirror.com/@secretlint%2ftypes set size:329784 disposed:false
282 silly fetch manifest parse5@^7.3.0
283 silly packumentCache full:https://registry.npmmirror.com/parse5 cache-miss
284 http cache https://registry.npmmirror.com/@azure%2fabort-controller 79ms (cache hit)
285 silly packumentCache full:https://registry.npmmirror.com/@azure%2fabort-controller set size:2728996 disposed:false
286 silly fetch manifest parse5-htmlparser2-tree-adapter@^7.1.0
287 silly packumentCache full:https://registry.npmmirror.com/parse5-htmlparser2-tree-adapter cache-miss
288 http cache https://registry.npmmirror.com/node-sarif-builder 82ms (cache hit)
289 silly packumentCache full:https://registry.npmmirror.com/node-sarif-builder set size:2056806 disposed:false
290 silly fetch manifest parse5-parser-stream@^7.1.2
291 silly packumentCache full:https://registry.npmmirror.com/parse5-parser-stream cache-miss
292 http cache https://registry.npmmirror.com/@azure%2flogger 89ms (cache hit)
293 silly packumentCache full:https://registry.npmmirror.com/@azure%2flogger set size:2323517 disposed:false
294 silly fetch manifest undici@^7.19.0
295 silly packumentCache full:https://registry.npmmirror.com/undici cache-miss
296 http cache https://registry.npmmirror.com/@secretlint%2ftypes 92ms (cache hit)
297 silly packumentCache full:https://registry.npmmirror.com/@secretlint%2ftypes set size:329784 disposed:false
298 silly packumentCache full:https://registry.npmmirror.com/@secretlint%2ftypes dispose
299 silly fetch manifest whatwg-mimetype@^4.0.0
300 silly packumentCache full:https://registry.npmmirror.com/whatwg-mimetype cache-miss
301 http cache https://registry.npmmirror.com/@vscode%2fvsce-sign-darwin-x64 94ms (cache hit)
302 silly packumentCache full:https://registry.npmmirror.com/@vscode%2fvsce-sign-darwin-x64 set size:12221 disposed:false
303 silly fetch manifest hasown@^2.0.4
304 silly packumentCache full:https://registry.npmmirror.com/hasown cache-miss
305 http cache https://registry.npmmirror.com/debug 96ms (cache hit)
306 silly packumentCache full:https://registry.npmmirror.com/debug set size:163683 disposed:false
307 silly fetch manifest asynckit@^0.4.0
308 silly packumentCache full:https://registry.npmmirror.com/asynckit cache-miss
309 http cache https://registry.npmmirror.com/@vscode%2fvsce-sign-linux-arm 75ms (cache hit)
310 silly packumentCache full:https://registry.npmmirror.com/@vscode%2fvsce-sign-linux-arm set size:12157 disposed:false
311 silly fetch manifest mime-types@^2.1.35
312 silly packumentCache full:https://registry.npmmirror.com/mime-types cache-miss
313 http cache https://registry.npmmirror.com/@vscode%2fvsce-sign-win32-x64 84ms (cache hit)
314 silly packumentCache full:https://registry.npmmirror.com/@vscode%2fvsce-sign-win32-x64 set size:12154 disposed:false
315 silly fetch manifest combined-stream@^1.0.8
316 silly packumentCache full:https://registry.npmmirror.com/combined-stream cache-miss
317 http cache https://registry.npmmirror.com/@vscode%2fvsce-sign-win32-arm64 95ms (cache hit)
318 silly packumentCache full:https://registry.npmmirror.com/@vscode%2fvsce-sign-win32-arm64 set size:12272 disposed:false
319 silly fetch manifest es-set-tostringtag@^2.1.0
320 silly packumentCache full:https://registry.npmmirror.com/es-set-tostringtag cache-miss
321 http cache https://registry.npmmirror.com/@vscode%2fvsce-sign-linux-arm64 80ms (cache hit)
322 silly packumentCache full:https://registry.npmmirror.com/@vscode%2fvsce-sign-linux-arm64 set size:12278 disposed:false
323 silly fetch manifest minipass@^7.1.3
324 silly packumentCache full:https://registry.npmmirror.com/minipass cache-miss
325 http cache https://registry.npmmirror.com/@vscode%2fvsce-sign-alpine-x64 62ms (cache hit)
326 silly packumentCache full:https://registry.npmmirror.com/@vscode%2fvsce-sign-alpine-x64 set size:12222 disposed:false
327 silly fetch manifest path-scurry@^2.0.2
328 silly packumentCache full:https://registry.npmmirror.com/path-scurry cache-miss
329 http cache https://registry.npmmirror.com/tunnel 60ms (cache hit)
330 silly packumentCache full:https://registry.npmmirror.com/tunnel set size:15182 disposed:false
331 silly fetch manifest lru-cache@^6.0.0
332 silly packumentCache full:https://registry.npmmirror.com/lru-cache cache-miss
333 http cache https://registry.npmmirror.com/@vscode%2fvsce-sign-alpine-arm64 69ms (cache hit)
334 silly packumentCache full:https://registry.npmmirror.com/@vscode%2fvsce-sign-alpine-arm64 set size:12343 disposed:false
335 silly fetch manifest node-addon-api@^4.3.0
336 silly packumentCache full:https://registry.npmmirror.com/node-addon-api cache-miss
337 http cache https://registry.npmmirror.com/@vscode%2fvsce-sign-linux-x64 74ms (cache hit)
338 silly packumentCache full:https://registry.npmmirror.com/@vscode%2fvsce-sign-linux-x64 set size:12159 disposed:false
339 silly fetch manifest prebuild-install@^7.0.1
340 silly packumentCache full:https://registry.npmmirror.com/prebuild-install cache-miss
341 http cache https://registry.npmmirror.com/supports-color 59ms (cache hit)
342 silly packumentCache full:https://registry.npmmirror.com/supports-color set size:111603 disposed:false
343 silly fetch manifest argparse@^2.0.1
344 silly packumentCache full:https://registry.npmmirror.com/argparse cache-miss
345 http cache https://registry.npmmirror.com/dom-serializer 59ms (cache hit)
346 silly packumentCache full:https://registry.npmmirror.com/dom-serializer set size:49955 disposed:false
347 silly fetch manifest entities@^4.5.0
348 silly packumentCache full:https://registry.npmmirror.com/entities cache-miss
349 http cache https://registry.npmmirror.com/domutils 58ms (cache hit)
350 silly packumentCache full:https://registry.npmmirror.com/domutils set size:96582 disposed:false
351 silly fetch manifest linkify-it@^5.0.2
352 silly packumentCache full:https://registry.npmmirror.com/linkify-it cache-miss
353 http cache https://registry.npmmirror.com/encoding-sniffer 58ms (cache hit)
354 silly packumentCache full:https://registry.npmmirror.com/encoding-sniffer set size:34053 disposed:false
355 silly fetch manifest mdurl@^2.0.0
356 silly packumentCache full:https://registry.npmmirror.com/mdurl cache-miss
357 http cache https://registry.npmmirror.com/parse5 56ms (cache hit)
358 silly packumentCache full:https://registry.npmmirror.com/parse5 set size:121046 disposed:false
359 silly fetch manifest punycode.js@^2.3.1
360 silly packumentCache full:https://registry.npmmirror.com/punycode.js cache-miss
361 http cache https://registry.npmmirror.com/domhandler 63ms (cache hit)
362 silly packumentCache full:https://registry.npmmirror.com/domhandler set size:68770 disposed:false
363 silly fetch manifest uc.micro@^2.1.0
364 silly packumentCache full:https://registry.npmmirror.com/uc.micro cache-miss
365 http cache https://registry.npmmirror.com/cheerio-select 66ms (cache hit)
366 silly packumentCache full:https://registry.npmmirror.com/cheerio-select set size:30751 disposed:false
367 silly fetch manifest brace-expansion@^5.0.8
368 silly packumentCache full:https://registry.npmmirror.com/brace-expansion cache-miss
369 http cache https://registry.npmmirror.com/ansi-styles 71ms (cache hit)
370 silly packumentCache full:https://registry.npmmirror.com/ansi-styles set size:62178 disposed:false
371 silly fetch manifest semver@^5.1.0
372 silly packumentCache full:https://registry.npmmirror.com/semver cache-hit
373 silly fetch manifest mute-stream@~0.0.4
374 silly packumentCache full:https://registry.npmmirror.com/mute-stream cache-miss
375 http cache https://registry.npmmirror.com/parse5-htmlparser2-tree-adapter 57ms (cache hit)
376 silly packumentCache full:https://registry.npmmirror.com/parse5-htmlparser2-tree-adapter set size:20089 disposed:false
377 silly fetch manifest @secretlint/config-creator@^10.2.2
378 silly packumentCache full:https://registry.npmmirror.com/@secretlint%2fconfig-creator cache-miss
379 http cache https://registry.npmmirror.com/htmlparser2 68ms (cache hit)
380 silly packumentCache full:https://registry.npmmirror.com/htmlparser2 set size:163019 disposed:false
381 silly fetch manifest globby@^14.1.0
382 silly packumentCache full:https://registry.npmmirror.com/globby cache-miss
383 http cache https://registry.npmmirror.com/parse5-parser-stream 57ms (cache hit)
384 silly packumentCache full:https://registry.npmmirror.com/parse5-parser-stream set size:21690 disposed:false
385 silly fetch manifest read-pkg@^9.0.1
386 silly packumentCache full:https://registry.npmmirror.com/read-pkg cache-miss
387 http cache https://registry.npmmirror.com/whatwg-mimetype 49ms (cache hit)
388 silly packumentCache full:https://registry.npmmirror.com/whatwg-mimetype set size:25678 disposed:false
389 silly fetch manifest qs@^6.9.1
390 silly packumentCache full:https://registry.npmmirror.com/qs cache-miss
391 http cache https://registry.npmmirror.com/undici 53ms (cache hit)
392 silly packumentCache full:https://registry.npmmirror.com/undici set size:1473027 disposed:false
393 silly fetch manifest underscore@^1.12.1
394 silly packumentCache full:https://registry.npmmirror.com/underscore cache-miss
395 http cache https://registry.npmmirror.com/hasown 55ms (cache hit)
396 silly packumentCache full:https://registry.npmmirror.com/hasown set size:18994 disposed:false
397 silly fetch manifest sax@>=0.6.0
398 silly packumentCache full:https://registry.npmmirror.com/sax cache-miss
399 http cache https://registry.npmmirror.com/asynckit 54ms (cache hit)
400 silly packumentCache full:https://registry.npmmirror.com/asynckit set size:19053 disposed:false
401 silly fetch manifest xmlbuilder@~11.0.0
402 silly packumentCache full:https://registry.npmmirror.com/xmlbuilder cache-miss
403 http cache https://registry.npmmirror.com/lru-cache 43ms (cache hit)
404 silly packumentCache full:https://registry.npmmirror.com/lru-cache set size:457177 disposed:false
405 silly fetch manifest pend@~1.2.0
406 silly packumentCache full:https://registry.npmmirror.com/pend cache-miss
407 http cache https://registry.npmmirror.com/node-addon-api 45ms (cache hit)
408 silly packumentCache full:https://registry.npmmirror.com/node-addon-api set size:371531 disposed:false
409 silly fetch manifest buffer-crc32@~0.2.3
410 silly packumentCache full:https://registry.npmmirror.com/buffer-crc32 cache-miss
411 http cache https://registry.npmmirror.com/combined-stream 50ms (cache hit)
412 silly packumentCache full:https://registry.npmmirror.com/combined-stream set size:34345 disposed:false
413 http cache https://registry.npmmirror.com/es-set-tostringtag 50ms (cache hit)
414 silly packumentCache full:https://registry.npmmirror.com/es-set-tostringtag set size:22694 disposed:false
415 http cache https://registry.npmmirror.com/mime-types 53ms (cache hit)
416 silly packumentCache full:https://registry.npmmirror.com/mime-types set size:123243 disposed:false
417 http cache https://registry.npmmirror.com/path-scurry 50ms (cache hit)
418 silly packumentCache full:https://registry.npmmirror.com/path-scurry set size:121072 disposed:false
419 http cache https://registry.npmmirror.com/argparse 46ms (cache hit)
420 silly packumentCache full:https://registry.npmmirror.com/argparse set size:49160 disposed:false
421 http cache https://registry.npmmirror.com/prebuild-install 49ms (cache hit)
422 silly packumentCache full:https://registry.npmmirror.com/prebuild-install set size:148451 disposed:false
423 http cache https://registry.npmmirror.com/minipass 55ms (cache hit)
424 silly packumentCache full:https://registry.npmmirror.com/minipass set size:243422 disposed:false
425 http cache https://registry.npmmirror.com/mdurl 48ms (cache hit)
426 silly packumentCache full:https://registry.npmmirror.com/mdurl set size:11499 disposed:false
427 http cache https://registry.npmmirror.com/entities 50ms (cache hit)
428 silly packumentCache full:https://registry.npmmirror.com/entities set size:93842 disposed:false
429 http cache https://registry.npmmirror.com/linkify-it 50ms (cache hit)
430 silly packumentCache full:https://registry.npmmirror.com/linkify-it set size:65826 disposed:false
431 http cache https://registry.npmmirror.com/punycode.js 48ms (cache hit)
432 silly packumentCache full:https://registry.npmmirror.com/punycode.js set size:13692 disposed:false
433 http cache https://registry.npmmirror.com/uc.micro 47ms (cache hit)
434 silly packumentCache full:https://registry.npmmirror.com/uc.micro set size:18116 disposed:false
435 http cache https://registry.npmmirror.com/brace-expansion 47ms (cache hit)
436 silly packumentCache full:https://registry.npmmirror.com/brace-expansion set size:105104 disposed:false
437 http cache https://registry.npmmirror.com/@secretlint%2fconfig-creator 42ms (cache hit)
438 silly packumentCache full:https://registry.npmmirror.com/@secretlint%2fconfig-creator set size:325010 disposed:false
439 http cache https://registry.npmmirror.com/mute-stream 46ms (cache hit)
440 silly packumentCache full:https://registry.npmmirror.com/mute-stream set size:24061 disposed:false
441 http cache https://registry.npmmirror.com/globby 40ms (cache hit)
442 silly packumentCache full:https://registry.npmmirror.com/globby set size:153782 disposed:false
443 http cache https://registry.npmmirror.com/read-pkg 40ms (cache hit)
444 silly packumentCache full:https://registry.npmmirror.com/read-pkg set size:37499 disposed:false
445 http cache https://registry.npmmirror.com/qs 40ms (cache hit)
446 silly packumentCache full:https://registry.npmmirror.com/qs set size:343616 disposed:false
447 http cache https://registry.npmmirror.com/underscore 37ms (cache hit)
448 silly packumentCache full:https://registry.npmmirror.com/underscore set size:136956 disposed:false
449 http cache https://registry.npmmirror.com/sax 37ms (cache hit)
450 silly packumentCache full:https://registry.npmmirror.com/sax set size:94632 disposed:false
451 http cache https://registry.npmmirror.com/xmlbuilder 37ms (cache hit)
452 silly packumentCache full:https://registry.npmmirror.com/xmlbuilder set size:144663 disposed:false
453 http cache https://registry.npmmirror.com/pend 25ms (cache hit)
454 silly packumentCache full:https://registry.npmmirror.com/pend set size:8028 disposed:false
455 http cache https://registry.npmmirror.com/buffer-crc32 23ms (cache hit)
456 silly packumentCache full:https://registry.npmmirror.com/buffer-crc32 set size:46595 disposed:false
457 silly placeDep ROOT @azure/abort-controller@2.2.0 OK for: @azure/identity@4.13.1 want: ^2.0.0
458 silly placeDep ROOT @azure/core-auth@1.11.0 OK for: @azure/identity@4.13.1 want: ^1.9.0
459 silly placeDep ROOT @azure/core-client@1.11.0 OK for: @azure/identity@4.13.1 want: ^1.9.2
460 silly placeDep ROOT @azure/core-rest-pipeline@1.25.0 OK for: @azure/identity@4.13.1 want: ^1.17.0
461 silly placeDep ROOT @azure/core-tracing@1.4.0 OK for: @azure/identity@4.13.1 want: ^1.0.0
462 silly placeDep ROOT @azure/core-util@1.14.0 OK for: @azure/identity@4.13.1 want: ^1.11.0
463 silly placeDep ROOT @azure/logger@1.4.0 OK for: @azure/identity@4.13.1 want: ^1.0.0
464 silly placeDep ROOT @azure/msal-browser@5.18.0 OK for: @azure/identity@4.13.1 want: ^5.5.0
465 silly placeDep ROOT @azure/msal-node@5.5.0 OK for: @azure/identity@4.13.1 want: ^5.1.0
466 silly placeDep ROOT open@10.2.0 OK for: @azure/identity@4.13.1 want: ^10.1.0
467 silly placeDep ROOT tslib@2.8.1 OK for: @azure/identity@4.13.1 want: ^2.2.0
468 silly fetch manifest tslib@^2.6.2
469 silly packumentCache full:https://registry.npmmirror.com/tslib cache-hit
470 silly fetch manifest @azure/core-util@^1.13.0
471 silly packumentCache full:https://registry.npmmirror.com/@azure%2fcore-util cache-miss
472 silly fetch manifest tslib@^2.6.2
473 silly packumentCache full:https://registry.npmmirror.com/tslib cache-hit
474 silly fetch manifest @azure/core-rest-pipeline@^1.22.0
475 silly packumentCache full:https://registry.npmmirror.com/@azure%2fcore-rest-pipeline cache-miss
476 silly fetch manifest @azure/core-tracing@^1.3.0
477 silly packumentCache full:https://registry.npmmirror.com/@azure%2fcore-tracing cache-miss
478 silly fetch manifest @azure/core-util@^1.13.0
479 silly packumentCache full:https://registry.npmmirror.com/@azure%2fcore-util cache-miss
480 silly fetch manifest @azure/logger@^1.3.0
481 silly packumentCache full:https://registry.npmmirror.com/@azure%2flogger cache-miss
482 silly fetch manifest tslib@^2.6.2
483 silly packumentCache full:https://registry.npmmirror.com/tslib cache-hit
484 silly fetch manifest @azure/core-tracing@^1.3.0
485 silly packumentCache full:https://registry.npmmirror.com/@azure%2fcore-tracing cache-miss
486 silly fetch manifest @azure/core-util@^1.13.0
487 silly packumentCache full:https://registry.npmmirror.com/@azure%2fcore-util cache-miss
488 silly fetch manifest @azure/logger@^1.3.0
489 silly packumentCache full:https://registry.npmmirror.com/@azure%2flogger cache-miss
490 silly fetch manifest @typespec/ts-http-runtime@^0.3.4
491 silly packumentCache full:https://registry.npmmirror.com/@typespec%2fts-http-runtime cache-miss
492 silly fetch manifest tslib@^2.6.2
493 silly packumentCache full:https://registry.npmmirror.com/tslib cache-hit
494 silly fetch manifest tslib@^2.6.2
495 silly packumentCache full:https://registry.npmmirror.com/tslib cache-hit
496 silly fetch manifest @typespec/ts-http-runtime@^0.3.0
497 silly packumentCache full:https://registry.npmmirror.com/@typespec%2fts-http-runtime cache-miss
498 silly fetch manifest tslib@^2.6.2
499 silly packumentCache full:https://registry.npmmirror.com/tslib cache-hit
500 silly fetch manifest @typespec/ts-http-runtime@^0.3.0
501 silly packumentCache full:https://registry.npmmirror.com/@typespec%2fts-http-runtime cache-miss
502 silly fetch manifest tslib@^2.6.2
503 silly packumentCache full:https://registry.npmmirror.com/tslib cache-hit
504 silly fetch manifest @azure/msal-common@16.12.0
505 silly packumentCache full:https://registry.npmmirror.com/@azure%2fmsal-common cache-miss
506 silly fetch manifest jsonwebtoken@^9.0.0
507 silly packumentCache full:https://registry.npmmirror.com/jsonwebtoken cache-miss
508 silly fetch manifest @azure/msal-common@16.12.0
509 silly packumentCache full:https://registry.npmmirror.com/@azure%2fmsal-common cache-miss
510 silly fetch manifest default-browser@^5.2.1
511 silly packumentCache full:https://registry.npmmirror.com/default-browser cache-miss
512 silly fetch manifest define-lazy-prop@^3.0.0
513 silly packumentCache full:https://registry.npmmirror.com/define-lazy-prop cache-miss
514 silly fetch manifest is-inside-container@^1.0.0
515 silly packumentCache full:https://registry.npmmirror.com/is-inside-container cache-miss
516 silly fetch manifest wsl-utils@^0.1.0
517 silly packumentCache full:https://registry.npmmirror.com/wsl-utils cache-miss
518 http cache https://registry.npmmirror.com/@azure%2fcore-util 22ms (cache hit)
519 silly packumentCache full:https://registry.npmmirror.com/@azure%2fcore-util set size:2313605 disposed:false
520 http cache https://registry.npmmirror.com/@azure%2fcore-rest-pipeline 31ms (cache hit)
521 silly packumentCache full:https://registry.npmmirror.com/@azure%2fcore-rest-pipeline set size:3189425 disposed:false
522 http cache https://registry.npmmirror.com/@azure%2fmsal-common 37ms (cache hit)
523 silly packumentCache full:https://registry.npmmirror.com/@azure%2fmsal-common set size:689764 disposed:false
524 http cache https://registry.npmmirror.com/@azure%2fcore-tracing 42ms (cache hit)
525 silly packumentCache full:https://registry.npmmirror.com/@azure%2fcore-tracing set size:2681312 disposed:false
526 http cache https://registry.npmmirror.com/@azure%2fmsal-common 46ms (cache hit)
527 silly packumentCache full:https://registry.npmmirror.com/@azure%2fmsal-common set size:689764 disposed:false
528 silly packumentCache full:https://registry.npmmirror.com/@azure%2fmsal-common dispose
529 http cache https://registry.npmmirror.com/@azure%2fcore-tracing 50ms (cache hit)
530 silly packumentCache full:https://registry.npmmirror.com/@azure%2fcore-tracing set size:2681312 disposed:false
531 http cache https://registry.npmmirror.com/@azure%2flogger 57ms (cache hit)
532 silly packumentCache full:https://registry.npmmirror.com/@azure%2flogger set size:2323517 disposed:false
533 http cache https://registry.npmmirror.com/jsonwebtoken 60ms (cache hit)
534 silly packumentCache full:https://registry.npmmirror.com/jsonwebtoken set size:169989 disposed:false
535 http cache https://registry.npmmirror.com/is-inside-container 59ms (cache hit)
536 silly packumentCache full:https://registry.npmmirror.com/is-inside-container set size:4547 disposed:false
537 http cache https://registry.npmmirror.com/@azure%2fcore-util 64ms (cache hit)
538 silly packumentCache full:https://registry.npmmirror.com/@azure%2fcore-util set size:2313605 disposed:false
539 http cache https://registry.npmmirror.com/@typespec%2fts-http-runtime 68ms (cache hit)
540 silly packumentCache full:https://registry.npmmirror.com/@typespec%2fts-http-runtime set size:2237581 disposed:false
541 http cache https://registry.npmmirror.com/@azure%2flogger 76ms (cache hit)
542 silly packumentCache full:https://registry.npmmirror.com/@azure%2flogger set size:2323517 disposed:false
543 http cache https://registry.npmmirror.com/@azure%2fcore-util 86ms (cache hit)
544 silly packumentCache full:https://registry.npmmirror.com/@azure%2fcore-util set size:2313605 disposed:false
545 http cache https://registry.npmmirror.com/default-browser 89ms (cache hit)
546 silly packumentCache full:https://registry.npmmirror.com/default-browser set size:31505 disposed:false
547 http cache https://registry.npmmirror.com/@typespec%2fts-http-runtime 91ms (cache hit)
548 silly packumentCache full:https://registry.npmmirror.com/@typespec%2fts-http-runtime set size:2237581 disposed:false
549 http cache https://registry.npmmirror.com/define-lazy-prop 95ms (cache hit)
550 silly packumentCache full:https://registry.npmmirror.com/define-lazy-prop set size:7395 disposed:false
551 http cache https://registry.npmmirror.com/wsl-utils 94ms (cache hit)
552 silly packumentCache full:https://registry.npmmirror.com/wsl-utils set size:17954 disposed:false
553 http cache https://registry.npmmirror.com/@typespec%2fts-http-runtime 99ms (cache hit)
554 silly packumentCache full:https://registry.npmmirror.com/@typespec%2fts-http-runtime set size:2237581 disposed:false
555 silly placeDep ROOT @typespec/ts-http-runtime@0.3.8 OK for: @azure/core-rest-pipeline@1.25.0 want: ^0.3.4
556 silly fetch manifest http-proxy-agent@^7.0.0
557 silly packumentCache full:https://registry.npmmirror.com/http-proxy-agent cache-miss
558 silly fetch manifest https-proxy-agent@^7.0.0
559 silly packumentCache full:https://registry.npmmirror.com/https-proxy-agent cache-miss
560 http cache https://registry.npmmirror.com/http-proxy-agent 3ms (cache hit)
561 silly packumentCache full:https://registry.npmmirror.com/http-proxy-agent set size:54650 disposed:false
562 http cache https://registry.npmmirror.com/https-proxy-agent 3ms (cache hit)
563 silly packumentCache full:https://registry.npmmirror.com/https-proxy-agent set size:78674 disposed:false
564 silly placeDep ROOT @azure/msal-common@16.12.0 OK for: @azure/msal-browser@5.18.0 want: 16.12.0
565 silly placeDep ROOT jsonwebtoken@9.0.3 OK for: @azure/msal-node@5.5.0 want: ^9.0.0
566 silly fetch manifest jws@^4.0.1
567 silly packumentCache full:https://registry.npmmirror.com/jws cache-miss
568 silly fetch manifest lodash.includes@^4.3.0
569 silly packumentCache full:https://registry.npmmirror.com/lodash.includes cache-miss
570 silly fetch manifest lodash.isboolean@^3.0.3
571 silly packumentCache full:https://registry.npmmirror.com/lodash.isboolean cache-miss
572 silly fetch manifest lodash.isinteger@^4.0.4
573 silly packumentCache full:https://registry.npmmirror.com/lodash.isinteger cache-miss
574 silly fetch manifest lodash.isnumber@^3.0.3
575 silly packumentCache full:https://registry.npmmirror.com/lodash.isnumber cache-miss
576 silly fetch manifest lodash.isplainobject@^4.0.6
577 silly packumentCache full:https://registry.npmmirror.com/lodash.isplainobject cache-miss
578 silly fetch manifest lodash.isstring@^4.0.1
579 silly packumentCache full:https://registry.npmmirror.com/lodash.isstring cache-miss
580 silly fetch manifest lodash.once@^4.0.0
581 silly packumentCache full:https://registry.npmmirror.com/lodash.once cache-miss
582 silly fetch manifest ms@^2.1.1
583 silly packumentCache full:https://registry.npmmirror.com/ms cache-miss
584 http cache https://registry.npmmirror.com/lodash.isplainobject 7ms (cache hit)
585 silly packumentCache full:https://registry.npmmirror.com/lodash.isplainobject set size:38882 disposed:false
586 http cache https://registry.npmmirror.com/lodash.isboolean 8ms (cache hit)
587 silly packumentCache full:https://registry.npmmirror.com/lodash.isboolean set size:21750 disposed:false
588 http cache https://registry.npmmirror.com/jws 8ms (cache hit)
589 silly packumentCache full:https://registry.npmmirror.com/jws set size:43486 disposed:false
590 http cache https://registry.npmmirror.com/lodash.includes 9ms (cache hit)
591 silly packumentCache full:https://registry.npmmirror.com/lodash.includes set size:27741 disposed:false
592 http cache https://registry.npmmirror.com/lodash.isinteger 10ms (cache hit)
593 silly packumentCache full:https://registry.npmmirror.com/lodash.isinteger set size:10382 disposed:false
594 http cache https://registry.npmmirror.com/lodash.isnumber 10ms (cache hit)
595 silly packumentCache full:https://registry.npmmirror.com/lodash.isnumber set size:21681 disposed:false
596 http cache https://registry.npmmirror.com/lodash.once 10ms (cache hit)
597 silly packumentCache full:https://registry.npmmirror.com/lodash.once set size:23730 disposed:false
598 http cache https://registry.npmmirror.com/ms 10ms (cache hit)
599 silly packumentCache full:https://registry.npmmirror.com/ms set size:126047 disposed:false
600 http cache https://registry.npmmirror.com/lodash.isstring 12ms (cache hit)
601 silly packumentCache full:https://registry.npmmirror.com/lodash.isstring set size:21681 disposed:false
602 silly placeDep ROOT @secretlint/config-loader@10.2.2 OK for: @secretlint/node@10.2.2 want: ^10.2.2
603 silly placeDep ROOT @secretlint/core@10.2.2 OK for: @secretlint/node@10.2.2 want: ^10.2.2
604 silly placeDep ROOT @secretlint/formatter@10.2.2 OK for: @secretlint/node@10.2.2 want: ^10.2.2
605 silly placeDep ROOT @secretlint/profiler@10.2.2 OK for: @secretlint/node@10.2.2 want: ^10.2.2
606 silly placeDep ROOT @secretlint/source-creator@10.2.2 OK for: @secretlint/node@10.2.2 want: ^10.2.2
607 silly placeDep ROOT @secretlint/types@10.2.2 OK for: @secretlint/node@10.2.2 want: ^10.2.2
608 silly placeDep ROOT debug@4.4.3 OK for: @secretlint/node@10.2.2 want: ^4.4.1
609 silly placeDep ROOT p-map@7.0.6 OK for: @secretlint/node@10.2.2 want: ^7.0.3
610 silly fetch manifest @secretlint/resolver@^10.2.2
611 silly packumentCache full:https://registry.npmmirror.com/@secretlint%2fresolver cache-miss
612 silly fetch manifest ajv@^8.17.1
613 silly packumentCache full:https://registry.npmmirror.com/ajv cache-miss
614 silly fetch manifest rc-config-loader@^4.1.3
615 silly packumentCache full:https://registry.npmmirror.com/rc-config-loader cache-miss
616 silly fetch manifest structured-source@^4.0.0
617 silly packumentCache full:https://registry.npmmirror.com/structured-source cache-miss
618 silly fetch manifest @secretlint/resolver@^10.2.2
619 silly packumentCache full:https://registry.npmmirror.com/@secretlint%2fresolver cache-miss
620 silly fetch manifest @textlint/linter-formatter@^15.2.0
621 silly packumentCache full:https://registry.npmmirror.com/@textlint%2flinter-formatter cache-miss
622 silly fetch manifest @textlint/module-interop@^15.2.0
623 silly packumentCache full:https://registry.npmmirror.com/@textlint%2fmodule-interop cache-miss
624 silly fetch manifest @textlint/types@^15.2.0
625 silly packumentCache full:https://registry.npmmirror.com/@textlint%2ftypes cache-miss
626 silly fetch manifest chalk@^5.4.1
627 silly packumentCache full:https://registry.npmmirror.com/chalk cache-hit
628 silly fetch manifest pluralize@^8.0.0
629 silly packumentCache full:https://registry.npmmirror.com/pluralize cache-miss
630 silly fetch manifest strip-ansi@^7.1.0
631 silly packumentCache full:https://registry.npmmirror.com/strip-ansi cache-miss
632 silly fetch manifest table@^6.9.0
633 silly packumentCache full:https://registry.npmmirror.com/table cache-miss
634 silly fetch manifest terminal-link@^4.0.0
635 silly packumentCache full:https://registry.npmmirror.com/terminal-link cache-miss
636 silly fetch manifest istextorbinary@^9.5.0
637 silly packumentCache full:https://registry.npmmirror.com/istextorbinary cache-miss
638 silly fetch manifest ms@^2.1.3
639 silly packumentCache full:https://registry.npmmirror.com/ms cache-hit
640 http cache https://registry.npmmirror.com/structured-source 10ms (cache hit)
641 silly packumentCache full:https://registry.npmmirror.com/structured-source set size:11721 disposed:false
642 http cache https://registry.npmmirror.com/@secretlint%2fresolver 12ms (cache hit)
643 silly packumentCache full:https://registry.npmmirror.com/@secretlint%2fresolver set size:125523 disposed:false
644 http cache https://registry.npmmirror.com/pluralize 11ms (cache hit)
645 silly packumentCache full:https://registry.npmmirror.com/pluralize set size:54027 disposed:false
646 http cache https://registry.npmmirror.com/@textlint%2flinter-formatter 12ms (cache hit)
647 silly packumentCache full:https://registry.npmmirror.com/@textlint%2flinter-formatter set size:319138 disposed:false
648 http cache https://registry.npmmirror.com/table 13ms (cache hit)
649 silly packumentCache full:https://registry.npmmirror.com/table set size:253731 disposed:false
650 http cache https://registry.npmmirror.com/ajv 15ms (cache hit)
651 silly packumentCache full:https://registry.npmmirror.com/ajv set size:1059632 disposed:false
652 http cache https://registry.npmmirror.com/rc-config-loader 18ms (cache hit)
653 silly packumentCache full:https://registry.npmmirror.com/rc-config-loader set size:44042 disposed:false
654 http cache https://registry.npmmirror.com/@textlint%2ftypes 19ms (cache hit)
655 silly packumentCache full:https://registry.npmmirror.com/@textlint%2ftypes set size:263591 disposed:false
656 http cache https://registry.npmmirror.com/strip-ansi 20ms (cache hit)
657 silly packumentCache full:https://registry.npmmirror.com/strip-ansi set size:39163 disposed:false
658 http cache https://registry.npmmirror.com/@secretlint%2fresolver 20ms (cache hit)
659 silly packumentCache full:https://registry.npmmirror.com/@secretlint%2fresolver set size:125523 disposed:false
660 silly packumentCache full:https://registry.npmmirror.com/@secretlint%2fresolver dispose
661 http cache https://registry.npmmirror.com/istextorbinary 21ms (cache hit)
662 silly packumentCache full:https://registry.npmmirror.com/istextorbinary set size:909894 disposed:false
663 http cache https://registry.npmmirror.com/@textlint%2fmodule-interop 24ms (cache hit)
664 silly packumentCache full:https://registry.npmmirror.com/@textlint%2fmodule-interop set size:236685 disposed:false
665 http cache https://registry.npmmirror.com/terminal-link 28ms (cache hit)
666 silly packumentCache full:https://registry.npmmirror.com/terminal-link set size:20081 disposed:false
667 silly placeDep ROOT @secretlint/resolver@10.2.2 OK for: @secretlint/config-loader@10.2.2 want: ^10.2.2
668 silly placeDep ROOT ajv@8.20.0 OK for: @secretlint/config-loader@10.2.2 want: ^8.17.1
669 silly placeDep ROOT rc-config-loader@4.1.4 OK for: @secretlint/config-loader@10.2.2 want: ^4.1.3
670 silly fetch manifest fast-deep-equal@^3.1.3
671 silly packumentCache full:https://registry.npmmirror.com/fast-deep-equal cache-miss
672 silly fetch manifest fast-uri@^3.0.1
673 silly packumentCache full:https://registry.npmmirror.com/fast-uri cache-miss
674 silly fetch manifest json-schema-traverse@^1.0.0
675 silly packumentCache full:https://registry.npmmirror.com/json-schema-traverse cache-miss
676 silly fetch manifest require-from-string@^2.0.2
677 silly packumentCache full:https://registry.npmmirror.com/require-from-string cache-miss
678 silly fetch manifest js-yaml@^4.1.1
679 silly packumentCache full:https://registry.npmmirror.com/js-yaml cache-miss
680 silly fetch manifest json5@^2.2.3
681 silly packumentCache full:https://registry.npmmirror.com/json5 cache-miss
682 silly fetch manifest require-from-string@^2.0.2
683 silly packumentCache full:https://registry.npmmirror.com/require-from-string cache-miss
684 http cache https://registry.npmmirror.com/fast-deep-equal 6ms (cache hit)
685 silly packumentCache full:https://registry.npmmirror.com/fast-deep-equal set size:31334 disposed:false
686 http cache https://registry.npmmirror.com/require-from-string 6ms (cache hit)
687 silly packumentCache full:https://registry.npmmirror.com/require-from-string set size:14946 disposed:false
688 http cache https://registry.npmmirror.com/fast-uri 6ms (cache hit)
689 silly packumentCache full:https://registry.npmmirror.com/fast-uri set size:106799 disposed:false
690 http cache https://registry.npmmirror.com/json5 7ms (cache hit)
691 silly packumentCache full:https://registry.npmmirror.com/json5 set size:78995 disposed:false
692 http cache https://registry.npmmirror.com/require-from-string 8ms (cache hit)
693 silly packumentCache full:https://registry.npmmirror.com/require-from-string set size:14946 disposed:false
694 silly packumentCache full:https://registry.npmmirror.com/require-from-string dispose
695 http cache https://registry.npmmirror.com/json-schema-traverse 8ms (cache hit)
696 silly packumentCache full:https://registry.npmmirror.com/json-schema-traverse set size:19581 disposed:false
697 http cache https://registry.npmmirror.com/js-yaml 9ms (cache hit)
698 silly packumentCache full:https://registry.npmmirror.com/js-yaml set size:175466 disposed:false
699 silly placeDep ROOT structured-source@4.0.0 OK for: @secretlint/core@10.2.2 want: ^4.0.0
700 silly fetch manifest boundary@^2.0.0
701 silly packumentCache full:https://registry.npmmirror.com/boundary cache-miss
702 http cache https://registry.npmmirror.com/boundary 3ms (cache hit)
703 silly packumentCache full:https://registry.npmmirror.com/boundary set size:8382 disposed:false
704 silly placeDep ROOT @textlint/linter-formatter@15.8.0 OK for: @secretlint/formatter@10.2.2 want: ^15.2.0
705 silly placeDep ROOT @textlint/module-interop@15.8.0 OK for: @secretlint/formatter@10.2.2 want: ^15.2.0
706 silly placeDep ROOT @textlint/types@15.8.0 OK for: @secretlint/formatter@10.2.2 want: ^15.2.0
707 silly placeDep node_modules/@secretlint/formatter chalk@5.6.2 OK for: @secretlint/formatter@10.2.2 want: ^5.4.1
708 silly placeDep ROOT pluralize@8.0.0 OK for: @secretlint/formatter@10.2.2 want: ^8.0.0
709 silly placeDep ROOT strip-ansi@7.2.0 OK for: @secretlint/formatter@10.2.2 want: ^7.1.0
710 silly placeDep ROOT table@6.9.0 OK for: @secretlint/formatter@10.2.2 want: ^6.9.0
711 silly placeDep ROOT terminal-link@4.0.0 OK for: @secretlint/formatter@10.2.2 want: ^4.0.0
712 silly fetch manifest lodash@^4.18.1
713 silly packumentCache full:https://registry.npmmirror.com/lodash cache-miss
714 silly fetch manifest js-yaml@^4.3.0
715 silly packumentCache full:https://registry.npmmirror.com/js-yaml cache-hit
716 silly fetch manifest pluralize@^2.0.0
717 silly packumentCache full:https://registry.npmmirror.com/pluralize cache-hit
718 silly fetch manifest strip-ansi@^6.0.1
719 silly packumentCache full:https://registry.npmmirror.com/strip-ansi cache-hit
720 silly fetch manifest text-table@^0.2.0
721 silly packumentCache full:https://registry.npmmirror.com/text-table cache-miss
722 silly fetch manifest string-width@^4.2.3
723 silly packumentCache full:https://registry.npmmirror.com/string-width cache-miss
724 silly fetch manifest @textlint/types@15.8.0
725 silly packumentCache full:https://registry.npmmirror.com/@textlint%2ftypes cache-hit
726 silly fetch manifest @azu/format-text@^1.0.2
727 silly packumentCache full:https://registry.npmmirror.com/@azu%2fformat-text cache-miss
728 silly fetch manifest @azu/style-format@^1.0.1
729 silly packumentCache full:https://registry.npmmirror.com/@azu%2fstyle-format cache-miss
730 silly fetch manifest @textlint/resolver@15.8.0
731 silly packumentCache full:https://registry.npmmirror.com/@textlint%2fresolver cache-miss
732 silly fetch manifest @textlint/module-interop@15.8.0
733 silly packumentCache full:https://registry.npmmirror.com/@textlint%2fmodule-interop cache-hit
734 silly fetch manifest @textlint/ast-node-types@15.8.0
735 silly packumentCache full:https://registry.npmmirror.com/@textlint%2fast-node-types cache-miss
736 silly fetch manifest ansi-regex@^6.2.2
737 silly packumentCache full:https://registry.npmmirror.com/ansi-regex cache-miss
738 silly fetch manifest lodash.truncate@^4.4.2
739 silly packumentCache full:https://registry.npmmirror.com/lodash.truncate cache-miss
740 silly fetch manifest slice-ansi@^4.0.0
741 silly packumentCache full:https://registry.npmmirror.com/slice-ansi cache-miss
742 silly fetch manifest string-width@^4.2.3
743 silly packumentCache full:https://registry.npmmirror.com/string-width cache-miss
744 silly fetch manifest strip-ansi@^6.0.1
745 silly packumentCache full:https://registry.npmmirror.com/strip-ansi cache-hit
746 silly fetch manifest ansi-escapes@^7.0.0
747 silly packumentCache full:https://registry.npmmirror.com/ansi-escapes cache-miss
748 silly fetch manifest supports-hyperlinks@^3.2.0
749 silly packumentCache full:https://registry.npmmirror.com/supports-hyperlinks cache-miss
750 http cache https://registry.npmmirror.com/@azu%2fformat-text 11ms (cache hit)
751 silly packumentCache full:https://registry.npmmirror.com/@azu%2fformat-text set size:5049 disposed:false
752 http cache https://registry.npmmirror.com/string-width 12ms (cache hit)
753 silly packumentCache full:https://registry.npmmirror.com/string-width set size:64604 disposed:false
754 http cache https://registry.npmmirror.com/lodash 14ms (cache hit)
755 silly packumentCache full:https://registry.npmmirror.com/lodash set size:209137 disposed:false
756 http cache https://registry.npmmirror.com/ansi-regex 13ms (cache hit)
757 silly packumentCache full:https://registry.npmmirror.com/ansi-regex set size:42393 disposed:false
758 http cache https://registry.npmmirror.com/text-table 14ms (cache hit)
759 silly packumentCache full:https://registry.npmmirror.com/text-table set size:9306 disposed:false
760 http cache https://registry.npmmirror.com/@azu%2fstyle-format 13ms (cache hit)
761 silly packumentCache full:https://registry.npmmirror.com/@azu%2fstyle-format set size:6574 disposed:false
762 http cache https://registry.npmmirror.com/lodash.truncate 13ms (cache hit)
763 silly packumentCache full:https://registry.npmmirror.com/lodash.truncate set size:22409 disposed:false
764 http cache https://registry.npmmirror.com/@textlint%2fast-node-types 14ms (cache hit)
765 silly packumentCache full:https://registry.npmmirror.com/@textlint%2fast-node-types set size:217290 disposed:false
766 http cache https://registry.npmmirror.com/slice-ansi 15ms (cache hit)
767 silly packumentCache full:https://registry.npmmirror.com/slice-ansi set size:32186 disposed:false
768 http cache https://registry.npmmirror.com/string-width 16ms (cache hit)
769 silly packumentCache full:https://registry.npmmirror.com/string-width set size:64604 disposed:false
770 silly packumentCache full:https://registry.npmmirror.com/string-width dispose
771 http cache https://registry.npmmirror.com/supports-hyperlinks 16ms (cache hit)
772 silly packumentCache full:https://registry.npmmirror.com/supports-hyperlinks set size:36811 disposed:false
773 http cache https://registry.npmmirror.com/ansi-escapes 17ms (cache hit)
774 silly packumentCache full:https://registry.npmmirror.com/ansi-escapes set size:61916 disposed:false
775 http cache https://registry.npmmirror.com/@textlint%2fresolver 17ms (cache hit)
776 silly packumentCache full:https://registry.npmmirror.com/@textlint%2fresolver set size:80402 disposed:false
777 silly placeDep ROOT node-sarif-builder@3.4.0 OK for: @secretlint/secretlint-formatter-sarif@10.2.2 want: ^3.2.0
778 silly fetch manifest @types/sarif@^2.1.7
779 silly packumentCache full:https://registry.npmmirror.com/@types%2fsarif cache-miss
780 silly fetch manifest fs-extra@^11.1.1
781 silly packumentCache full:https://registry.npmmirror.com/fs-extra cache-miss
782 http cache https://registry.npmmirror.com/@types%2fsarif 6ms (cache hit)
783 silly packumentCache full:https://registry.npmmirror.com/@types%2fsarif set size:21843 disposed:false
784 http cache https://registry.npmmirror.com/fs-extra 6ms (cache hit)
785 silly packumentCache full:https://registry.npmmirror.com/fs-extra set size:225593 disposed:false
786 silly placeDep ROOT istextorbinary@9.5.0 OK for: @secretlint/source-creator@10.2.2 want: ^9.5.0
787 silly fetch manifest binaryextensions@^6.11.0
788 silly packumentCache full:https://registry.npmmirror.com/binaryextensions cache-miss
789 silly fetch manifest editions@^6.21.0
790 silly packumentCache full:https://registry.npmmirror.com/editions cache-miss
791 silly fetch manifest textextensions@^6.11.0
792 silly packumentCache full:https://registry.npmmirror.com/textextensions cache-miss
793 http cache https://registry.npmmirror.com/editions 4ms (cache hit)
794 silly packumentCache full:https://registry.npmmirror.com/editions set size:914954 disposed:false
795 http cache https://registry.npmmirror.com/binaryextensions 7ms (cache hit)
796 silly packumentCache full:https://registry.npmmirror.com/binaryextensions set size:828402 disposed:false
797 http cache https://registry.npmmirror.com/textextensions 10ms (cache hit)
798 silly packumentCache full:https://registry.npmmirror.com/textextensions set size:888801 disposed:false
799 silly placeDep ROOT @azu/format-text@1.0.2 OK for: @textlint/linter-formatter@15.8.0 want: ^1.0.2
800 silly placeDep ROOT @azu/style-format@1.0.1 OK for: @textlint/linter-formatter@15.8.0 want: ^1.0.1
801 silly placeDep ROOT @textlint/resolver@15.8.0 OK for: @textlint/linter-formatter@15.8.0 want: 15.8.0
802 silly placeDep ROOT js-yaml@4.3.1 OK for: @textlint/linter-formatter@15.8.0 want: ^4.3.0
803 silly placeDep ROOT lodash@4.18.1 OK for: @textlint/linter-formatter@15.8.0 want: ^4.18.1
804 silly placeDep node_modules/@textlint/linter-formatter pluralize@2.0.0 OK for: @textlint/linter-formatter@15.8.0 want: ^2.0.0
805 silly placeDep ROOT string-width@4.2.3 OK for: @textlint/linter-formatter@15.8.0 want: ^4.2.3
806 silly placeDep node_modules/@textlint/linter-formatter strip-ansi@6.0.1 OK for: @textlint/linter-formatter@15.8.0 want: ^6.0.1
807 silly placeDep ROOT text-table@0.2.0 OK for: @textlint/linter-formatter@15.8.0 want: ^0.2.0
808 silly fetch manifest emoji-regex@^8.0.0
809 silly packumentCache full:https://registry.npmmirror.com/emoji-regex cache-miss
810 silly fetch manifest is-fullwidth-code-point@^3.0.0
811 silly packumentCache full:https://registry.npmmirror.com/is-fullwidth-code-point cache-miss
812 silly fetch manifest ansi-regex@^5.0.1
813 silly packumentCache full:https://registry.npmmirror.com/ansi-regex cache-hit
814 http cache https://registry.npmmirror.com/emoji-regex 4ms (cache hit)
815 silly packumentCache full:https://registry.npmmirror.com/emoji-regex set size:78767 disposed:false
816 http cache https://registry.npmmirror.com/is-fullwidth-code-point 4ms (cache hit)
817 silly packumentCache full:https://registry.npmmirror.com/is-fullwidth-code-point set size:12890 disposed:false
818 silly placeDep ROOT @textlint/ast-node-types@15.8.0 OK for: @textlint/types@15.8.0 want: 15.8.0
819 silly placeDep ROOT http-proxy-agent@7.0.2 OK for: @typespec/ts-http-runtime@0.3.8 want: ^7.0.0
820 silly placeDep ROOT https-proxy-agent@7.0.6 OK for: @typespec/ts-http-runtime@0.3.8 want: ^7.0.0
821 silly fetch manifest agent-base@^7.1.0
822 silly packumentCache full:https://registry.npmmirror.com/agent-base cache-miss
823 silly fetch manifest agent-base@^7.1.2
824 silly packumentCache full:https://registry.npmmirror.com/agent-base cache-miss
825 http cache https://registry.npmmirror.com/agent-base 2ms (cache hit)
826 silly packumentCache full:https://registry.npmmirror.com/agent-base set size:65554 disposed:false
827 http cache https://registry.npmmirror.com/agent-base 4ms (cache hit)
828 silly packumentCache full:https://registry.npmmirror.com/agent-base set size:65554 disposed:false
829 silly packumentCache full:https://registry.npmmirror.com/agent-base dispose
830 silly placeDep ROOT @vscode/vsce-sign-alpine-arm64@2.0.6 OK for: @vscode/vsce-sign@2.0.9 want: 2.0.6
831 silly placeDep ROOT @vscode/vsce-sign-alpine-x64@2.0.6 OK for: @vscode/vsce-sign@2.0.9 want: 2.0.6
832 silly placeDep ROOT @vscode/vsce-sign-darwin-arm64@2.0.6 OK for: @vscode/vsce-sign@2.0.9 want: 2.0.6
833 silly placeDep ROOT @vscode/vsce-sign-darwin-x64@2.0.6 OK for: @vscode/vsce-sign@2.0.9 want: 2.0.6
834 silly placeDep ROOT @vscode/vsce-sign-linux-arm@2.0.6 OK for: @vscode/vsce-sign@2.0.9 want: 2.0.6
835 silly placeDep ROOT @vscode/vsce-sign-linux-arm64@2.0.6 OK for: @vscode/vsce-sign@2.0.9 want: 2.0.6
836 silly placeDep ROOT @vscode/vsce-sign-linux-x64@2.0.6 OK for: @vscode/vsce-sign@2.0.9 want: 2.0.6
837 silly placeDep ROOT @vscode/vsce-sign-win32-arm64@2.0.6 OK for: @vscode/vsce-sign@2.0.9 want: 2.0.6
838 silly placeDep ROOT @vscode/vsce-sign-win32-x64@2.0.6 OK for: @vscode/vsce-sign@2.0.9 want: 2.0.6
839 silly placeDep ROOT fast-deep-equal@3.1.3 OK for: ajv@8.20.0 want: ^3.1.3
840 silly placeDep ROOT fast-uri@3.1.5 OK for: ajv@8.20.0 want: ^3.0.1
841 silly placeDep ROOT json-schema-traverse@1.0.0 OK for: ajv@8.20.0 want: ^1.0.0
842 silly placeDep ROOT require-from-string@2.0.2 OK for: ajv@8.20.0 want: ^2.0.2
843 silly placeDep ROOT tunnel@0.0.6 OK for: azure-devops-node-api@12.5.0 want: 0.0.6
844 silly placeDep ROOT ansi-styles@4.3.0 OK for: chalk@4.1.2 want: ^4.1.0
845 silly placeDep ROOT supports-color@7.2.0 OK for: chalk@4.1.2 want: ^7.1.0
846 silly fetch manifest color-convert@^2.0.1
847 silly packumentCache full:https://registry.npmmirror.com/color-convert cache-miss
848 silly fetch manifest has-flag@^4.0.0
849 silly packumentCache full:https://registry.npmmirror.com/has-flag cache-miss
850 http cache https://registry.npmmirror.com/color-convert 2ms (cache hit)
851 silly packumentCache full:https://registry.npmmirror.com/color-convert set size:68349 disposed:false
852 http cache https://registry.npmmirror.com/has-flag 3ms (cache hit)
853 silly packumentCache full:https://registry.npmmirror.com/has-flag set size:12133 disposed:false
854 silly placeDep ROOT color-convert@2.0.1 OK for: ansi-styles@4.3.0 want: ^2.0.1
855 silly fetch manifest color-name@~1.1.4
856 silly packumentCache full:https://registry.npmmirror.com/color-name cache-miss
857 http cache https://registry.npmmirror.com/color-name 3ms (cache hit)
858 silly packumentCache full:https://registry.npmmirror.com/color-name set size:20338 disposed:false
859 silly placeDep ROOT cheerio-select@2.1.0 OK for: cheerio@1.2.0 want: ^2.1.0
860 silly placeDep ROOT dom-serializer@2.0.0 OK for: cheerio@1.2.0 want: ^2.0.0
861 silly placeDep ROOT domhandler@5.0.3 OK for: cheerio@1.2.0 want: ^5.0.3
862 silly placeDep ROOT domutils@3.2.2 OK for: cheerio@1.2.0 want: ^3.2.2
863 silly placeDep ROOT encoding-sniffer@0.2.1 OK for: cheerio@1.2.0 want: ^0.2.1
864 silly placeDep ROOT htmlparser2@10.1.0 OK for: cheerio@1.2.0 want: ^10.1.0
865 silly placeDep ROOT parse5@7.3.0 OK for: cheerio@1.2.0 want: ^7.3.0
866 silly placeDep ROOT parse5-htmlparser2-tree-adapter@7.1.0 OK for: cheerio@1.2.0 want: ^7.1.0
867 silly placeDep ROOT parse5-parser-stream@7.1.2 OK for: cheerio@1.2.0 want: ^7.1.2
868 silly placeDep ROOT undici@7.29.0 OK for: cheerio@1.2.0 want: ^7.19.0
869 silly placeDep ROOT whatwg-mimetype@4.0.0 OK for: cheerio@1.2.0 want: ^4.0.0
870 silly fetch manifest boolbase@^1.0.0
871 silly packumentCache full:https://registry.npmmirror.com/boolbase cache-miss
872 silly fetch manifest css-select@^5.1.0
873 silly packumentCache full:https://registry.npmmirror.com/css-select cache-miss
874 silly fetch manifest css-what@^6.1.0
875 silly packumentCache full:https://registry.npmmirror.com/css-what cache-miss
876 silly fetch manifest domelementtype@^2.3.0
877 silly packumentCache full:https://registry.npmmirror.com/domelementtype cache-miss
878 silly fetch manifest domutils@^3.0.1
879 silly packumentCache full:https://registry.npmmirror.com/domutils cache-hit
880 silly fetch manifest domelementtype@^2.3.0
881 silly packumentCache full:https://registry.npmmirror.com/domelementtype cache-miss
882 silly fetch manifest domhandler@^5.0.2
883 silly packumentCache full:https://registry.npmmirror.com/domhandler cache-hit
884 silly fetch manifest entities@^4.2.0
885 silly packumentCache full:https://registry.npmmirror.com/entities cache-hit
886 silly fetch manifest domelementtype@^2.3.0
887 silly packumentCache full:https://registry.npmmirror.com/domelementtype cache-miss
888 silly fetch manifest domelementtype@^2.3.0
889 silly packumentCache full:https://registry.npmmirror.com/domelementtype cache-miss
890 silly fetch manifest iconv-lite@^0.6.3
891 silly packumentCache full:https://registry.npmmirror.com/iconv-lite cache-miss
892 silly fetch manifest whatwg-encoding@^3.1.1
893 silly packumentCache full:https://registry.npmmirror.com/whatwg-encoding cache-miss
894 silly fetch manifest domelementtype@^2.3.0
895 silly packumentCache full:https://registry.npmmirror.com/domelementtype cache-miss
896 silly fetch manifest entities@^7.0.1
897 silly packumentCache full:https://registry.npmmirror.com/entities cache-hit
898 silly fetch manifest entities@^6.0.0
899 silly packumentCache full:https://registry.npmmirror.com/entities cache-hit
900 http cache https://registry.npmmirror.com/boolbase 27ms (cache hit)
901 silly packumentCache full:https://registry.npmmirror.com/boolbase set size:4581 disposed:false
902 http cache https://registry.npmmirror.com/css-select 27ms (cache hit)
903 silly packumentCache full:https://registry.npmmirror.com/css-select set size:96399 disposed:false
904 http cache https://registry.npmmirror.com/whatwg-encoding 27ms (cache hit)
905 silly packumentCache full:https://registry.npmmirror.com/whatwg-encoding set size:22669 disposed:false
906 http cache https://registry.npmmirror.com/css-what 29ms (cache hit)
907 silly packumentCache full:https://registry.npmmirror.com/css-what set size:67968 disposed:false
908 http cache https://registry.npmmirror.com/iconv-lite 28ms (cache hit)
909 silly packumentCache full:https://registry.npmmirror.com/iconv-lite set size:122354 disposed:false
910 http cache https://registry.npmmirror.com/domelementtype 30ms (cache hit)
911 silly packumentCache full:https://registry.npmmirror.com/domelementtype set size:26709 disposed:false
912 http cache https://registry.npmmirror.com/domelementtype 30ms (cache hit)
913 silly packumentCache full:https://registry.npmmirror.com/domelementtype set size:26709 disposed:false
914 silly packumentCache full:https://registry.npmmirror.com/domelementtype dispose
915 http cache https://registry.npmmirror.com/domelementtype 30ms (cache hit)
916 silly packumentCache full:https://registry.npmmirror.com/domelementtype set size:26709 disposed:true
917 silly packumentCache full:https://registry.npmmirror.com/domelementtype dispose
918 http cache https://registry.npmmirror.com/domelementtype 31ms (cache hit)
919 silly packumentCache full:https://registry.npmmirror.com/domelementtype set size:26709 disposed:true
920 silly packumentCache full:https://registry.npmmirror.com/domelementtype dispose
921 http cache https://registry.npmmirror.com/domelementtype 32ms (cache hit)
922 silly packumentCache full:https://registry.npmmirror.com/domelementtype set size:26709 disposed:true
923 silly packumentCache full:https://registry.npmmirror.com/domelementtype dispose
924 silly placeDep ROOT boolbase@1.0.0 OK for: cheerio-select@2.1.0 want: ^1.0.0
925 silly placeDep ROOT css-select@5.2.2 OK for: cheerio-select@2.1.0 want: ^5.1.0
926 silly placeDep ROOT css-what@6.2.2 OK for: cheerio-select@2.1.0 want: ^6.1.0
927 silly placeDep ROOT domelementtype@2.3.0 OK for: cheerio-select@2.1.0 want: ^2.3.0
928 silly fetch manifest nth-check@^2.0.1
929 silly packumentCache full:https://registry.npmmirror.com/nth-check cache-miss
930 http cache https://registry.npmmirror.com/nth-check 4ms (cache hit)
931 silly packumentCache full:https://registry.npmmirror.com/nth-check set size:24887 disposed:false
932 silly placeDep ROOT color-name@1.1.4 OK for: color-convert@2.0.1 want: ~1.1.4
933 silly placeDep ROOT nth-check@2.1.1 OK for: css-select@5.2.2 want: ^2.0.1
934 silly placeDep ROOT ms@2.1.3 OK for: debug@4.4.3 want: ^2.1.3
935 silly placeDep ROOT entities@4.5.0 OK for: dom-serializer@2.0.0 want: ^4.2.0
936 silly placeDep ROOT iconv-lite@0.6.3 OK for: encoding-sniffer@0.2.1 want: ^0.6.3
937 silly placeDep ROOT whatwg-encoding@3.1.1 OK for: encoding-sniffer@0.2.1 want: ^3.1.1
938 silly fetch manifest safer-buffer@>= 2.1.2 < 3.0.0
939 silly packumentCache full:https://registry.npmmirror.com/safer-buffer cache-miss
940 http cache https://registry.npmmirror.com/safer-buffer 2ms (cache hit)
941 silly packumentCache full:https://registry.npmmirror.com/safer-buffer set size:18118 disposed:false
942 silly placeDep ROOT asynckit@0.4.0 OK for: form-data@4.0.6 want: ^0.4.0
943 silly placeDep ROOT combined-stream@1.0.8 OK for: form-data@4.0.6 want: ^1.0.8
944 silly placeDep ROOT es-set-tostringtag@2.1.0 OK for: form-data@4.0.6 want: ^2.1.0
945 silly placeDep ROOT hasown@2.0.4 OK for: form-data@4.0.6 want: ^2.0.4
946 silly placeDep ROOT mime-types@2.1.35 OK for: form-data@4.0.6 want: ^2.1.35
947 silly fetch manifest delayed-stream@~1.0.0
948 silly packumentCache full:https://registry.npmmirror.com/delayed-stream cache-miss
949 silly fetch manifest es-errors@^1.3.0
950 silly packumentCache full:https://registry.npmmirror.com/es-errors cache-miss
951 silly fetch manifest get-intrinsic@^1.2.6
952 silly packumentCache full:https://registry.npmmirror.com/get-intrinsic cache-miss
953 silly fetch manifest has-tostringtag@^1.0.2
954 silly packumentCache full:https://registry.npmmirror.com/has-tostringtag cache-miss
955 silly fetch manifest hasown@^2.0.2
956 silly packumentCache full:https://registry.npmmirror.com/hasown cache-hit
957 silly fetch manifest function-bind@^1.1.2
958 silly packumentCache full:https://registry.npmmirror.com/function-bind cache-miss
959 silly fetch manifest mime-db@1.52.0
960 silly packumentCache full:https://registry.npmmirror.com/mime-db cache-miss
961 http cache https://registry.npmmirror.com/get-intrinsic 4ms (cache hit)
962 silly packumentCache full:https://registry.npmmirror.com/get-intrinsic set size:57532 disposed:false
963 http cache https://registry.npmmirror.com/es-errors 5ms (cache hit)
964 silly packumentCache full:https://registry.npmmirror.com/es-errors set size:17576 disposed:false
965 http cache https://registry.npmmirror.com/delayed-stream 6ms (cache hit)
966 silly packumentCache full:https://registry.npmmirror.com/delayed-stream set size:16626 disposed:false
967 http cache https://registry.npmmirror.com/has-tostringtag 6ms (cache hit)
968 silly packumentCache full:https://registry.npmmirror.com/has-tostringtag set size:13246 disposed:false
969 http cache https://registry.npmmirror.com/function-bind 6ms (cache hit)
970 silly packumentCache full:https://registry.npmmirror.com/function-bind set size:15630 disposed:false
971 http cache https://registry.npmmirror.com/mime-db 6ms (cache hit)
972 silly packumentCache full:https://registry.npmmirror.com/mime-db set size:147903 disposed:false
973 silly placeDep ROOT delayed-stream@1.0.0 OK for: combined-stream@1.0.8 want: ~1.0.0
974 silly placeDep ROOT es-errors@1.3.0 OK for: es-set-tostringtag@2.1.0 want: ^1.3.0
975 silly placeDep ROOT get-intrinsic@1.3.0 OK for: es-set-tostringtag@2.1.0 want: ^1.2.6
976 silly placeDep ROOT has-tostringtag@1.0.2 OK for: es-set-tostringtag@2.1.0 want: ^1.0.2
977 silly fetch manifest call-bind-apply-helpers@^1.0.2
978 silly packumentCache full:https://registry.npmmirror.com/call-bind-apply-helpers cache-miss
979 silly fetch manifest es-define-property@^1.0.1
980 silly packumentCache full:https://registry.npmmirror.com/es-define-property cache-miss
981 silly fetch manifest es-object-atoms@^1.1.1
982 silly packumentCache full:https://registry.npmmirror.com/es-object-atoms cache-miss
983 silly fetch manifest get-proto@^1.0.1
984 silly packumentCache full:https://registry.npmmirror.com/get-proto cache-miss
985 silly fetch manifest gopd@^1.2.0
986 silly packumentCache full:https://registry.npmmirror.com/gopd cache-miss
987 silly fetch manifest has-symbols@^1.1.0
988 silly packumentCache full:https://registry.npmmirror.com/has-symbols cache-miss
989 silly fetch manifest math-intrinsics@^1.1.0
990 silly packumentCache full:https://registry.npmmirror.com/math-intrinsics cache-miss
991 silly fetch manifest has-symbols@^1.0.3
992 silly packumentCache full:https://registry.npmmirror.com/has-symbols cache-miss
993 http cache https://registry.npmmirror.com/es-define-property 5ms (cache hit)
994 silly packumentCache full:https://registry.npmmirror.com/es-define-property set size:8807 disposed:false
995 http cache https://registry.npmmirror.com/es-object-atoms 6ms (cache hit)
996 silly packumentCache full:https://registry.npmmirror.com/es-object-atoms set size:18936 disposed:false
997 http cache https://registry.npmmirror.com/call-bind-apply-helpers 6ms (cache hit)
998 silly packumentCache full:https://registry.npmmirror.com/call-bind-apply-helpers set size:13140 disposed:false
999 http cache https://registry.npmmirror.com/has-symbols 7ms (cache hit)
1000 silly packumentCache full:https://registry.npmmirror.com/has-symbols set size:19589 disposed:false
1001 http cache https://registry.npmmirror.com/get-proto 7ms (cache hit)
1002 silly packumentCache full:https://registry.npmmirror.com/get-proto set size:8565 disposed:false
1003 http cache https://registry.npmmirror.com/math-intrinsics 7ms (cache hit)
1004 silly packumentCache full:https://registry.npmmirror.com/math-intrinsics set size:9530 disposed:false
1005 http cache https://registry.npmmirror.com/gopd 8ms (cache hit)
1006 silly packumentCache full:https://registry.npmmirror.com/gopd set size:11756 disposed:false
1007 http cache https://registry.npmmirror.com/has-symbols 8ms (cache hit)
1008 silly packumentCache full:https://registry.npmmirror.com/has-symbols set size:19589 disposed:false
1009 silly packumentCache full:https://registry.npmmirror.com/has-symbols dispose
1010 silly placeDep ROOT call-bind-apply-helpers@1.0.2 OK for: get-intrinsic@1.3.0 want: ^1.0.2
1011 silly placeDep ROOT es-define-property@1.0.1 OK for: get-intrinsic@1.3.0 want: ^1.0.1
1012 silly placeDep ROOT es-object-atoms@1.1.2 OK for: get-intrinsic@1.3.0 want: ^1.1.1
1013 silly placeDep ROOT function-bind@1.1.2 OK for: get-intrinsic@1.3.0 want: ^1.1.2
1014 silly placeDep ROOT get-proto@1.0.1 OK for: get-intrinsic@1.3.0 want: ^1.0.1
1015 silly placeDep ROOT gopd@1.2.0 OK for: get-intrinsic@1.3.0 want: ^1.2.0
1016 silly placeDep ROOT has-symbols@1.1.0 OK for: get-intrinsic@1.3.0 want: ^1.1.0
1017 silly placeDep ROOT math-intrinsics@1.1.0 OK for: get-intrinsic@1.3.0 want: ^1.1.0
1018 silly fetch manifest dunder-proto@^1.0.1
1019 silly packumentCache full:https://registry.npmmirror.com/dunder-proto cache-miss
1020 http cache https://registry.npmmirror.com/dunder-proto 2ms (cache hit)
1021 silly packumentCache full:https://registry.npmmirror.com/dunder-proto set size:8521 disposed:false
1022 silly placeDep ROOT dunder-proto@1.0.1 OK for: get-proto@1.0.1 want: ^1.0.1
1023 silly placeDep ROOT minipass@7.1.3 OK for: glob@13.0.6 want: ^7.1.3
1024 silly placeDep ROOT path-scurry@2.0.2 OK for: glob@13.0.6 want: ^2.0.2
1025 silly fetch manifest lru-cache@^11.0.0
1026 silly packumentCache full:https://registry.npmmirror.com/lru-cache cache-hit
1027 silly placeDep ROOT lru-cache@6.0.0 OK for: hosted-git-info@4.1.0 want: ^6.0.0
1028 silly fetch manifest yallist@^4.0.0
1029 silly packumentCache full:https://registry.npmmirror.com/yallist cache-miss
1030 http cache https://registry.npmmirror.com/yallist 2ms (cache hit)
1031 silly packumentCache full:https://registry.npmmirror.com/yallist set size:30664 disposed:false
1032 silly placeDep node_modules/htmlparser2 entities@7.0.1 OK for: htmlparser2@10.1.0 want: ^7.0.1
1033 silly placeDep ROOT agent-base@7.1.4 OK for: http-proxy-agent@7.0.2 want: ^7.1.0
1034 silly placeDep ROOT safer-buffer@2.1.2 OK for: iconv-lite@0.6.3 want: >= 2.1.2 < 3.0.0
1035 silly placeDep ROOT binaryextensions@6.11.0 OK for: istextorbinary@9.5.0 want: ^6.11.0
1036 silly placeDep ROOT editions@6.22.0 OK for: istextorbinary@9.5.0 want: ^6.21.0
1037 silly placeDep ROOT textextensions@6.11.0 OK for: istextorbinary@9.5.0 want: ^6.11.0
1038 silly fetch manifest version-range@^4.15.0
1039 silly packumentCache full:https://registry.npmmirror.com/version-range cache-miss
1040 http cache https://registry.npmmirror.com/version-range 3ms (cache hit)
1041 silly packumentCache full:https://registry.npmmirror.com/version-range set size:482628 disposed:false
1042 silly placeDep ROOT version-range@4.15.0 OK for: editions@6.22.0 want: ^4.15.0
1043 silly placeDep ROOT argparse@2.0.1 OK for: js-yaml@4.3.1 want: ^2.0.1
1044 silly placeDep ROOT jws@4.0.1 OK for: jsonwebtoken@9.0.3 want: ^4.0.1
1045 silly placeDep ROOT lodash.includes@4.3.0 OK for: jsonwebtoken@9.0.3 want: ^4.3.0
1046 silly placeDep ROOT lodash.isboolean@3.0.3 OK for: jsonwebtoken@9.0.3 want: ^3.0.3
1047 silly placeDep ROOT lodash.isinteger@4.0.4 OK for: jsonwebtoken@9.0.3 want: ^4.0.4
1048 silly placeDep ROOT lodash.isnumber@3.0.3 OK for: jsonwebtoken@9.0.3 want: ^3.0.3
1049 silly placeDep ROOT lodash.isplainobject@4.0.6 OK for: jsonwebtoken@9.0.3 want: ^4.0.6
1050 silly placeDep ROOT lodash.isstring@4.0.1 OK for: jsonwebtoken@9.0.3 want: ^4.0.1
1051 silly placeDep ROOT lodash.once@4.1.1 OK for: jsonwebtoken@9.0.3 want: ^4.0.0
1052 silly fetch manifest jwa@^2.0.1
1053 silly packumentCache full:https://registry.npmmirror.com/jwa cache-miss
1054 silly fetch manifest safe-buffer@^5.0.1
1055 silly packumentCache full:https://registry.npmmirror.com/safe-buffer cache-miss
1056 http cache https://registry.npmmirror.com/safe-buffer 2ms (cache hit)
1057 silly packumentCache full:https://registry.npmmirror.com/safe-buffer set size:38090 disposed:false
1058 http cache https://registry.npmmirror.com/jwa 3ms (cache hit)
1059 silly packumentCache full:https://registry.npmmirror.com/jwa set size:38846 disposed:false
1060 silly placeDep ROOT jwa@2.0.1 OK for: jws@4.0.1 want: ^2.0.1
1061 silly placeDep ROOT safe-buffer@5.2.1 OK for: jws@4.0.1 want: ^5.0.1
1062 silly fetch manifest ecdsa-sig-formatter@1.0.11
1063 silly packumentCache full:https://registry.npmmirror.com/ecdsa-sig-formatter cache-miss
1064 silly fetch manifest buffer-equal-constant-time@^1.0.1
1065 silly packumentCache full:https://registry.npmmirror.com/buffer-equal-constant-time cache-miss
1066 http cache https://registry.npmmirror.com/buffer-equal-constant-time 2ms (cache hit)
1067 silly packumentCache full:https://registry.npmmirror.com/buffer-equal-constant-time set size:4351 disposed:false
1068 http cache https://registry.npmmirror.com/ecdsa-sig-formatter 3ms (cache hit)
1069 silly packumentCache full:https://registry.npmmirror.com/ecdsa-sig-formatter set size:21226 disposed:false
1070 silly placeDep ROOT buffer-equal-constant-time@1.0.1 OK for: jwa@2.0.1 want: ^1.0.1
1071 silly placeDep ROOT ecdsa-sig-formatter@1.0.11 OK for: jwa@2.0.1 want: 1.0.11
1072 silly placeDep ROOT node-addon-api@4.3.0 OK for: keytar@7.9.0 want: ^4.3.0
1073 silly placeDep ROOT prebuild-install@7.1.2 OK for: keytar@7.9.0 want: ^7.0.1
1074 silly fetch manifest detect-libc@^2.0.0
1075 silly packumentCache full:https://registry.npmmirror.com/detect-libc cache-miss
1076 silly fetch manifest expand-template@^2.0.3
1077 silly packumentCache full:https://registry.npmmirror.com/expand-template cache-miss
1078 silly fetch manifest github-from-package@0.0.0
1079 silly packumentCache full:https://registry.npmmirror.com/github-from-package cache-miss
1080 silly fetch manifest minimist@^1.2.3
1081 silly packumentCache full:https://registry.npmmirror.com/minimist cache-miss
1082 silly fetch manifest mkdirp-classic@^0.5.3
1083 silly packumentCache full:https://registry.npmmirror.com/mkdirp-classic cache-miss
1084 silly fetch manifest napi-build-utils@^1.0.1
1085 silly packumentCache full:https://registry.npmmirror.com/napi-build-utils cache-miss
1086 silly fetch manifest node-abi@^3.3.0
1087 silly packumentCache full:https://registry.npmmirror.com/node-abi cache-miss
1088 silly fetch manifest pump@^3.0.0
1089 silly packumentCache full:https://registry.npmmirror.com/pump cache-miss
1090 silly fetch manifest rc@^1.2.7
1091 silly packumentCache full:https://registry.npmmirror.com/rc cache-miss
1092 silly fetch manifest simple-get@^4.0.0
1093 silly packumentCache full:https://registry.npmmirror.com/simple-get cache-miss
1094 silly fetch manifest tar-fs@^2.0.0
1095 silly packumentCache full:https://registry.npmmirror.com/tar-fs cache-miss
1096 silly fetch manifest tunnel-agent@^0.6.0
1097 silly packumentCache full:https://registry.npmmirror.com/tunnel-agent cache-miss
1098 http cache https://registry.npmmirror.com/napi-build-utils 10ms (cache hit)
1099 silly packumentCache full:https://registry.npmmirror.com/napi-build-utils set size:10691 disposed:false
1100 http cache https://registry.npmmirror.com/minimist 11ms (cache hit)
1101 silly packumentCache full:https://registry.npmmirror.com/minimist set size:61697 disposed:false
1102 http cache https://registry.npmmirror.com/detect-libc 12ms (cache hit)
1103 silly packumentCache full:https://registry.npmmirror.com/detect-libc set size:48467 disposed:false
1104 http cache https://registry.npmmirror.com/mkdirp-classic 11ms (cache hit)
1105 silly packumentCache full:https://registry.npmmirror.com/mkdirp-classic set size:3569 disposed:false
1106 http cache https://registry.npmmirror.com/expand-template 12ms (cache hit)
1107 silly packumentCache full:https://registry.npmmirror.com/expand-template set size:18298 disposed:false
1108 http cache https://registry.npmmirror.com/github-from-package 12ms (cache hit)
1109 silly packumentCache full:https://registry.npmmirror.com/github-from-package set size:2913 disposed:false
1110 http cache https://registry.npmmirror.com/rc 12ms (cache hit)
1111 silly packumentCache full:https://registry.npmmirror.com/rc set size:85073 disposed:false
1112 http cache https://registry.npmmirror.com/pump 13ms (cache hit)
1113 silly packumentCache full:https://registry.npmmirror.com/pump set size:40806 disposed:false
1114 http cache https://registry.npmmirror.com/tunnel-agent 12ms (cache hit)
1115 silly packumentCache full:https://registry.npmmirror.com/tunnel-agent set size:11956 disposed:false
1116 http cache https://registry.npmmirror.com/node-abi 14ms (cache hit)
1117 silly packumentCache full:https://registry.npmmirror.com/node-abi set size:350336 disposed:false
1118 http cache https://registry.npmmirror.com/tar-fs 16ms (cache hit)
1119 silly packumentCache full:https://registry.npmmirror.com/tar-fs set size:121967 disposed:false
1120 http cache https://registry.npmmirror.com/simple-get 16ms (cache hit)
1121 silly packumentCache full:https://registry.npmmirror.com/simple-get set size:81097 disposed:false
1122 silly placeDep ROOT yallist@4.0.0 OK for: lru-cache@6.0.0 want: ^4.0.0
1123 silly placeDep ROOT linkify-it@5.0.2 OK for: markdown-it@14.3.0 want: ^5.0.2
1124 silly placeDep ROOT mdurl@2.1.0 OK for: markdown-it@14.3.0 want: ^2.0.0
1125 silly placeDep ROOT punycode.js@2.3.1 OK for: markdown-it@14.3.0 want: ^2.3.1
1126 silly placeDep ROOT uc.micro@2.1.0 OK for: markdown-it@14.3.0 want: ^2.1.0
1127 silly fetch manifest uc.micro@^2.0.0
1128 silly packumentCache full:https://registry.npmmirror.com/uc.micro cache-hit
1129 silly placeDep ROOT mime-db@1.52.0 OK for: mime-types@2.1.35 want: 1.52.0
1130 silly placeDep ROOT brace-expansion@5.0.9 OK for: minimatch@10.2.6 want: ^5.0.8
1131 silly fetch manifest balanced-match@^4.0.2
1132 silly packumentCache full:https://registry.npmmirror.com/balanced-match cache-miss
1133 http cache https://registry.npmmirror.com/balanced-match 2ms (cache hit)
1134 silly packumentCache full:https://registry.npmmirror.com/balanced-match set size:36779 disposed:false
1135 silly placeDep ROOT balanced-match@4.0.4 OK for: brace-expansion@5.0.9 want: ^4.0.2
1136 silly placeDep ROOT @types/sarif@2.1.7 OK for: node-sarif-builder@3.4.0 want: ^2.1.7
1137 silly placeDep ROOT fs-extra@11.4.0 OK for: node-sarif-builder@3.4.0 want: ^11.1.1
1138 silly fetch manifest graceful-fs@^4.2.0
1139 silly packumentCache full:https://registry.npmmirror.com/graceful-fs cache-miss
1140 silly fetch manifest jsonfile@^6.0.1
1141 silly packumentCache full:https://registry.npmmirror.com/jsonfile cache-miss
1142 silly fetch manifest universalify@^2.0.0
1143 silly packumentCache full:https://registry.npmmirror.com/universalify cache-miss
1144 http cache https://registry.npmmirror.com/jsonfile 3ms (cache hit)
1145 silly packumentCache full:https://registry.npmmirror.com/jsonfile set size:46505 disposed:false
1146 http cache https://registry.npmmirror.com/graceful-fs 4ms (cache hit)
1147 silly packumentCache full:https://registry.npmmirror.com/graceful-fs set size:109027 disposed:false
1148 http cache https://registry.npmmirror.com/universalify 3ms (cache hit)
1149 silly packumentCache full:https://registry.npmmirror.com/universalify set size:15581 disposed:false
1150 silly placeDep ROOT graceful-fs@4.2.11 OK for: fs-extra@11.4.0 want: ^4.2.0
1151 silly placeDep ROOT jsonfile@6.2.1 OK for: fs-extra@11.4.0 want: ^6.0.1
1152 silly placeDep ROOT universalify@2.0.1 OK for: fs-extra@11.4.0 want: ^2.0.0
1153 silly placeDep ROOT default-browser@5.5.0 OK for: open@10.2.0 want: ^5.2.1
1154 silly placeDep ROOT define-lazy-prop@3.0.0 OK for: open@10.2.0 want: ^3.0.0
1155 silly placeDep ROOT is-inside-container@1.0.0 OK for: open@10.2.0 want: ^1.0.0
1156 silly placeDep ROOT wsl-utils@0.1.0 OK for: open@10.2.0 want: ^0.1.0
1157 silly fetch manifest bundle-name@^4.1.0
1158 silly packumentCache full:https://registry.npmmirror.com/bundle-name cache-miss
1159 silly fetch manifest default-browser-id@^5.0.0
1160 silly packumentCache full:https://registry.npmmirror.com/default-browser-id cache-miss
1161 silly fetch manifest is-docker@^3.0.0
1162 silly packumentCache full:https://registry.npmmirror.com/is-docker cache-miss
1163 silly fetch manifest is-wsl@^3.1.0
1164 silly packumentCache full:https://registry.npmmirror.com/is-wsl cache-miss
1165 http cache https://registry.npmmirror.com/default-browser-id 3ms (cache hit)
1166 silly packumentCache full:https://registry.npmmirror.com/default-browser-id set size:23770 disposed:false
1167 http cache https://registry.npmmirror.com/bundle-name 4ms (cache hit)
1168 silly packumentCache full:https://registry.npmmirror.com/bundle-name set size:16606 disposed:false
1169 http cache https://registry.npmmirror.com/is-docker 5ms (cache hit)
1170 silly packumentCache full:https://registry.npmmirror.com/is-docker set size:17911 disposed:false
1171 http cache https://registry.npmmirror.com/is-wsl 4ms (cache hit)
1172 silly packumentCache full:https://registry.npmmirror.com/is-wsl set size:17175 disposed:false
1173 silly placeDep ROOT bundle-name@4.1.0 OK for: default-browser@5.5.0 want: ^4.1.0
1174 silly placeDep ROOT default-browser-id@5.0.1 OK for: default-browser@5.5.0 want: ^5.0.0
1175 silly fetch manifest run-applescript@^7.0.0
1176 silly packumentCache full:https://registry.npmmirror.com/run-applescript cache-miss
1177 http cache https://registry.npmmirror.com/run-applescript 2ms (cache hit)
1178 silly packumentCache full:https://registry.npmmirror.com/run-applescript set size:24250 disposed:false
1179 silly placeDep ROOT run-applescript@7.1.0 OK for: bundle-name@4.1.0 want: ^7.0.0
1180 silly placeDep ROOT is-docker@3.0.0 OK for: is-inside-container@1.0.0 want: ^3.0.0
1181 silly placeDep node_modules/parse-semver semver@5.7.2 OK for: parse-semver@1.1.1 want: ^5.1.0
1182 silly placeDep node_modules/parse5 entities@6.0.1 OK for: parse5@7.3.0 want: ^6.0.0
1183 silly placeDep node_modules/path-scurry lru-cache@11.5.2 OK for: path-scurry@2.0.2 want: ^11.0.0
1184 silly placeDep ROOT detect-libc@2.1.2 OK for: prebuild-install@7.1.2 want: ^2.0.0
1185 silly placeDep ROOT expand-template@2.0.3 OK for: prebuild-install@7.1.2 want: ^2.0.3
1186 silly placeDep ROOT github-from-package@0.0.0 OK for: prebuild-install@7.1.2 want: 0.0.0
1187 silly placeDep ROOT minimist@1.2.8 OK for: prebuild-install@7.1.2 want: ^1.2.3
1188 silly placeDep ROOT mkdirp-classic@0.5.3 OK for: prebuild-install@7.1.2 want: ^0.5.3
1189 silly placeDep ROOT napi-build-utils@1.0.2 OK for: prebuild-install@7.1.2 want: ^1.0.1
1190 silly placeDep ROOT node-abi@3.94.0 OK for: prebuild-install@7.1.2 want: ^3.3.0
1191 silly placeDep ROOT pump@3.0.4 OK for: prebuild-install@7.1.2 want: ^3.0.0
1192 silly placeDep ROOT rc@1.2.8 OK for: prebuild-install@7.1.2 want: ^1.2.7
1193 silly placeDep ROOT simple-get@4.0.1 OK for: prebuild-install@7.1.2 want: ^4.0.0
1194 silly placeDep ROOT tar-fs@2.1.5 OK for: prebuild-install@7.1.2 want: ^2.0.0
1195 silly placeDep ROOT tunnel-agent@0.6.0 OK for: prebuild-install@7.1.2 want: ^0.6.0
1196 silly fetch manifest end-of-stream@^1.1.0
1197 silly packumentCache full:https://registry.npmmirror.com/end-of-stream cache-miss
1198 silly fetch manifest once@^1.3.1
1199 silly packumentCache full:https://registry.npmmirror.com/once cache-miss
1200 silly fetch manifest deep-extend@^0.6.0
1201 silly packumentCache full:https://registry.npmmirror.com/deep-extend cache-miss
1202 silly fetch manifest ini@~1.3.0
1203 silly packumentCache full:https://registry.npmmirror.com/ini cache-miss
1204 silly fetch manifest strip-json-comments@~2.0.1
1205 silly packumentCache full:https://registry.npmmirror.com/strip-json-comments cache-miss
1206 silly fetch manifest decompress-response@^6.0.0
1207 silly packumentCache full:https://registry.npmmirror.com/decompress-response cache-miss
1208 silly fetch manifest once@^1.3.1
1209 silly packumentCache full:https://registry.npmmirror.com/once cache-miss
1210 silly fetch manifest simple-concat@^1.0.0
1211 silly packumentCache full:https://registry.npmmirror.com/simple-concat cache-miss
1212 silly fetch manifest chownr@^1.1.1
1213 silly packumentCache full:https://registry.npmmirror.com/chownr cache-miss
1214 silly fetch manifest tar-stream@^2.1.4
1215 silly packumentCache full:https://registry.npmmirror.com/tar-stream cache-miss
1216 http cache https://registry.npmmirror.com/end-of-stream 7ms (cache hit)
1217 silly packumentCache full:https://registry.npmmirror.com/end-of-stream set size:24810 disposed:false
1218 http cache https://registry.npmmirror.com/ini 8ms (cache hit)
1219 silly packumentCache full:https://registry.npmmirror.com/ini set size:56706 disposed:false
1220 http cache https://registry.npmmirror.com/deep-extend 8ms (cache hit)
1221 silly packumentCache full:https://registry.npmmirror.com/deep-extend set size:32172 disposed:false
1222 http cache https://registry.npmmirror.com/once 9ms (cache hit)
1223 silly packumentCache full:https://registry.npmmirror.com/once set size:11112 disposed:false
1224 http cache https://registry.npmmirror.com/once 9ms (cache hit)
1225 silly packumentCache full:https://registry.npmmirror.com/once set size:11112 disposed:false
1226 silly packumentCache full:https://registry.npmmirror.com/once dispose
1227 http cache https://registry.npmmirror.com/strip-json-comments 9ms (cache hit)
1228 silly packumentCache full:https://registry.npmmirror.com/strip-json-comments set size:38709 disposed:false
1229 http cache https://registry.npmmirror.com/decompress-response 10ms (cache hit)
1230 silly packumentCache full:https://registry.npmmirror.com/decompress-response set size:28768 disposed:false
1231 http cache https://registry.npmmirror.com/simple-concat 10ms (cache hit)
1232 silly packumentCache full:https://registry.npmmirror.com/simple-concat set size:5315 disposed:false
1233 http cache https://registry.npmmirror.com/chownr 9ms (cache hit)
1234 silly packumentCache full:https://registry.npmmirror.com/chownr set size:16370 disposed:false
1235 http cache https://registry.npmmirror.com/tar-stream 10ms (cache hit)
1236 silly packumentCache full:https://registry.npmmirror.com/tar-stream set size:126429 disposed:false
1237 silly placeDep ROOT end-of-stream@1.4.5 OK for: pump@3.0.4 want: ^1.1.0
1238 silly placeDep ROOT once@1.4.0 OK for: pump@3.0.4 want: ^1.3.1
1239 silly fetch manifest once@^1.4.0
1240 silly packumentCache full:https://registry.npmmirror.com/once cache-hit
1241 silly fetch manifest wrappy@1
1242 silly packumentCache full:https://registry.npmmirror.com/wrappy cache-miss
1243 http cache https://registry.npmmirror.com/wrappy 3ms (cache hit)
1244 silly packumentCache full:https://registry.npmmirror.com/wrappy set size:6604 disposed:false
1245 silly placeDep ROOT wrappy@1.0.2 OK for: once@1.4.0 want: 1
1246 silly placeDep ROOT deep-extend@0.6.0 OK for: rc@1.2.8 want: ^0.6.0
1247 silly placeDep ROOT ini@1.3.8 OK for: rc@1.2.8 want: ~1.3.0
1248 silly placeDep ROOT strip-json-comments@2.0.1 OK for: rc@1.2.8 want: ~2.0.1
1249 silly placeDep ROOT json5@2.2.3 OK for: rc-config-loader@4.1.4 want: ^2.2.3
1250 silly placeDep ROOT mute-stream@0.0.8 OK for: read@1.0.7 want: ~0.0.4
1251 silly placeDep ROOT @secretlint/config-creator@10.2.2 OK for: secretlint@10.2.2 want: ^10.2.2
1252 silly placeDep ROOT globby@14.1.0 OK for: secretlint@10.2.2 want: ^14.1.0
1253 silly placeDep ROOT read-pkg@9.0.1 OK for: secretlint@10.2.2 want: ^9.0.1
1254 silly fetch manifest @sindresorhus/merge-streams@^2.1.0
1255 silly packumentCache full:https://registry.npmmirror.com/@sindresorhus%2fmerge-streams cache-miss
1256 silly fetch manifest fast-glob@^3.3.3
1257 silly packumentCache full:https://registry.npmmirror.com/fast-glob cache-miss
1258 silly fetch manifest ignore@^7.0.3
1259 silly packumentCache full:https://registry.npmmirror.com/ignore cache-miss
1260 silly fetch manifest path-type@^6.0.0
1261 silly packumentCache full:https://registry.npmmirror.com/path-type cache-miss
1262 silly fetch manifest slash@^5.1.0
1263 silly packumentCache full:https://registry.npmmirror.com/slash cache-miss
1264 silly fetch manifest unicorn-magic@^0.3.0
1265 silly packumentCache full:https://registry.npmmirror.com/unicorn-magic cache-miss
1266 silly fetch manifest @types/normalize-package-data@^2.4.3
1267 silly packumentCache full:https://registry.npmmirror.com/@types%2fnormalize-package-data cache-miss
1268 silly fetch manifest normalize-package-data@^6.0.0
1269 silly packumentCache full:https://registry.npmmirror.com/normalize-package-data cache-miss
1270 silly fetch manifest parse-json@^8.0.0
1271 silly packumentCache full:https://registry.npmmirror.com/parse-json cache-miss
1272 silly fetch manifest type-fest@^4.6.0
1273 silly packumentCache full:https://registry.npmmirror.com/type-fest cache-miss
1274 silly fetch manifest unicorn-magic@^0.1.0
1275 silly packumentCache full:https://registry.npmmirror.com/unicorn-magic cache-miss
1276 http cache https://registry.npmmirror.com/fast-glob 9ms (cache hit)
1277 silly packumentCache full:https://registry.npmmirror.com/fast-glob set size:194914 disposed:false
1278 http cache https://registry.npmmirror.com/@sindresorhus%2fmerge-streams 11ms (cache hit)
1279 silly packumentCache full:https://registry.npmmirror.com/@sindresorhus%2fmerge-streams set size:24746 disposed:false
1280 http cache https://registry.npmmirror.com/normalize-package-data 10ms (cache hit)
1281 silly packumentCache full:https://registry.npmmirror.com/normalize-package-data set size:124108 disposed:false
1282 http cache https://registry.npmmirror.com/ignore 11ms (cache hit)
1283 silly packumentCache full:https://registry.npmmirror.com/ignore set size:216839 disposed:false
1284 http cache https://registry.npmmirror.com/slash 12ms (cache hit)
1285 silly packumentCache full:https://registry.npmmirror.com/slash set size:18425 disposed:false
1286 http cache https://registry.npmmirror.com/path-type 12ms (cache hit)
1287 silly packumentCache full:https://registry.npmmirror.com/path-type set size:13446 disposed:false
1288 http cache https://registry.npmmirror.com/parse-json 12ms (cache hit)
1289 silly packumentCache full:https://registry.npmmirror.com/parse-json set size:44937 disposed:false
1290 http cache https://registry.npmmirror.com/@types%2fnormalize-package-data 13ms (cache hit)
1291 silly packumentCache full:https://registry.npmmirror.com/@types%2fnormalize-package-data set size:11676 disposed:false
1292 http cache https://registry.npmmirror.com/unicorn-magic 13ms (cache hit)
1293 silly packumentCache full:https://registry.npmmirror.com/unicorn-magic set size:9666 disposed:false
1294 http cache https://registry.npmmirror.com/type-fest 14ms (cache hit)
1295 silly packumentCache full:https://registry.npmmirror.com/type-fest set size:525432 disposed:false
1296 http cache https://registry.npmmirror.com/unicorn-magic 16ms (cache hit)
1297 silly packumentCache full:https://registry.npmmirror.com/unicorn-magic set size:9666 disposed:false
1298 silly packumentCache full:https://registry.npmmirror.com/unicorn-magic dispose
1299 silly placeDep ROOT @sindresorhus/merge-streams@2.3.0 OK for: globby@14.1.0 want: ^2.1.0
1300 silly placeDep ROOT fast-glob@3.3.3 OK for: globby@14.1.0 want: ^3.3.3
1301 silly placeDep ROOT ignore@7.0.6 OK for: globby@14.1.0 want: ^7.0.3
1302 silly placeDep ROOT path-type@6.0.0 OK for: globby@14.1.0 want: ^6.0.0
1303 silly placeDep ROOT slash@5.1.0 OK for: globby@14.1.0 want: ^5.1.0
1304 silly placeDep ROOT unicorn-magic@0.3.0 OK for: globby@14.1.0 want: ^0.3.0
1305 silly fetch manifest @nodelib/fs.stat@^2.0.2
1306 silly packumentCache full:https://registry.npmmirror.com/@nodelib%2ffs.stat cache-miss
1307 silly fetch manifest @nodelib/fs.walk@^1.2.3
1308 silly packumentCache full:https://registry.npmmirror.com/@nodelib%2ffs.walk cache-miss
1309 silly fetch manifest glob-parent@^5.1.2
1310 silly packumentCache full:https://registry.npmmirror.com/glob-parent cache-miss
1311 silly fetch manifest merge2@^1.3.0
1312 silly packumentCache full:https://registry.npmmirror.com/merge2 cache-miss
1313 silly fetch manifest micromatch@^4.0.8
1314 silly packumentCache full:https://registry.npmmirror.com/micromatch cache-miss
1315 http cache https://registry.npmmirror.com/@nodelib%2ffs.stat 3ms (cache hit)
1316 silly packumentCache full:https://registry.npmmirror.com/@nodelib%2ffs.stat set size:28111 disposed:false
1317 http cache https://registry.npmmirror.com/merge2 4ms (cache hit)
1318 silly packumentCache full:https://registry.npmmirror.com/merge2 set size:40023 disposed:false
1319 http cache https://registry.npmmirror.com/glob-parent 4ms (cache hit)
1320 silly packumentCache full:https://registry.npmmirror.com/glob-parent set size:34765 disposed:false
1321 http cache https://registry.npmmirror.com/micromatch 5ms (cache hit)
1322 silly packumentCache full:https://registry.npmmirror.com/micromatch set size:240427 disposed:false
1323 http cache https://registry.npmmirror.com/@nodelib%2ffs.walk 6ms (cache hit)
1324 silly packumentCache full:https://registry.npmmirror.com/@nodelib%2ffs.walk set size:35867 disposed:false
1325 silly placeDep ROOT @nodelib/fs.stat@2.0.5 OK for: fast-glob@3.3.3 want: ^2.0.2
1326 silly placeDep ROOT @nodelib/fs.walk@1.2.8 OK for: fast-glob@3.3.3 want: ^1.2.3
1327 silly placeDep ROOT glob-parent@5.1.2 OK for: fast-glob@3.3.3 want: ^5.1.2
1328 silly placeDep ROOT merge2@1.4.1 OK for: fast-glob@3.3.3 want: ^1.3.0
1329 silly placeDep ROOT micromatch@4.0.8 OK for: fast-glob@3.3.3 want: ^4.0.8
1330 silly fetch manifest @nodelib/fs.scandir@2.1.5
1331 silly packumentCache full:https://registry.npmmirror.com/@nodelib%2ffs.scandir cache-miss
1332 silly fetch manifest fastq@^1.6.0
1333 silly packumentCache full:https://registry.npmmirror.com/fastq cache-miss
1334 silly fetch manifest is-glob@^4.0.1
1335 silly packumentCache full:https://registry.npmmirror.com/is-glob cache-miss
1336 silly fetch manifest braces@^3.0.3
1337 silly packumentCache full:https://registry.npmmirror.com/braces cache-miss
1338 silly fetch manifest picomatch@^2.3.1
1339 silly packumentCache full:https://registry.npmmirror.com/picomatch cache-miss
1340 http cache https://registry.npmmirror.com/@nodelib%2ffs.scandir 4ms (cache hit)
1341 silly packumentCache full:https://registry.npmmirror.com/@nodelib%2ffs.scandir set size:38674 disposed:false
1342 http cache https://registry.npmmirror.com/braces 5ms (cache hit)
1343 silly packumentCache full:https://registry.npmmirror.com/braces set size:112898 disposed:false
1344 http cache https://registry.npmmirror.com/fastq 6ms (cache hit)
1345 silly packumentCache full:https://registry.npmmirror.com/fastq set size:68593 disposed:false
1346 http cache https://registry.npmmirror.com/picomatch 5ms (cache hit)
1347 silly packumentCache full:https://registry.npmmirror.com/picomatch set size:110456 disposed:false
1348 http cache https://registry.npmmirror.com/is-glob 7ms (cache hit)
1349 silly packumentCache full:https://registry.npmmirror.com/is-glob set size:39478 disposed:false
1350 silly placeDep ROOT @nodelib/fs.scandir@2.1.5 OK for: @nodelib/fs.walk@1.2.8 want: 2.1.5
1351 silly placeDep ROOT fastq@1.20.1 OK for: @nodelib/fs.walk@1.2.8 want: ^1.6.0
1352 silly fetch manifest run-parallel@^1.1.9
1353 silly packumentCache full:https://registry.npmmirror.com/run-parallel cache-miss
1354 silly fetch manifest reusify@^1.0.4
1355 silly packumentCache full:https://registry.npmmirror.com/reusify cache-miss
1356 http cache https://registry.npmmirror.com/reusify 2ms (cache hit)
1357 silly packumentCache full:https://registry.npmmirror.com/reusify set size:14270 disposed:false
1358 http cache https://registry.npmmirror.com/run-parallel 2ms (cache hit)
1359 silly packumentCache full:https://registry.npmmirror.com/run-parallel set size:31746 disposed:false
1360 silly placeDep ROOT run-parallel@1.2.0 OK for: @nodelib/fs.scandir@2.1.5 want: ^1.1.9
1361 silly fetch manifest queue-microtask@^1.2.2
1362 silly packumentCache full:https://registry.npmmirror.com/queue-microtask cache-miss
1363 http cache https://registry.npmmirror.com/queue-microtask 2ms (cache hit)
1364 silly packumentCache full:https://registry.npmmirror.com/queue-microtask set size:25336 disposed:false
1365 silly placeDep ROOT reusify@1.1.0 OK for: fastq@1.20.1 want: ^1.0.4
1366 silly placeDep ROOT is-glob@4.0.3 OK for: glob-parent@5.1.2 want: ^4.0.1
1367 silly fetch manifest is-extglob@^2.1.1
1368 silly packumentCache full:https://registry.npmmirror.com/is-extglob cache-miss
1369 http cache https://registry.npmmirror.com/is-extglob 1ms (cache hit)
1370 silly packumentCache full:https://registry.npmmirror.com/is-extglob set size:11880 disposed:false
1371 silly placeDep ROOT is-extglob@2.1.1 OK for: is-glob@4.0.3 want: ^2.1.1
1372 silly placeDep ROOT braces@3.0.3 OK for: micromatch@4.0.8 want: ^3.0.3
1373 silly placeDep ROOT picomatch@2.3.2 OK for: micromatch@4.0.8 want: ^2.3.1
1374 silly fetch manifest fill-range@^7.1.1
1375 silly packumentCache full:https://registry.npmmirror.com/fill-range cache-miss
1376 http cache https://registry.npmmirror.com/fill-range 2ms (cache hit)
1377 silly packumentCache full:https://registry.npmmirror.com/fill-range set size:79635 disposed:false
1378 silly placeDep ROOT fill-range@7.1.1 OK for: braces@3.0.3 want: ^7.1.1
1379 silly fetch manifest to-regex-range@^5.0.1
1380 silly packumentCache full:https://registry.npmmirror.com/to-regex-range cache-miss
1381 http cache https://registry.npmmirror.com/to-regex-range 2ms (cache hit)
1382 silly packumentCache full:https://registry.npmmirror.com/to-regex-range set size:55700 disposed:false
1383 silly placeDep ROOT to-regex-range@5.0.1 OK for: fill-range@7.1.1 want: ^5.0.1
1384 silly fetch manifest is-number@^7.0.0
1385 silly packumentCache full:https://registry.npmmirror.com/is-number cache-miss
1386 http cache https://registry.npmmirror.com/is-number 2ms (cache hit)
1387 silly packumentCache full:https://registry.npmmirror.com/is-number set size:35937 disposed:false
1388 silly placeDep ROOT @types/normalize-package-data@2.4.4 OK for: read-pkg@9.0.1 want: ^2.4.3
1389 silly placeDep ROOT normalize-package-data@6.0.2 OK for: read-pkg@9.0.1 want: ^6.0.0
1390 silly placeDep ROOT parse-json@8.3.0 OK for: read-pkg@9.0.1 want: ^8.0.0
1391 silly placeDep ROOT type-fest@4.41.0 OK for: read-pkg@9.0.1 want: ^4.6.0
1392 silly placeDep node_modules/read-pkg unicorn-magic@0.1.0 OK for: read-pkg@9.0.1 want: ^0.1.0
1393 silly fetch manifest hosted-git-info@^7.0.0
1394 silly packumentCache full:https://registry.npmmirror.com/hosted-git-info cache-hit
1395 silly fetch manifest validate-npm-package-license@^3.0.4
1396 silly packumentCache full:https://registry.npmmirror.com/validate-npm-package-license cache-miss
1397 silly fetch manifest @babel/code-frame@^7.26.2
1398 silly packumentCache full:https://registry.npmmirror.com/@babel%2fcode-frame cache-miss
1399 silly fetch manifest index-to-position@^1.1.0
1400 silly packumentCache full:https://registry.npmmirror.com/index-to-position cache-miss
1401 silly fetch manifest type-fest@^4.39.1
1402 silly packumentCache full:https://registry.npmmirror.com/type-fest cache-hit
1403 http cache https://registry.npmmirror.com/index-to-position 3ms (cache hit)
1404 silly packumentCache full:https://registry.npmmirror.com/index-to-position set size:13942 disposed:false
1405 http cache https://registry.npmmirror.com/validate-npm-package-license 4ms (cache hit)
1406 silly packumentCache full:https://registry.npmmirror.com/validate-npm-package-license set size:20535 disposed:false
1407 http cache https://registry.npmmirror.com/@babel%2fcode-frame 4ms (cache hit)
1408 silly packumentCache full:https://registry.npmmirror.com/@babel%2fcode-frame set size:191497 disposed:false
1409 silly placeDep node_modules/normalize-package-data hosted-git-info@7.0.2 OK for: normalize-package-data@6.0.2 want: ^7.0.0
1410 silly placeDep ROOT validate-npm-package-license@3.0.4 OK for: normalize-package-data@6.0.2 want: ^3.0.4
1411 silly fetch manifest lru-cache@^10.0.1
1412 silly packumentCache full:https://registry.npmmirror.com/lru-cache cache-hit
1413 silly fetch manifest spdx-correct@^3.0.0
1414 silly packumentCache full:https://registry.npmmirror.com/spdx-correct cache-miss
1415 silly fetch manifest spdx-expression-parse@^3.0.0
1416 silly packumentCache full:https://registry.npmmirror.com/spdx-expression-parse cache-miss
1417 http cache https://registry.npmmirror.com/spdx-expression-parse 2ms (cache hit)
1418 silly packumentCache full:https://registry.npmmirror.com/spdx-expression-parse set size:31344 disposed:false
1419 http cache https://registry.npmmirror.com/spdx-correct 3ms (cache hit)
1420 silly packumentCache full:https://registry.npmmirror.com/spdx-correct set size:34411 disposed:false
1421 silly placeDep ROOT @babel/code-frame@7.29.7 OK for: parse-json@8.3.0 want: ^7.26.2
1422 silly placeDep ROOT index-to-position@1.2.0 OK for: parse-json@8.3.0 want: ^1.1.0
1423 silly fetch manifest @babel/helper-validator-identifier@^7.29.7
1424 silly packumentCache full:https://registry.npmmirror.com/@babel%2fhelper-validator-identifier cache-miss
1425 silly fetch manifest js-tokens@^4.0.0
1426 silly packumentCache full:https://registry.npmmirror.com/js-tokens cache-miss
1427 silly fetch manifest picocolors@^1.1.1
1428 silly packumentCache full:https://registry.npmmirror.com/picocolors cache-miss
1429 http cache https://registry.npmmirror.com/js-tokens 4ms (cache hit)
1430 silly packumentCache full:https://registry.npmmirror.com/js-tokens set size:39640 disposed:false
1431 http cache https://registry.npmmirror.com/@babel%2fhelper-validator-identifier 5ms (cache hit)
1432 silly packumentCache full:https://registry.npmmirror.com/@babel%2fhelper-validator-identifier set size:125837 disposed:false
1433 http cache https://registry.npmmirror.com/picocolors 6ms (cache hit)
1434 silly packumentCache full:https://registry.npmmirror.com/picocolors set size:15692 disposed:false
1435 silly placeDep ROOT @babel/helper-validator-identifier@7.29.7 OK for: @babel/code-frame@7.29.7 want: ^7.29.7
1436 silly placeDep ROOT js-tokens@4.0.0 OK for: @babel/code-frame@7.29.7 want: ^4.0.0
1437 silly placeDep ROOT picocolors@1.1.1 OK for: @babel/code-frame@7.29.7 want: ^1.1.1
1438 silly placeDep ROOT queue-microtask@1.2.3 OK for: run-parallel@1.2.0 want: ^1.2.2
1439 silly placeDep ROOT decompress-response@6.0.0 OK for: simple-get@4.0.1 want: ^6.0.0
1440 silly placeDep ROOT simple-concat@1.0.1 OK for: simple-get@4.0.1 want: ^1.0.0
1441 silly fetch manifest mimic-response@^3.1.0
1442 silly packumentCache full:https://registry.npmmirror.com/mimic-response cache-miss
1443 http cache https://registry.npmmirror.com/mimic-response 2ms (cache hit)
1444 silly packumentCache full:https://registry.npmmirror.com/mimic-response set size:14327 disposed:false
1445 silly placeDep ROOT mimic-response@3.1.0 OK for: decompress-response@6.0.0 want: ^3.1.0
1446 silly placeDep ROOT emoji-regex@8.0.0 OK for: string-width@4.2.3 want: ^8.0.0
1447 silly placeDep ROOT is-fullwidth-code-point@3.0.0 OK for: string-width@4.2.3 want: ^3.0.0
1448 silly placeDep node_modules/string-width strip-ansi@6.0.1 OK for: string-width@4.2.3 want: ^6.0.1
1449 silly placeDep ROOT ansi-regex@6.3.0 OK for: strip-ansi@7.2.0 want: ^6.2.2
1450 silly placeDep ROOT boundary@2.0.0 OK for: structured-source@4.0.0 want: ^2.0.0
1451 silly placeDep ROOT has-flag@4.0.0 OK for: supports-color@7.2.0 want: ^4.0.0
1452 silly placeDep ROOT lodash.truncate@4.4.2 OK for: table@6.9.0 want: ^4.4.2
1453 silly placeDep ROOT slice-ansi@4.0.0 OK for: table@6.9.0 want: ^4.0.0
1454 silly placeDep node_modules/table strip-ansi@6.0.1 OK for: table@6.9.0 want: ^6.0.1
1455 silly fetch manifest astral-regex@^2.0.0
1456 silly packumentCache full:https://registry.npmmirror.com/astral-regex cache-miss
1457 http cache https://registry.npmmirror.com/astral-regex 2ms (cache hit)
1458 silly packumentCache full:https://registry.npmmirror.com/astral-regex set size:4612 disposed:false
1459 silly placeDep ROOT astral-regex@2.0.0 OK for: slice-ansi@4.0.0 want: ^2.0.0
1460 silly placeDep ROOT chownr@1.1.4 OK for: tar-fs@2.1.5 want: ^1.1.1
1461 silly placeDep ROOT tar-stream@2.2.0 OK for: tar-fs@2.1.5 want: ^2.1.4
1462 silly fetch manifest bl@^4.0.3
1463 silly packumentCache full:https://registry.npmmirror.com/bl cache-miss
1464 silly fetch manifest fs-constants@^1.0.0
1465 silly packumentCache full:https://registry.npmmirror.com/fs-constants cache-miss
1466 silly fetch manifest inherits@^2.0.3
1467 silly packumentCache full:https://registry.npmmirror.com/inherits cache-miss
1468 silly fetch manifest readable-stream@^3.1.1
1469 silly packumentCache full:https://registry.npmmirror.com/readable-stream cache-miss
1470 http cache https://registry.npmmirror.com/bl 4ms (cache hit)
1471 silly packumentCache full:https://registry.npmmirror.com/bl set size:226435 disposed:false
1472 http cache https://registry.npmmirror.com/readable-stream 5ms (cache hit)
1473 silly packumentCache full:https://registry.npmmirror.com/readable-stream set size:231868 disposed:false
1474 http cache https://registry.npmmirror.com/fs-constants 6ms (cache hit)
1475 silly packumentCache full:https://registry.npmmirror.com/fs-constants set size:2566 disposed:false
1476 http cache https://registry.npmmirror.com/inherits 7ms (cache hit)
1477 silly packumentCache full:https://registry.npmmirror.com/inherits set size:11198 disposed:false
1478 silly placeDep ROOT bl@4.1.0 OK for: tar-stream@2.2.0 want: ^4.0.3
1479 silly placeDep ROOT fs-constants@1.0.0 OK for: tar-stream@2.2.0 want: ^1.0.0
1480 silly placeDep ROOT inherits@2.0.4 OK for: tar-stream@2.2.0 want: ^2.0.3
1481 silly placeDep ROOT readable-stream@3.6.2 OK for: tar-stream@2.2.0 want: ^3.1.1
1482 silly fetch manifest buffer@^5.5.0
1483 silly packumentCache full:https://registry.npmmirror.com/buffer cache-miss
1484 silly fetch manifest inherits@^2.0.4
1485 silly packumentCache full:https://registry.npmmirror.com/inherits cache-hit
1486 silly fetch manifest readable-stream@^3.4.0
1487 silly packumentCache full:https://registry.npmmirror.com/readable-stream cache-hit
1488 silly fetch manifest string_decoder@^1.1.1
1489 silly packumentCache full:https://registry.npmmirror.com/string_decoder cache-miss
1490 silly fetch manifest util-deprecate@^1.0.1
1491 silly packumentCache full:https://registry.npmmirror.com/util-deprecate cache-miss
1492 http cache https://registry.npmmirror.com/util-deprecate 3ms (cache hit)
1493 silly packumentCache full:https://registry.npmmirror.com/util-deprecate set size:6659 disposed:false
1494 http cache https://registry.npmmirror.com/string_decoder 3ms (cache hit)
1495 silly packumentCache full:https://registry.npmmirror.com/string_decoder set size:24817 disposed:false
1496 http cache https://registry.npmmirror.com/buffer 4ms (cache hit)
1497 silly packumentCache full:https://registry.npmmirror.com/buffer set size:269098 disposed:false
1498 silly placeDep ROOT buffer@5.7.1 OK for: bl@4.1.0 want: ^5.5.0
1499 silly fetch manifest base64-js@^1.3.1
1500 silly packumentCache full:https://registry.npmmirror.com/base64-js cache-miss
1501 silly fetch manifest ieee754@^1.1.13
1502 silly packumentCache full:https://registry.npmmirror.com/ieee754 cache-miss
1503 http cache https://registry.npmmirror.com/base64-js 3ms (cache hit)
1504 silly packumentCache full:https://registry.npmmirror.com/base64-js set size:43117 disposed:false
1505 http cache https://registry.npmmirror.com/ieee754 3ms (cache hit)
1506 silly packumentCache full:https://registry.npmmirror.com/ieee754 set size:30795 disposed:false
1507 silly placeDep ROOT base64-js@1.5.1 OK for: buffer@5.7.1 want: ^1.3.1
1508 silly placeDep ROOT ieee754@1.2.1 OK for: buffer@5.7.1 want: ^1.1.13
1509 silly placeDep ROOT string_decoder@1.3.0 OK for: readable-stream@3.6.2 want: ^1.1.1
1510 silly placeDep ROOT util-deprecate@1.0.2 OK for: readable-stream@3.6.2 want: ^1.0.1
1511 silly placeDep ROOT ansi-escapes@7.3.0 OK for: terminal-link@4.0.0 want: ^7.0.0
1512 silly placeDep ROOT supports-hyperlinks@3.2.0 OK for: terminal-link@4.0.0 want: ^3.2.0
1513 silly fetch manifest environment@^1.0.0
1514 silly packumentCache full:https://registry.npmmirror.com/environment cache-miss
1515 http cache https://registry.npmmirror.com/environment 2ms (cache hit)
1516 silly packumentCache full:https://registry.npmmirror.com/environment set size:10546 disposed:false
1517 silly placeDep ROOT environment@1.1.0 OK for: ansi-escapes@7.3.0 want: ^1.0.0
1518 silly placeDep ROOT is-number@7.0.0 OK for: to-regex-range@5.0.1 want: ^7.0.0
1519 silly placeDep ROOT qs@6.15.3 OK for: typed-rest-client@1.8.11 want: ^6.9.1
1520 silly placeDep ROOT underscore@1.13.8 OK for: typed-rest-client@1.8.11 want: ^1.12.1
1521 silly fetch manifest side-channel@^1.1.1
1522 silly packumentCache full:https://registry.npmmirror.com/side-channel cache-miss
1523 http cache https://registry.npmmirror.com/side-channel 2ms (cache hit)
1524 silly packumentCache full:https://registry.npmmirror.com/side-channel set size:24243 disposed:false
1525 silly placeDep ROOT side-channel@1.1.1 OK for: qs@6.15.3 want: ^1.1.1
1526 silly fetch manifest object-inspect@^1.13.4
1527 silly packumentCache full:https://registry.npmmirror.com/object-inspect cache-miss
1528 silly fetch manifest side-channel-list@^1.0.1
1529 silly packumentCache full:https://registry.npmmirror.com/side-channel-list cache-miss
1530 silly fetch manifest side-channel-map@^1.0.1
1531 silly packumentCache full:https://registry.npmmirror.com/side-channel-map cache-miss
1532 silly fetch manifest side-channel-weakmap@^1.0.2
1533 silly packumentCache full:https://registry.npmmirror.com/side-channel-weakmap cache-miss
1534 http cache https://registry.npmmirror.com/object-inspect 3ms (cache hit)
1535 silly packumentCache full:https://registry.npmmirror.com/object-inspect set size:93930 disposed:false
1536 http cache https://registry.npmmirror.com/side-channel-map 4ms (cache hit)
1537 silly packumentCache full:https://registry.npmmirror.com/side-channel-map set size:9391 disposed:false
1538 http cache https://registry.npmmirror.com/side-channel-list 4ms (cache hit)
1539 silly packumentCache full:https://registry.npmmirror.com/side-channel-list set size:9286 disposed:false
1540 http cache https://registry.npmmirror.com/side-channel-weakmap 4ms (cache hit)
1541 silly packumentCache full:https://registry.npmmirror.com/side-channel-weakmap set size:13016 disposed:false
1542 silly placeDep ROOT object-inspect@1.13.4 OK for: side-channel@1.1.1 want: ^1.13.4
1543 silly placeDep ROOT side-channel-list@1.0.1 OK for: side-channel@1.1.1 want: ^1.0.1
1544 silly placeDep ROOT side-channel-map@1.0.1 OK for: side-channel@1.1.1 want: ^1.0.1
1545 silly placeDep ROOT side-channel-weakmap@1.0.2 OK for: side-channel@1.1.1 want: ^1.0.2
1546 silly fetch manifest call-bound@^1.0.2
1547 silly packumentCache full:https://registry.npmmirror.com/call-bound cache-miss
1548 silly fetch manifest call-bound@^1.0.2
1549 silly packumentCache full:https://registry.npmmirror.com/call-bound cache-miss
1550 http cache https://registry.npmmirror.com/call-bound 2ms (cache hit)
1551 silly packumentCache full:https://registry.npmmirror.com/call-bound set size:15809 disposed:false
1552 http cache https://registry.npmmirror.com/call-bound 4ms (cache hit)
1553 silly packumentCache full:https://registry.npmmirror.com/call-bound set size:15809 disposed:false
1554 silly packumentCache full:https://registry.npmmirror.com/call-bound dispose
1555 silly placeDep ROOT call-bound@1.0.4 OK for: side-channel-map@1.0.1 want: ^1.0.2
1556 silly placeDep ROOT spdx-correct@3.2.0 OK for: validate-npm-package-license@3.0.4 want: ^3.0.0
1557 silly placeDep ROOT spdx-expression-parse@3.0.1 OK for: validate-npm-package-license@3.0.4 want: ^3.0.0
1558 silly fetch manifest spdx-license-ids@^3.0.0
1559 silly packumentCache full:https://registry.npmmirror.com/spdx-license-ids cache-miss
1560 silly fetch manifest spdx-exceptions@^2.1.0
1561 silly packumentCache full:https://registry.npmmirror.com/spdx-exceptions cache-miss
1562 silly fetch manifest spdx-license-ids@^3.0.0
1563 silly packumentCache full:https://registry.npmmirror.com/spdx-license-ids cache-miss
1564 http cache https://registry.npmmirror.com/spdx-exceptions 19ms (cache hit)
1565 silly packumentCache full:https://registry.npmmirror.com/spdx-exceptions set size:19496 disposed:false
1566 http cache https://registry.npmmirror.com/spdx-license-ids 19ms (cache hit)
1567 silly packumentCache full:https://registry.npmmirror.com/spdx-license-ids set size:73231 disposed:false
1568 http cache https://registry.npmmirror.com/spdx-license-ids 20ms (cache hit)
1569 silly packumentCache full:https://registry.npmmirror.com/spdx-license-ids set size:73231 disposed:false
1570 silly packumentCache full:https://registry.npmmirror.com/spdx-license-ids dispose
1571 silly placeDep ROOT spdx-license-ids@3.0.23 OK for: spdx-correct@3.2.0 want: ^3.0.0
1572 silly placeDep ROOT spdx-exceptions@2.5.0 OK for: spdx-expression-parse@3.0.1 want: ^2.1.0
1573 silly placeDep ROOT is-wsl@3.1.1 OK for: wsl-utils@0.1.0 want: ^3.1.0
1574 silly placeDep ROOT sax@1.6.1 OK for: xml2js@0.5.0 want: >=0.6.0
1575 silly placeDep ROOT xmlbuilder@11.0.1 OK for: xml2js@0.5.0 want: ~11.0.0
1576 silly placeDep ROOT pend@1.2.0 OK for: yauzl@3.4.0 want: ~1.2.0
1577 silly placeDep ROOT buffer-crc32@0.2.13 OK for: yazl@2.5.1 want: ~0.2.3
1578 silly placeDep node_modules/@textlint/linter-formatter ansi-regex@5.0.1 OK for: strip-ansi@6.0.1 want: ^5.0.1
1579 silly placeDep node_modules/normalize-package-data lru-cache@10.4.3 OK for: hosted-git-info@7.0.2 want: ^10.0.1
1580 silly placeDep node_modules/string-width ansi-regex@5.0.1 OK for: strip-ansi@6.0.1 want: ^5.0.1
1581 silly placeDep node_modules/table ansi-regex@5.0.1 OK for: strip-ansi@6.0.1 want: ^5.0.1
1582 silly reify moves {}
1583 http cache buffer-crc32@https://registry.npmmirror.com/buffer-crc32/-/buffer-crc32-0.2.13.tgz 0ms (cache hit)
1584 http cache pend@https://registry.npmmirror.com/pend/-/pend-1.2.0.tgz 0ms (cache hit)
1585 http cache xmlbuilder@https://registry.npmmirror.com/xmlbuilder/-/xmlbuilder-11.0.1.tgz 0ms (cache hit)
1586 http cache sax@https://registry.npmmirror.com/sax/-/sax-1.6.1.tgz 0ms (cache hit)
1587 http cache spdx-exceptions@https://registry.npmmirror.com/spdx-exceptions/-/spdx-exceptions-2.5.0.tgz 0ms (cache hit)
1588 http cache is-wsl@https://registry.npmmirror.com/is-wsl/-/is-wsl-3.1.1.tgz 0ms (cache hit)
1589 http cache spdx-license-ids@https://registry.npmmirror.com/spdx-license-ids/-/spdx-license-ids-3.0.23.tgz 0ms (cache hit)
1590 http cache spdx-expression-parse@https://registry.npmmirror.com/spdx-expression-parse/-/spdx-expression-parse-3.0.1.tgz 0ms (cache hit)
1591 http cache spdx-correct@https://registry.npmmirror.com/spdx-correct/-/spdx-correct-3.2.0.tgz 0ms (cache hit)
1592 http cache call-bound@https://registry.npmmirror.com/call-bound/-/call-bound-1.0.4.tgz 0ms (cache hit)
1593 http cache side-channel-weakmap@https://registry.npmmirror.com/side-channel-weakmap/-/side-channel-weakmap-1.0.2.tgz 0ms (cache hit)
1594 http cache side-channel-list@https://registry.npmmirror.com/side-channel-list/-/side-channel-list-1.0.1.tgz 0ms (cache hit)
1595 http cache side-channel-map@https://registry.npmmirror.com/side-channel-map/-/side-channel-map-1.0.1.tgz 0ms (cache hit)
1596 http cache object-inspect@https://registry.npmmirror.com/object-inspect/-/object-inspect-1.13.4.tgz 0ms (cache hit)
1597 http cache side-channel@https://registry.npmmirror.com/side-channel/-/side-channel-1.1.1.tgz 0ms (cache hit)
1598 http cache underscore@https://registry.npmmirror.com/underscore/-/underscore-1.13.8.tgz 0ms (cache hit)
1599 http cache qs@https://registry.npmmirror.com/qs/-/qs-6.15.3.tgz 0ms (cache hit)
1600 http cache is-number@https://registry.npmmirror.com/is-number/-/is-number-7.0.0.tgz 0ms (cache hit)
1601 http cache environment@https://registry.npmmirror.com/environment/-/environment-1.1.0.tgz 0ms (cache hit)
1602 http cache supports-hyperlinks@https://registry.npmmirror.com/supports-hyperlinks/-/supports-hyperlinks-3.2.0.tgz 0ms (cache hit)
1603 http cache string_decoder@https://registry.npmmirror.com/string_decoder/-/string_decoder-1.3.0.tgz 0ms (cache hit)
1604 http cache util-deprecate@https://registry.npmmirror.com/util-deprecate/-/util-deprecate-1.0.2.tgz 0ms (cache hit)
1605 http cache ansi-escapes@https://registry.npmmirror.com/ansi-escapes/-/ansi-escapes-7.3.0.tgz 0ms (cache hit)
1606 http cache ieee754@https://registry.npmmirror.com/ieee754/-/ieee754-1.2.1.tgz 0ms (cache hit)
1607 http cache base64-js@https://registry.npmmirror.com/base64-js/-/base64-js-1.5.1.tgz 0ms (cache hit)
1608 http cache readable-stream@https://registry.npmmirror.com/readable-stream/-/readable-stream-3.6.2.tgz 0ms (cache hit)
1609 http cache buffer@https://registry.npmmirror.com/buffer/-/buffer-5.7.1.tgz 0ms (cache hit)
1610 http cache inherits@https://registry.npmmirror.com/inherits/-/inherits-2.0.4.tgz 0ms (cache hit)
1611 http cache fs-constants@https://registry.npmmirror.com/fs-constants/-/fs-constants-1.0.0.tgz 0ms (cache hit)
1612 http cache bl@https://registry.npmmirror.com/bl/-/bl-4.1.0.tgz 0ms (cache hit)
1613 http cache tar-stream@https://registry.npmmirror.com/tar-stream/-/tar-stream-2.2.0.tgz 0ms (cache hit)
1614 http cache chownr@https://registry.npmmirror.com/chownr/-/chownr-1.1.4.tgz 0ms (cache hit)
1615 http cache astral-regex@https://registry.npmmirror.com/astral-regex/-/astral-regex-2.0.0.tgz 0ms (cache hit)
1616 http cache slice-ansi@https://registry.npmmirror.com/slice-ansi/-/slice-ansi-4.0.0.tgz 0ms (cache hit)
1617 http cache lodash.truncate@https://registry.npmmirror.com/lodash.truncate/-/lodash.truncate-4.4.2.tgz 0ms (cache hit)
1618 http cache has-flag@https://registry.npmmirror.com/has-flag/-/has-flag-4.0.0.tgz 0ms (cache hit)
1619 http cache boundary@https://registry.npmmirror.com/boundary/-/boundary-2.0.0.tgz 0ms (cache hit)
1620 http cache ansi-regex@https://registry.npmmirror.com/ansi-regex/-/ansi-regex-6.3.0.tgz 0ms (cache hit)
1621 http cache is-fullwidth-code-point@https://registry.npmmirror.com/is-fullwidth-code-point/-/is-fullwidth-code-point-3.0.0.tgz 0ms (cache hit)
1622 http cache emoji-regex@https://registry.npmmirror.com/emoji-regex/-/emoji-regex-8.0.0.tgz 0ms (cache hit)
1623 http cache mimic-response@https://registry.npmmirror.com/mimic-response/-/mimic-response-3.1.0.tgz 0ms (cache hit)
1624 http cache decompress-response@https://registry.npmmirror.com/decompress-response/-/decompress-response-6.0.0.tgz 0ms (cache hit)
1625 http cache @babel/helper-validator-identifier@https://registry.npmmirror.com/@babel/helper-validator-identifier/-/helper-validator-identifier-7.29.7.tgz 0ms (cache hit)
1626 http cache simple-concat@https://registry.npmmirror.com/simple-concat/-/simple-concat-1.0.1.tgz 0ms (cache hit)
1627 http cache queue-microtask@https://registry.npmmirror.com/queue-microtask/-/queue-microtask-1.2.3.tgz 0ms (cache hit)
1628 http cache @babel/code-frame@https://registry.npmmirror.com/@babel/code-frame/-/code-frame-7.29.7.tgz 0ms (cache hit)
1629 http cache picocolors@https://registry.npmmirror.com/picocolors/-/picocolors-1.1.1.tgz 0ms (cache hit)
1630 http cache js-tokens@https://registry.npmmirror.com/js-tokens/-/js-tokens-4.0.0.tgz 0ms (cache hit)
1631 http cache index-to-position@https://registry.npmmirror.com/index-to-position/-/index-to-position-1.2.0.tgz 0ms (cache hit)
1632 http cache validate-npm-package-license@https://registry.npmmirror.com/validate-npm-package-license/-/validate-npm-package-license-3.0.4.tgz 0ms (cache hit)
1633 http cache @types/normalize-package-data@https://registry.npmmirror.com/@types/normalize-package-data/-/normalize-package-data-2.4.4.tgz 0ms (cache hit)
1634 http cache type-fest@https://registry.npmmirror.com/type-fest/-/type-fest-4.41.0.tgz 0ms (cache hit)
1635 http cache normalize-package-data@https://registry.npmmirror.com/normalize-package-data/-/normalize-package-data-6.0.2.tgz 0ms (cache hit)
1636 http cache parse-json@https://registry.npmmirror.com/parse-json/-/parse-json-8.3.0.tgz 0ms (cache hit)
1637 http cache fill-range@https://registry.npmmirror.com/fill-range/-/fill-range-7.1.1.tgz 0ms (cache hit)
1638 http cache to-regex-range@https://registry.npmmirror.com/to-regex-range/-/to-regex-range-5.0.1.tgz 0ms (cache hit)
1639 http cache picomatch@https://registry.npmmirror.com/picomatch/-/picomatch-2.3.2.tgz 0ms (cache hit)
1640 http cache braces@https://registry.npmmirror.com/braces/-/braces-3.0.3.tgz 0ms (cache hit)
1641 http cache @nodelib/fs.scandir@https://registry.npmmirror.com/@nodelib/fs.scandir/-/fs.scandir-2.1.5.tgz 0ms (cache hit)
1642 http cache is-extglob@https://registry.npmmirror.com/is-extglob/-/is-extglob-2.1.1.tgz 0ms (cache hit)
1643 http cache reusify@https://registry.npmmirror.com/reusify/-/reusify-1.1.0.tgz 0ms (cache hit)
1644 http cache is-glob@https://registry.npmmirror.com/is-glob/-/is-glob-4.0.3.tgz 0ms (cache hit)
1645 http cache micromatch@https://registry.npmmirror.com/micromatch/-/micromatch-4.0.8.tgz 0ms (cache hit)
1646 http cache @nodelib/fs.walk@https://registry.npmmirror.com/@nodelib/fs.walk/-/fs.walk-1.2.8.tgz 0ms (cache hit)
1647 http cache run-parallel@https://registry.npmmirror.com/run-parallel/-/run-parallel-1.2.0.tgz 0ms (cache hit)
1648 http cache @nodelib/fs.stat@https://registry.npmmirror.com/@nodelib/fs.stat/-/fs.stat-2.0.5.tgz 0ms (cache hit)
1649 http cache merge2@https://registry.npmmirror.com/merge2/-/merge2-1.4.1.tgz 0ms (cache hit)
1650 http cache fastq@https://registry.npmmirror.com/fastq/-/fastq-1.20.1.tgz 0ms (cache hit)
1651 http cache unicorn-magic@https://registry.npmmirror.com/unicorn-magic/-/unicorn-magic-0.3.0.tgz 0ms (cache hit)
1652 http cache slash@https://registry.npmmirror.com/slash/-/slash-5.1.0.tgz 0ms (cache hit)
1653 http cache @secretlint/config-creator@https://registry.npmmirror.com/@secretlint/config-creator/-/config-creator-10.2.2.tgz 0ms (cache hit)
1654 http cache path-type@https://registry.npmmirror.com/path-type/-/path-type-6.0.0.tgz 0ms (cache hit)
1655 http cache glob-parent@https://registry.npmmirror.com/glob-parent/-/glob-parent-5.1.2.tgz 0ms (cache hit)
1656 http cache ignore@https://registry.npmmirror.com/ignore/-/ignore-7.0.6.tgz 0ms (cache hit)
1657 http cache @sindresorhus/merge-streams@https://registry.npmmirror.com/@sindresorhus/merge-streams/-/merge-streams-2.3.0.tgz 0ms (cache hit)
1658 http cache fast-glob@https://registry.npmmirror.com/fast-glob/-/fast-glob-3.3.3.tgz 0ms (cache hit)
1659 http cache read-pkg@https://registry.npmmirror.com/read-pkg/-/read-pkg-9.0.1.tgz 0ms (cache hit)
1660 http cache mute-stream@https://registry.npmmirror.com/mute-stream/-/mute-stream-0.0.8.tgz 0ms (cache hit)
1661 http cache json5@https://registry.npmmirror.com/json5/-/json5-2.2.3.tgz 0ms (cache hit)
1662 http cache strip-json-comments@https://registry.npmmirror.com/strip-json-comments/-/strip-json-comments-2.0.1.tgz 0ms (cache hit)
1663 http cache globby@https://registry.npmmirror.com/globby/-/globby-14.1.0.tgz 0ms (cache hit)
1664 http cache ini@https://registry.npmmirror.com/ini/-/ini-1.3.8.tgz 0ms (cache hit)
1665 http cache deep-extend@https://registry.npmmirror.com/deep-extend/-/deep-extend-0.6.0.tgz 0ms (cache hit)
1666 http cache once@https://registry.npmmirror.com/once/-/once-1.4.0.tgz 0ms (cache hit)
1667 http cache wrappy@https://registry.npmmirror.com/wrappy/-/wrappy-1.0.2.tgz 0ms (cache hit)
1668 http cache end-of-stream@https://registry.npmmirror.com/end-of-stream/-/end-of-stream-1.4.5.tgz 0ms (cache hit)
1669 http cache tunnel-agent@https://registry.npmmirror.com/tunnel-agent/-/tunnel-agent-0.6.0.tgz 0ms (cache hit)
1670 http cache pump@https://registry.npmmirror.com/pump/-/pump-3.0.4.tgz 0ms (cache hit)
1671 http cache simple-get@https://registry.npmmirror.com/simple-get/-/simple-get-4.0.1.tgz 0ms (cache hit)
1672 http cache rc@https://registry.npmmirror.com/rc/-/rc-1.2.8.tgz 0ms (cache hit)
1673 http cache napi-build-utils@https://registry.npmmirror.com/napi-build-utils/-/napi-build-utils-1.0.2.tgz 0ms (cache hit)
1674 http cache node-abi@https://registry.npmmirror.com/node-abi/-/node-abi-3.94.0.tgz 0ms (cache hit)
1675 http cache minimist@https://registry.npmmirror.com/minimist/-/minimist-1.2.8.tgz 0ms (cache hit)
1676 http cache mkdirp-classic@https://registry.npmmirror.com/mkdirp-classic/-/mkdirp-classic-0.5.3.tgz 0ms (cache hit)
1677 http cache tar-fs@https://registry.npmmirror.com/tar-fs/-/tar-fs-2.1.5.tgz 0ms (cache hit)
1678 http cache github-from-package@https://registry.npmmirror.com/github-from-package/-/github-from-package-0.0.0.tgz 0ms (cache hit)
1679 http cache detect-libc@https://registry.npmmirror.com/detect-libc/-/detect-libc-2.1.2.tgz 0ms (cache hit)
1680 http cache expand-template@https://registry.npmmirror.com/expand-template/-/expand-template-2.0.3.tgz 0ms (cache hit)
1681 http cache is-docker@https://registry.npmmirror.com/is-docker/-/is-docker-3.0.0.tgz 0ms (cache hit)
1682 http cache run-applescript@https://registry.npmmirror.com/run-applescript/-/run-applescript-7.1.0.tgz 0ms (cache hit)
1683 http cache wsl-utils@https://registry.npmmirror.com/wsl-utils/-/wsl-utils-0.1.0.tgz 0ms (cache hit)
1684 http cache default-browser-id@https://registry.npmmirror.com/default-browser-id/-/default-browser-id-5.0.1.tgz 0ms (cache hit)
1685 http cache is-inside-container@https://registry.npmmirror.com/is-inside-container/-/is-inside-container-1.0.0.tgz 0ms (cache hit)
1686 http cache bundle-name@https://registry.npmmirror.com/bundle-name/-/bundle-name-4.1.0.tgz 0ms (cache hit)
1687 http cache @types/sarif@https://registry.npmmirror.com/@types/sarif/-/sarif-2.1.7.tgz 0ms (cache hit)
1688 http cache define-lazy-prop@https://registry.npmmirror.com/define-lazy-prop/-/define-lazy-prop-3.0.0.tgz 0ms (cache hit)
1689 http cache universalify@https://registry.npmmirror.com/universalify/-/universalify-2.0.1.tgz 0ms (cache hit)
1690 http cache default-browser@https://registry.npmmirror.com/default-browser/-/default-browser-5.5.0.tgz 0ms (cache hit)
1691 http cache jsonfile@https://registry.npmmirror.com/jsonfile/-/jsonfile-6.2.1.tgz 0ms (cache hit)
1692 http cache graceful-fs@https://registry.npmmirror.com/graceful-fs/-/graceful-fs-4.2.11.tgz 0ms (cache hit)
1693 http cache fs-extra@https://registry.npmmirror.com/fs-extra/-/fs-extra-11.4.0.tgz 0ms (cache hit)
1694 http cache balanced-match@https://registry.npmmirror.com/balanced-match/-/balanced-match-4.0.4.tgz 0ms (cache hit)
1695 http cache mime-db@https://registry.npmmirror.com/mime-db/-/mime-db-1.52.0.tgz 0ms (cache hit)
1696 http cache brace-expansion@https://registry.npmmirror.com/brace-expansion/-/brace-expansion-5.0.9.tgz 0ms (cache hit)
1697 http cache uc.micro@https://registry.npmmirror.com/uc.micro/-/uc.micro-2.1.0.tgz 0ms (cache hit)
1698 http cache mdurl@https://registry.npmmirror.com/mdurl/-/mdurl-2.1.0.tgz 0ms (cache hit)
1699 http cache punycode.js@https://registry.npmmirror.com/punycode.js/-/punycode.js-2.3.1.tgz 0ms (cache hit)
1700 http cache linkify-it@https://registry.npmmirror.com/linkify-it/-/linkify-it-5.0.2.tgz 0ms (cache hit)
1701 http cache prebuild-install@https://registry.npmmirror.com/prebuild-install/-/prebuild-install-7.1.2.tgz 0ms (cache hit)
1702 http cache yallist@https://registry.npmmirror.com/yallist/-/yallist-4.0.0.tgz 0ms (cache hit)
1703 http cache ecdsa-sig-formatter@https://registry.npmmirror.com/ecdsa-sig-formatter/-/ecdsa-sig-formatter-1.0.11.tgz 0ms (cache hit)
1704 http cache node-addon-api@https://registry.npmmirror.com/node-addon-api/-/node-addon-api-4.3.0.tgz 0ms (cache hit)
1705 http cache jwa@https://registry.npmmirror.com/jwa/-/jwa-2.0.1.tgz 0ms (cache hit)
1706 http cache buffer-equal-constant-time@https://registry.npmmirror.com/buffer-equal-constant-time/-/buffer-equal-constant-time-1.0.1.tgz 0ms (cache hit)
1707 http cache safe-buffer@https://registry.npmmirror.com/safe-buffer/-/safe-buffer-5.2.1.tgz 0ms (cache hit)
1708 http cache lodash.once@https://registry.npmmirror.com/lodash.once/-/lodash.once-4.1.1.tgz 0ms (cache hit)
1709 http cache lodash.isstring@https://registry.npmmirror.com/lodash.isstring/-/lodash.isstring-4.0.1.tgz 0ms (cache hit)
1710 http cache lodash.isplainobject@https://registry.npmmirror.com/lodash.isplainobject/-/lodash.isplainobject-4.0.6.tgz 0ms (cache hit)
1711 http cache lodash.isnumber@https://registry.npmmirror.com/lodash.isnumber/-/lodash.isnumber-3.0.3.tgz 0ms (cache hit)
1712 http cache lodash.isinteger@https://registry.npmmirror.com/lodash.isinteger/-/lodash.isinteger-4.0.4.tgz 0ms (cache hit)
1713 http cache lodash.includes@https://registry.npmmirror.com/lodash.includes/-/lodash.includes-4.3.0.tgz 0ms (cache hit)
1714 http cache lodash.isboolean@https://registry.npmmirror.com/lodash.isboolean/-/lodash.isboolean-3.0.3.tgz 0ms (cache hit)
1715 http cache jws@https://registry.npmmirror.com/jws/-/jws-4.0.1.tgz 0ms (cache hit)
1716 http cache argparse@https://registry.npmmirror.com/argparse/-/argparse-2.0.1.tgz 0ms (cache hit)
1717 http cache version-range@https://registry.npmmirror.com/version-range/-/version-range-4.15.0.tgz 0ms (cache hit)
1718 http cache editions@https://registry.npmmirror.com/editions/-/editions-6.22.0.tgz 0ms (cache hit)
1719 http cache textextensions@https://registry.npmmirror.com/textextensions/-/textextensions-6.11.0.tgz 0ms (cache hit)
1720 http cache binaryextensions@https://registry.npmmirror.com/binaryextensions/-/binaryextensions-6.11.0.tgz 0ms (cache hit)
1721 http cache safer-buffer@https://registry.npmmirror.com/safer-buffer/-/safer-buffer-2.1.2.tgz 0ms (cache hit)
1722 http cache agent-base@https://registry.npmmirror.com/agent-base/-/agent-base-7.1.4.tgz 0ms (cache hit)
1723 http cache minipass@https://registry.npmmirror.com/minipass/-/minipass-7.1.3.tgz 0ms (cache hit)
1724 http cache lru-cache@https://registry.npmmirror.com/lru-cache/-/lru-cache-6.0.0.tgz 0ms (cache hit)
1725 http cache dunder-proto@https://registry.npmmirror.com/dunder-proto/-/dunder-proto-1.0.1.tgz 0ms (cache hit)
1726 http cache path-scurry@https://registry.npmmirror.com/path-scurry/-/path-scurry-2.0.2.tgz 0ms (cache hit)
1727 http cache math-intrinsics@https://registry.npmmirror.com/math-intrinsics/-/math-intrinsics-1.1.0.tgz 0ms (cache hit)
1728 http cache has-symbols@https://registry.npmmirror.com/has-symbols/-/has-symbols-1.1.0.tgz 0ms (cache hit)
1729 http cache gopd@https://registry.npmmirror.com/gopd/-/gopd-1.2.0.tgz 0ms (cache hit)
1730 http cache get-proto@https://registry.npmmirror.com/get-proto/-/get-proto-1.0.1.tgz 0ms (cache hit)
1731 http cache function-bind@https://registry.npmmirror.com/function-bind/-/function-bind-1.1.2.tgz 0ms (cache hit)
1732 http cache es-object-atoms@https://registry.npmmirror.com/es-object-atoms/-/es-object-atoms-1.1.2.tgz 0ms (cache hit)
1733 http cache es-define-property@https://registry.npmmirror.com/es-define-property/-/es-define-property-1.0.1.tgz 0ms (cache hit)
1734 http cache call-bind-apply-helpers@https://registry.npmmirror.com/call-bind-apply-helpers/-/call-bind-apply-helpers-1.0.2.tgz 0ms (cache hit)
1735 http cache has-tostringtag@https://registry.npmmirror.com/has-tostringtag/-/has-tostringtag-1.0.2.tgz 0ms (cache hit)
1736 http cache get-intrinsic@https://registry.npmmirror.com/get-intrinsic/-/get-intrinsic-1.3.0.tgz 0ms (cache hit)
1737 http cache delayed-stream@https://registry.npmmirror.com/delayed-stream/-/delayed-stream-1.0.0.tgz 0ms (cache hit)
1738 http cache es-errors@https://registry.npmmirror.com/es-errors/-/es-errors-1.3.0.tgz 0ms (cache hit)
1739 http cache mime-types@https://registry.npmmirror.com/mime-types/-/mime-types-2.1.35.tgz 0ms (cache hit)
1740 http cache hasown@https://registry.npmmirror.com/hasown/-/hasown-2.0.4.tgz 0ms (cache hit)
1741 http cache es-set-tostringtag@https://registry.npmmirror.com/es-set-tostringtag/-/es-set-tostringtag-2.1.0.tgz 0ms (cache hit)
1742 http cache whatwg-encoding@https://registry.npmmirror.com/whatwg-encoding/-/whatwg-encoding-3.1.1.tgz 0ms (cache hit)
1743 http cache asynckit@https://registry.npmmirror.com/asynckit/-/asynckit-0.4.0.tgz 0ms (cache hit)
1744 http cache combined-stream@https://registry.npmmirror.com/combined-stream/-/combined-stream-1.0.8.tgz 0ms (cache hit)
1745 http cache iconv-lite@https://registry.npmmirror.com/iconv-lite/-/iconv-lite-0.6.3.tgz 0ms (cache hit)
1746 http cache ms@https://registry.npmmirror.com/ms/-/ms-2.1.3.tgz 0ms (cache hit)
1747 http cache entities@https://registry.npmmirror.com/entities/-/entities-4.5.0.tgz 0ms (cache hit)
1748 http cache nth-check@https://registry.npmmirror.com/nth-check/-/nth-check-2.1.1.tgz 0ms (cache hit)
1749 http cache color-name@https://registry.npmmirror.com/color-name/-/color-name-1.1.4.tgz 0ms (cache hit)
1750 http cache domelementtype@https://registry.npmmirror.com/domelementtype/-/domelementtype-2.3.0.tgz 0ms (cache hit)
1751 http cache css-what@https://registry.npmmirror.com/css-what/-/css-what-6.2.2.tgz 0ms (cache hit)
1752 http cache css-select@https://registry.npmmirror.com/css-select/-/css-select-5.2.2.tgz 0ms (cache hit)
1753 http cache boolbase@https://registry.npmmirror.com/boolbase/-/boolbase-1.0.0.tgz 0ms (cache hit)
1754 http cache undici@https://registry.npmmirror.com/undici/-/undici-7.29.0.tgz 0ms (cache hit)
1755 http cache whatwg-mimetype@https://registry.npmmirror.com/whatwg-mimetype/-/whatwg-mimetype-4.0.0.tgz 0ms (cache hit)
1756 http cache parse5-parser-stream@https://registry.npmmirror.com/parse5-parser-stream/-/parse5-parser-stream-7.1.2.tgz 0ms (cache hit)
1757 http cache parse5-htmlparser2-tree-adapter@https://registry.npmmirror.com/parse5-htmlparser2-tree-adapter/-/parse5-htmlparser2-tree-adapter-7.1.0.tgz 0ms (cache hit)
1758 http cache htmlparser2@https://registry.npmmirror.com/htmlparser2/-/htmlparser2-10.1.0.tgz 0ms (cache hit)
1759 http cache parse5@https://registry.npmmirror.com/parse5/-/parse5-7.3.0.tgz 0ms (cache hit)
1760 http cache encoding-sniffer@https://registry.npmmirror.com/encoding-sniffer/-/encoding-sniffer-0.2.1.tgz 0ms (cache hit)
1761 http cache domutils@https://registry.npmmirror.com/domutils/-/domutils-3.2.2.tgz 0ms (cache hit)
1762 http cache domhandler@https://registry.npmmirror.com/domhandler/-/domhandler-5.0.3.tgz 0ms (cache hit)
1763 http cache dom-serializer@https://registry.npmmirror.com/dom-serializer/-/dom-serializer-2.0.0.tgz 0ms (cache hit)
1764 http cache cheerio-select@https://registry.npmmirror.com/cheerio-select/-/cheerio-select-2.1.0.tgz 0ms (cache hit)
1765 http cache color-convert@https://registry.npmmirror.com/color-convert/-/color-convert-2.0.1.tgz 0ms (cache hit)
1766 http cache supports-color@https://registry.npmmirror.com/supports-color/-/supports-color-7.2.0.tgz 0ms (cache hit)
1767 http cache ansi-styles@https://registry.npmmirror.com/ansi-styles/-/ansi-styles-4.3.0.tgz 0ms (cache hit)
1768 http cache @vscode/vsce-sign-win32-x64@https://registry.npmmirror.com/@vscode/vsce-sign-win32-x64/-/vsce-sign-win32-x64-2.0.6.tgz 0ms (cache hit)
1769 http cache require-from-string@https://registry.npmmirror.com/require-from-string/-/require-from-string-2.0.2.tgz 0ms (cache hit)
1770 http cache tunnel@https://registry.npmmirror.com/tunnel/-/tunnel-0.0.6.tgz 0ms (cache hit)
1771 http cache json-schema-traverse@https://registry.npmmirror.com/json-schema-traverse/-/json-schema-traverse-1.0.0.tgz 0ms (cache hit)
1772 http cache @textlint/ast-node-types@https://registry.npmmirror.com/@textlint/ast-node-types/-/ast-node-types-15.8.0.tgz 0ms (cache hit)
1773 http cache fast-deep-equal@https://registry.npmmirror.com/fast-deep-equal/-/fast-deep-equal-3.1.3.tgz 0ms (cache hit)
1774 http cache @textlint/resolver@https://registry.npmmirror.com/@textlint/resolver/-/resolver-15.8.0.tgz 0ms (cache hit)
1775 http cache fast-uri@https://registry.npmmirror.com/fast-uri/-/fast-uri-3.1.5.tgz 0ms (cache hit)
1776 http cache https-proxy-agent@https://registry.npmmirror.com/https-proxy-agent/-/https-proxy-agent-7.0.6.tgz 0ms (cache hit)
1777 http cache http-proxy-agent@https://registry.npmmirror.com/http-proxy-agent/-/http-proxy-agent-7.0.2.tgz 0ms (cache hit)
1778 http cache text-table@https://registry.npmmirror.com/text-table/-/text-table-0.2.0.tgz 0ms (cache hit)
1779 http cache string-width@https://registry.npmmirror.com/string-width/-/string-width-4.2.3.tgz 0ms (cache hit)
1780 http cache lodash@https://registry.npmmirror.com/lodash/-/lodash-4.18.1.tgz 0ms (cache hit)
1781 http cache @azu/style-format@https://registry.npmmirror.com/@azu/style-format/-/style-format-1.0.1.tgz 0ms (cache hit)
1782 http cache @azu/format-text@https://registry.npmmirror.com/@azu/format-text/-/format-text-1.0.2.tgz 0ms (cache hit)
1783 http cache js-yaml@https://registry.npmmirror.com/js-yaml/-/js-yaml-4.3.1.tgz 0ms (cache hit)
1784 http cache terminal-link@https://registry.npmmirror.com/terminal-link/-/terminal-link-4.0.0.tgz 0ms (cache hit)
1785 http cache istextorbinary@https://registry.npmmirror.com/istextorbinary/-/istextorbinary-9.5.0.tgz 0ms (cache hit)
1786 http cache @textlint/types@https://registry.npmmirror.com/@textlint/types/-/types-15.8.0.tgz 0ms (cache hit)
1787 http cache table@https://registry.npmmirror.com/table/-/table-6.9.0.tgz 0ms (cache hit)
1788 http cache @textlint/module-interop@https://registry.npmmirror.com/@textlint/module-interop/-/module-interop-15.8.0.tgz 0ms (cache hit)
1789 http cache node-sarif-builder@https://registry.npmmirror.com/node-sarif-builder/-/node-sarif-builder-3.4.0.tgz 0ms (cache hit)
1790 http cache strip-ansi@https://registry.npmmirror.com/strip-ansi/-/strip-ansi-7.2.0.tgz 0ms (cache hit)
1791 http cache @textlint/linter-formatter@https://registry.npmmirror.com/@textlint/linter-formatter/-/linter-formatter-15.8.0.tgz 0ms (cache hit)
1792 http cache pluralize@https://registry.npmmirror.com/pluralize/-/pluralize-8.0.0.tgz 0ms (cache hit)
1793 http cache @secretlint/resolver@https://registry.npmmirror.com/@secretlint/resolver/-/resolver-10.2.2.tgz 0ms (cache hit)
1794 http cache rc-config-loader@https://registry.npmmirror.com/rc-config-loader/-/rc-config-loader-4.1.4.tgz 0ms (cache hit)
1795 http cache structured-source@https://registry.npmmirror.com/structured-source/-/structured-source-4.0.0.tgz 0ms (cache hit)
1796 http cache @secretlint/source-creator@https://registry.npmmirror.com/@secretlint/source-creator/-/source-creator-10.2.2.tgz 0ms (cache hit)
1797 http cache ajv@https://registry.npmmirror.com/ajv/-/ajv-8.20.0.tgz 0ms (cache hit)
1798 http cache @secretlint/types@https://registry.npmmirror.com/@secretlint/types/-/types-10.2.2.tgz 0ms (cache hit)
1799 http cache debug@https://registry.npmmirror.com/debug/-/debug-4.4.3.tgz 0ms (cache hit)
1800 http cache @secretlint/formatter@https://registry.npmmirror.com/@secretlint/formatter/-/formatter-10.2.2.tgz 0ms (cache hit)
1801 http cache p-map@https://registry.npmmirror.com/p-map/-/p-map-7.0.6.tgz 0ms (cache hit)
1802 http cache @secretlint/profiler@https://registry.npmmirror.com/@secretlint/profiler/-/profiler-10.2.2.tgz 0ms (cache hit)
1803 http cache @azure/msal-common@https://registry.npmmirror.com/@azure/msal-common/-/msal-common-16.12.0.tgz 0ms (cache hit)
1804 http cache jsonwebtoken@https://registry.npmmirror.com/jsonwebtoken/-/jsonwebtoken-9.0.3.tgz 0ms (cache hit)
1805 http cache @typespec/ts-http-runtime@https://registry.npmmirror.com/@typespec/ts-http-runtime/-/ts-http-runtime-0.3.8.tgz 0ms (cache hit)
1806 http cache @secretlint/config-loader@https://registry.npmmirror.com/@secretlint/config-loader/-/config-loader-10.2.2.tgz 0ms (cache hit)
1807 http cache @secretlint/core@https://registry.npmmirror.com/@secretlint/core/-/core-10.2.2.tgz 0ms (cache hit)
1808 http cache open@https://registry.npmmirror.com/open/-/open-10.2.0.tgz 0ms (cache hit)
1809 http cache @azure/msal-node@https://registry.npmmirror.com/@azure/msal-node/-/msal-node-5.5.0.tgz 0ms (cache hit)
1810 http cache @azure/msal-browser@https://registry.npmmirror.com/@azure/msal-browser/-/msal-browser-5.18.0.tgz 0ms (cache hit)
1811 http cache tslib@https://registry.npmmirror.com/tslib/-/tslib-2.8.1.tgz 0ms (cache hit)
1812 http cache @azure/logger@https://registry.npmmirror.com/@azure/logger/-/logger-1.4.0.tgz 0ms (cache hit)
1813 http cache @azure/core-util@https://registry.npmmirror.com/@azure/core-util/-/core-util-1.14.0.tgz 0ms (cache hit)
1814 http cache yazl@https://registry.npmmirror.com/yazl/-/yazl-2.5.1.tgz 0ms (cache hit)
1815 http cache @azure/core-tracing@https://registry.npmmirror.com/@azure/core-tracing/-/core-tracing-1.4.0.tgz 0ms (cache hit)
1816 http cache @azure/core-rest-pipeline@https://registry.npmmirror.com/@azure/core-rest-pipeline/-/core-rest-pipeline-1.25.0.tgz 0ms (cache hit)
1817 http cache yauzl@https://registry.npmmirror.com/yauzl/-/yauzl-3.4.0.tgz 0ms (cache hit)
1818 http cache @azure/core-client@https://registry.npmmirror.com/@azure/core-client/-/core-client-1.11.0.tgz 0ms (cache hit)
1819 http cache url-join@https://registry.npmmirror.com/url-join/-/url-join-4.0.1.tgz 0ms (cache hit)
1820 http cache @azure/abort-controller@https://registry.npmmirror.com/@azure/abort-controller/-/abort-controller-2.2.0.tgz 0ms (cache hit)
1821 http cache @azure/core-auth@https://registry.npmmirror.com/@azure/core-auth/-/core-auth-1.11.0.tgz 0ms (cache hit)
1822 http cache xml2js@https://registry.npmmirror.com/xml2js/-/xml2js-0.5.0.tgz 0ms (cache hit)
1823 http cache typed-rest-client@https://registry.npmmirror.com/typed-rest-client/-/typed-rest-client-1.8.11.tgz 0ms (cache hit)
1824 http cache tmp@https://registry.npmmirror.com/tmp/-/tmp-0.2.7.tgz 0ms (cache hit)
1825 http cache semver@https://registry.npmmirror.com/semver/-/semver-7.8.5.tgz 0ms (cache hit)
1826 http cache secretlint@https://registry.npmmirror.com/secretlint/-/secretlint-10.2.2.tgz 0ms (cache hit)
1827 http cache read@https://registry.npmmirror.com/read/-/read-1.0.7.tgz 0ms (cache hit)
1828 http cache parse-semver@https://registry.npmmirror.com/parse-semver/-/parse-semver-1.1.1.tgz 0ms (cache hit)
1829 http cache mime@https://registry.npmmirror.com/mime/-/mime-1.6.0.tgz 0ms (cache hit)
1830 http cache minimatch@https://registry.npmmirror.com/minimatch/-/minimatch-10.2.6.tgz 0ms (cache hit)
1831 http cache markdown-it@https://registry.npmmirror.com/markdown-it/-/markdown-it-14.3.0.tgz 0ms (cache hit)
1832 http cache leven@https://registry.npmmirror.com/leven/-/leven-3.1.0.tgz 0ms (cache hit)
1833 http cache keytar@https://registry.npmmirror.com/keytar/-/keytar-7.9.0.tgz 0ms (cache hit)
1834 http cache jsonc-parser@https://registry.npmmirror.com/jsonc-parser/-/jsonc-parser-3.3.1.tgz 0ms (cache hit)
1835 http cache form-data@https://registry.npmmirror.com/form-data/-/form-data-4.0.6.tgz 0ms (cache hit)
1836 http cache @vscode/vsce-sign@https://registry.npmmirror.com/@vscode/vsce-sign/-/vsce-sign-2.0.9.tgz 0ms (cache hit)
1837 http cache hosted-git-info@https://registry.npmmirror.com/hosted-git-info/-/hosted-git-info-4.1.0.tgz 0ms (cache hit)
1838 http cache glob@https://registry.npmmirror.com/glob/-/glob-13.0.6.tgz 0ms (cache hit)
1839 http cache commander@https://registry.npmmirror.com/commander/-/commander-12.1.0.tgz 0ms (cache hit)
1840 http cache cockatiel@https://registry.npmmirror.com/cockatiel/-/cockatiel-3.2.1.tgz 0ms (cache hit)
1841 http cache @secretlint/secretlint-rule-preset-recommend@https://registry.npmmirror.com/@secretlint/secretlint-rule-preset-recommend/-/secretlint-rule-preset-recommend-10.2.2.tgz 0ms (cache hit)
1842 http cache cheerio@https://registry.npmmirror.com/cheerio/-/cheerio-1.2.0.tgz 0ms (cache hit)
1843 http cache @azure/identity@https://registry.npmmirror.com/@azure/identity/-/identity-4.13.1.tgz 0ms (cache hit)
1844 http cache azure-devops-node-api@https://registry.npmmirror.com/azure-devops-node-api/-/azure-devops-node-api-12.5.0.tgz 0ms (cache hit)
1845 http cache @secretlint/node@https://registry.npmmirror.com/@secretlint/node/-/node-10.2.2.tgz 0ms (cache hit)
1846 http cache chalk@https://registry.npmmirror.com/chalk/-/chalk-4.1.2.tgz 0ms (cache hit)
1847 http cache @vscode/vsce@https://registry.npmmirror.com/@vscode/vsce/-/vsce-3.9.2.tgz 0ms (cache hit)
1848 http cache @secretlint/secretlint-rule-no-dotenv@https://registry.npmmirror.com/@secretlint/secretlint-rule-no-dotenv/-/secretlint-rule-no-dotenv-10.2.2.tgz 0ms (cache hit)
1849 http cache lru-cache@https://registry.npmmirror.com/lru-cache/-/lru-cache-10.4.3.tgz 0ms (cache hit)
1850 http cache unicorn-magic@https://registry.npmmirror.com/unicorn-magic/-/unicorn-magic-0.1.0.tgz 0ms (cache hit)
1851 http cache lru-cache@https://registry.npmmirror.com/lru-cache/-/lru-cache-11.5.2.tgz 0ms (cache hit)
1852 http cache hosted-git-info@https://registry.npmmirror.com/hosted-git-info/-/hosted-git-info-7.0.2.tgz 0ms (cache hit)
1853 http cache ansi-regex@https://registry.npmmirror.com/ansi-regex/-/ansi-regex-5.0.1.tgz 0ms (cache hit)
1854 http cache entities@https://registry.npmmirror.com/entities/-/entities-7.0.1.tgz 0ms (cache hit)
1855 http cache entities@https://registry.npmmirror.com/entities/-/entities-6.0.1.tgz 0ms (cache hit)
1856 http cache strip-ansi@https://registry.npmmirror.com/strip-ansi/-/strip-ansi-6.0.1.tgz 0ms (cache hit)
1857 http cache @secretlint/secretlint-formatter-sarif@https://registry.npmmirror.com/@secretlint/secretlint-formatter-sarif/-/secretlint-formatter-sarif-10.2.2.tgz 0ms (cache hit)
1858 http cache ansi-regex@https://registry.npmmirror.com/ansi-regex/-/ansi-regex-5.0.1.tgz 0ms (cache hit)
1859 http cache pluralize@https://registry.npmmirror.com/pluralize/-/pluralize-2.0.0.tgz 0ms (cache hit)
1860 http cache strip-ansi@https://registry.npmmirror.com/strip-ansi/-/strip-ansi-6.0.1.tgz 0ms (cache hit)
1861 http cache ansi-regex@https://registry.npmmirror.com/ansi-regex/-/ansi-regex-5.0.1.tgz 0ms (cache hit)
1862 http cache chalk@https://registry.npmmirror.com/chalk/-/chalk-5.6.2.tgz 0ms (cache hit)
1863 http cache strip-ansi@https://registry.npmmirror.com/strip-ansi/-/strip-ansi-6.0.1.tgz 0ms (cache hit)
1864 http cache semver@https://registry.npmmirror.com/semver/-/semver-5.7.2.tgz 0ms (cache hit)
1865 warn deprecated whatwg-encoding@3.1.1: Use @exodus/bytes instead for a more spec-conformant and faster implementation
1866 silly ADD node_modules/buffer-crc32
1867 silly ADD node_modules/pend
1868 silly ADD node_modules/xmlbuilder
1869 silly ADD node_modules/sax
1870 silly ADD node_modules/is-wsl
1871 silly ADD node_modules/spdx-exceptions
1872 silly ADD node_modules/spdx-license-ids
1873 silly ADD node_modules/spdx-expression-parse
1874 silly ADD node_modules/spdx-correct
1875 silly ADD node_modules/call-bound
1876 silly ADD node_modules/side-channel-weakmap
1877 silly ADD node_modules/side-channel-map
1878 silly ADD node_modules/side-channel-list
1879 silly ADD node_modules/object-inspect
1880 silly ADD node_modules/side-channel
1881 silly ADD node_modules/underscore
1882 silly ADD node_modules/qs
1883 silly ADD node_modules/is-number
1884 silly ADD node_modules/environment
1885 silly ADD node_modules/supports-hyperlinks
1886 silly ADD node_modules/ansi-escapes
1887 silly ADD node_modules/util-deprecate
1888 silly ADD node_modules/string_decoder
1889 silly ADD node_modules/ieee754
1890 silly ADD node_modules/base64-js
1891 silly ADD node_modules/buffer
1892 silly ADD node_modules/readable-stream
1893 silly ADD node_modules/inherits
1894 silly ADD node_modules/fs-constants
1895 silly ADD node_modules/bl
1896 silly ADD node_modules/tar-stream
1897 silly ADD node_modules/chownr
1898 silly ADD node_modules/astral-regex
1899 silly ADD node_modules/slice-ansi
1900 silly ADD node_modules/lodash.truncate
1901 silly ADD node_modules/has-flag
1902 silly ADD node_modules/boundary
1903 silly ADD node_modules/ansi-regex
1904 silly ADD node_modules/is-fullwidth-code-point
1905 silly ADD node_modules/emoji-regex
1906 silly ADD node_modules/mimic-response
1907 silly ADD node_modules/simple-concat
1908 silly ADD node_modules/decompress-response
1909 silly ADD node_modules/queue-microtask
1910 silly ADD node_modules/picocolors
1911 silly ADD node_modules/js-tokens
1912 silly ADD node_modules/@babel/helper-validator-identifier
1913 silly ADD node_modules/index-to-position
1914 silly ADD node_modules/@babel/code-frame
1915 silly ADD node_modules/validate-npm-package-license
1916 silly ADD node_modules/type-fest
1917 silly ADD node_modules/parse-json
1918 silly ADD node_modules/normalize-package-data
1919 silly ADD node_modules/normalize-package-data/node_modules/lru-cache
1920 silly ADD node_modules/normalize-package-data/node_modules/hosted-git-info
1921 silly ADD node_modules/@types/normalize-package-data
1922 silly ADD node_modules/to-regex-range
1923 silly ADD node_modules/fill-range
1924 silly ADD node_modules/picomatch
1925 silly ADD node_modules/braces
1926 silly ADD node_modules/is-extglob
1927 silly ADD node_modules/is-glob
1928 silly ADD node_modules/reusify
1929 silly ADD node_modules/run-parallel
1930 silly ADD node_modules/fastq
1931 silly ADD node_modules/@nodelib/fs.scandir
1932 silly ADD node_modules/micromatch
1933 silly ADD node_modules/merge2
1934 silly ADD node_modules/glob-parent
1935 silly ADD node_modules/@nodelib/fs.walk
1936 silly ADD node_modules/@nodelib/fs.stat
1937 silly ADD node_modules/unicorn-magic
1938 silly ADD node_modules/slash
1939 silly ADD node_modules/path-type
1940 silly ADD node_modules/ignore
1941 silly ADD node_modules/fast-glob
1942 silly ADD node_modules/@sindresorhus/merge-streams
1943 silly ADD node_modules/read-pkg
1944 silly ADD node_modules/read-pkg/node_modules/unicorn-magic
1945 silly ADD node_modules/globby
1946 silly ADD node_modules/@secretlint/config-creator
1947 silly ADD node_modules/mute-stream
1948 silly ADD node_modules/json5
1949 silly ADD node_modules/strip-json-comments
1950 silly ADD node_modules/ini
1951 silly ADD node_modules/deep-extend
1952 silly ADD node_modules/wrappy
1953 silly ADD node_modules/once
1954 silly ADD node_modules/end-of-stream
1955 silly ADD node_modules/tunnel-agent
1956 silly ADD node_modules/tar-fs
1957 silly ADD node_modules/simple-get
1958 silly ADD node_modules/rc
1959 silly ADD node_modules/pump
1960 silly ADD node_modules/node-abi
1961 silly ADD node_modules/napi-build-utils
1962 silly ADD node_modules/mkdirp-classic
1963 silly ADD node_modules/minimist
1964 silly ADD node_modules/github-from-package
1965 silly ADD node_modules/expand-template
1966 silly ADD node_modules/detect-libc
1967 silly ADD node_modules/is-docker
1968 silly ADD node_modules/run-applescript
1969 silly ADD node_modules/default-browser-id
1970 silly ADD node_modules/bundle-name
1971 silly ADD node_modules/wsl-utils
1972 silly ADD node_modules/is-inside-container
1973 silly ADD node_modules/define-lazy-prop
1974 silly ADD node_modules/default-browser
1975 silly ADD node_modules/universalify
1976 silly ADD node_modules/jsonfile
1977 silly ADD node_modules/graceful-fs
1978 silly ADD node_modules/fs-extra
1979 silly ADD node_modules/@types/sarif
1980 silly ADD node_modules/balanced-match
1981 silly ADD node_modules/brace-expansion
1982 silly ADD node_modules/mime-db
1983 silly ADD node_modules/uc.micro
1984 silly ADD node_modules/punycode.js
1985 silly ADD node_modules/mdurl
1986 silly ADD node_modules/linkify-it
1987 silly ADD node_modules/yallist
1988 silly ADD node_modules/prebuild-install
1989 silly ADD node_modules/node-addon-api
1990 silly ADD node_modules/ecdsa-sig-formatter
1991 silly ADD node_modules/buffer-equal-constant-time
1992 silly ADD node_modules/safe-buffer
1993 silly ADD node_modules/jwa
1994 silly ADD node_modules/lodash.once
1995 silly ADD node_modules/lodash.isstring
1996 silly ADD node_modules/lodash.isplainobject
1997 silly ADD node_modules/lodash.isnumber
1998 silly ADD node_modules/lodash.isinteger
1999 silly ADD node_modules/lodash.isboolean
2000 silly ADD node_modules/lodash.includes
2001 silly ADD node_modules/jws
2002 silly ADD node_modules/argparse
2003 silly ADD node_modules/version-range
2004 silly ADD node_modules/textextensions
2005 silly ADD node_modules/editions
2006 silly ADD node_modules/binaryextensions
2007 silly ADD node_modules/safer-buffer
2008 silly ADD node_modules/agent-base
2009 silly ADD node_modules/lru-cache
2010 silly ADD node_modules/path-scurry
2011 silly ADD node_modules/path-scurry/node_modules/lru-cache
2012 silly ADD node_modules/minipass
2013 silly ADD node_modules/dunder-proto
2014 silly ADD node_modules/math-intrinsics
2015 silly ADD node_modules/has-symbols
2016 silly ADD node_modules/gopd
2017 silly ADD node_modules/get-proto
2018 silly ADD node_modules/function-bind
2019 silly ADD node_modules/es-object-atoms
2020 silly ADD node_modules/es-define-property
2021 silly ADD node_modules/call-bind-apply-helpers
2022 silly ADD node_modules/has-tostringtag
2023 silly ADD node_modules/get-intrinsic
2024 silly ADD node_modules/es-errors
2025 silly ADD node_modules/delayed-stream
2026 silly ADD node_modules/mime-types
2027 silly ADD node_modules/hasown
2028 silly ADD node_modules/es-set-tostringtag
2029 silly ADD node_modules/combined-stream
2030 silly ADD node_modules/asynckit
2031 silly ADD node_modules/whatwg-encoding
2032 silly ADD node_modules/iconv-lite
2033 silly ADD node_modules/entities
2034 silly ADD node_modules/ms
2035 silly ADD node_modules/nth-check
2036 silly ADD node_modules/color-name
2037 silly ADD node_modules/domelementtype
2038 silly ADD node_modules/css-what
2039 silly ADD node_modules/css-select
2040 silly ADD node_modules/boolbase
2041 silly ADD node_modules/whatwg-mimetype
2042 silly ADD node_modules/undici
2043 silly ADD node_modules/parse5-parser-stream
2044 silly ADD node_modules/parse5-htmlparser2-tree-adapter
2045 silly ADD node_modules/parse5
2046 silly ADD node_modules/parse5/node_modules/entities
2047 silly ADD node_modules/htmlparser2
2048 silly ADD node_modules/htmlparser2/node_modules/entities
2049 silly ADD node_modules/encoding-sniffer
2050 silly ADD node_modules/domutils
2051 silly ADD node_modules/domhandler
2052 silly ADD node_modules/dom-serializer
2053 silly ADD node_modules/cheerio-select
2054 silly ADD node_modules/color-convert
2055 silly ADD node_modules/supports-color
2056 silly ADD node_modules/ansi-styles
2057 silly ADD node_modules/tunnel
2058 silly ADD node_modules/require-from-string
2059 silly ADD node_modules/json-schema-traverse
2060 silly ADD node_modules/fast-uri
2061 silly ADD node_modules/fast-deep-equal
2062 silly ADD node_modules/@vscode/vsce-sign-win32-x64
2063 silly ADD node_modules/https-proxy-agent
2064 silly ADD node_modules/http-proxy-agent
2065 silly ADD node_modules/@textlint/ast-node-types
2066 silly ADD node_modules/text-table
2067 silly ADD node_modules/string-width
2068 silly ADD node_modules/string-width/node_modules/ansi-regex
2069 silly ADD node_modules/string-width/node_modules/strip-ansi
2070 silly ADD node_modules/lodash
2071 silly ADD node_modules/js-yaml
2072 silly ADD node_modules/@textlint/resolver
2073 silly ADD node_modules/@azu/style-format
2074 silly ADD node_modules/@azu/format-text
2075 silly ADD node_modules/istextorbinary
2076 silly ADD node_modules/node-sarif-builder
2077 silly ADD node_modules/terminal-link
2078 silly ADD node_modules/table
2079 silly ADD node_modules/table/node_modules/ansi-regex
2080 silly ADD node_modules/table/node_modules/strip-ansi
2081 silly ADD node_modules/strip-ansi
2082 silly ADD node_modules/pluralize
2083 silly ADD node_modules/@textlint/types
2084 silly ADD node_modules/@textlint/module-interop
2085 silly ADD node_modules/@textlint/linter-formatter
2086 silly ADD node_modules/@textlint/linter-formatter/node_modules/ansi-regex
2087 silly ADD node_modules/@textlint/linter-formatter/node_modules/strip-ansi
2088 silly ADD node_modules/@textlint/linter-formatter/node_modules/pluralize
2089 silly ADD node_modules/structured-source
2090 silly ADD node_modules/rc-config-loader
2091 silly ADD node_modules/ajv
2092 silly ADD node_modules/@secretlint/resolver
2093 silly ADD node_modules/p-map
2094 silly ADD node_modules/debug
2095 silly ADD node_modules/@secretlint/types
2096 silly ADD node_modules/@secretlint/source-creator
2097 silly ADD node_modules/@secretlint/profiler
2098 silly ADD node_modules/@secretlint/formatter
2099 silly ADD node_modules/@secretlint/formatter/node_modules/chalk
2100 silly ADD node_modules/@secretlint/core
2101 silly ADD node_modules/@secretlint/config-loader
2102 silly ADD node_modules/jsonwebtoken
2103 silly ADD node_modules/@azure/msal-common
2104 silly ADD node_modules/@typespec/ts-http-runtime
2105 silly ADD node_modules/tslib
2106 silly ADD node_modules/open
2107 silly ADD node_modules/@azure/msal-node
2108 silly ADD node_modules/@azure/msal-browser
2109 silly ADD node_modules/@azure/logger
2110 silly ADD node_modules/@azure/core-util
2111 silly ADD node_modules/@azure/core-tracing
2112 silly ADD node_modules/@azure/core-rest-pipeline
2113 silly ADD node_modules/@azure/core-client
2114 silly ADD node_modules/@azure/core-auth
2115 silly ADD node_modules/@azure/abort-controller
2116 silly ADD node_modules/yazl
2117 silly ADD node_modules/yauzl
2118 silly ADD node_modules/xml2js
2119 silly ADD node_modules/url-join
2120 silly ADD node_modules/typed-rest-client
2121 silly ADD node_modules/tmp
2122 silly ADD node_modules/semver
2123 silly ADD node_modules/secretlint
2124 silly ADD node_modules/read
2125 silly ADD node_modules/parse-semver
2126 silly ADD node_modules/parse-semver/node_modules/semver
2127 silly ADD node_modules/minimatch
2128 silly ADD node_modules/mime
2129 silly ADD node_modules/markdown-it
2130 silly ADD node_modules/leven
2131 silly ADD node_modules/keytar
2132 silly ADD node_modules/jsonc-parser
2133 silly ADD node_modules/hosted-git-info
2134 silly ADD node_modules/glob
2135 silly ADD node_modules/form-data
2136 silly ADD node_modules/commander
2137 silly ADD node_modules/cockatiel
2138 silly ADD node_modules/cheerio
2139 silly ADD node_modules/chalk
2140 silly ADD node_modules/azure-devops-node-api
2141 silly ADD node_modules/@vscode/vsce-sign
2142 silly ADD node_modules/@secretlint/secretlint-rule-preset-recommend
2143 silly ADD node_modules/@secretlint/secretlint-rule-no-dotenv
2144 silly ADD node_modules/@secretlint/secretlint-formatter-sarif
2145 silly ADD node_modules/@secretlint/node
2146 silly ADD node_modules/@azure/identity
2147 silly ADD node_modules/@vscode/vsce
2148 verbose cwd D:\Developments\ext\DSH for VSC
2149 verbose os Windows_NT 10.0.26100
2150 verbose node v26.7.0
2151 verbose npm  v11.19.0
2152 verbose exit 0
2153 info ok
