0 verbose cli D:\x64\nodejs\node.exe D:\x64\nodejs\node_modules\npm\bin\npm-cli.js
1 info using npm@11.19.0
2 info using node@v26.7.0
3 silly config load:file:D:\x64\nodejs\node_modules\npm\npmrc
4 silly config load:file:D:\Developments\ext\DSH for VSC\.npmrc
5 silly config load:file:C:\Users\yaunt\.npmrc
6 silly config load:file:C:\Users\yaunt\AppData\Roaming\npm\etc\npmrc
7 verbose title npm exec @vscode/vsce package --allow-missing-repository --out D:\Developments\ext\DSH for VSC\dsh-for-vsc-0.1.0.vsix
8 verbose argv "exec" "--yes" "--" "@vscode/vsce" "package" "--allow-missing-repository" "--out" "D:\\Developments\\ext\\DSH for VSC\\dsh-for-vsc-0.1.0.vsix"
9 verbose logfile logs-max:10 dir:D:\Developments\ext\DSH for VSC\.npm-cache\_logs\2026-08-14T03_54_06_291Z-
10 verbose logfile D:\Developments\ext\DSH for VSC\.npm-cache\_logs\2026-08-14T03_54_06_291Z-debug-0.log
11 silly logfile done cleaning log files
12 silly packumentCache heap:4395630592 maxSize:1098907648 maxEntrySize:549453824
13 http fetch GET 200 https://registry.npmmirror.com/@vscode%2fvsce 112ms (cache miss)
14 silly packumentCache heap:4395630592 maxSize:1098907648 maxEntrySize:549453824
15 silly packumentCache heap:4395630592 maxSize:1098907648 maxEntrySize:549453824
16 silly idealTree buildDeps
17 silly fetch manifest @vscode/vsce@3.9.2
18 silly packumentCache full:https://registry.npmmirror.com/@vscode%2fvsce cache-miss
19 http fetch GET 200 https://registry.npmmirror.com/@vscode%2fvsce 79ms (cache miss)
20 silly packumentCache full:https://registry.npmmirror.com/@vscode%2fvsce set size:88191 disposed:false
21 silly placeDep ROOT @vscode/vsce@3.9.2 OK for:  want: 3.9.2
22 silly fetch manifest @azure/identity@^4.1.0
23 silly packumentCache full:https://registry.npmmirror.com/@azure%2fidentity cache-miss
24 silly fetch manifest @secretlint/node@^10.1.2
25 silly packumentCache full:https://registry.npmmirror.com/@secretlint%2fnode cache-miss
26 silly fetch manifest @secretlint/secretlint-formatter-sarif@^10.1.2
27 silly packumentCache full:https://registry.npmmirror.com/@secretlint%2fsecretlint-formatter-sarif cache-miss
28 silly fetch manifest @secretlint/secretlint-rule-no-dotenv@^10.1.2
29 silly packumentCache full:https://registry.npmmirror.com/@secretlint%2fsecretlint-rule-no-dotenv cache-miss
30 silly fetch manifest @secretlint/secretlint-rule-preset-recommend@^10.1.2
31 silly packumentCache full:https://registry.npmmirror.com/@secretlint%2fsecretlint-rule-preset-recommend cache-miss
32 silly fetch manifest @vscode/vsce-sign@^2.0.0
33 silly packumentCache full:https://registry.npmmirror.com/@vscode%2fvsce-sign cache-miss
34 silly fetch manifest azure-devops-node-api@^12.5.0
35 silly packumentCache full:https://registry.npmmirror.com/azure-devops-node-api cache-miss
36 silly fetch manifest chalk@^4.1.2
37 silly packumentCache full:https://registry.npmmirror.com/chalk cache-miss
38 silly fetch manifest cheerio@^1.0.0-rc.9
39 silly packumentCache full:https://registry.npmmirror.com/cheerio cache-miss
40 silly fetch manifest cockatiel@^3.1.2
41 silly packumentCache full:https://registry.npmmirror.com/cockatiel cache-miss
42 silly fetch manifest commander@^12.1.0
43 silly packumentCache full:https://registry.npmmirror.com/commander cache-miss
44 silly fetch manifest form-data@^4.0.0
45 silly packumentCache full:https://registry.npmmirror.com/form-data cache-miss
46 silly fetch manifest glob@^13.0.6
47 silly packumentCache full:https://registry.npmmirror.com/glob cache-miss
48 silly fetch manifest hosted-git-info@^4.0.2
49 silly packumentCache full:https://registry.npmmirror.com/hosted-git-info cache-miss
50 silly fetch manifest jsonc-parser@^3.2.0
51 silly packumentCache full:https://registry.npmmirror.com/jsonc-parser cache-miss
52 silly fetch manifest leven@^3.1.0
53 silly packumentCache full:https://registry.npmmirror.com/leven cache-miss
54 silly fetch manifest markdown-it@^14.1.0
55 silly packumentCache full:https://registry.npmmirror.com/markdown-it cache-miss
56 silly fetch manifest mime@^1.3.4
57 silly packumentCache full:https://registry.npmmirror.com/mime cache-miss
58 silly fetch manifest minimatch@^10.2.2
59 silly packumentCache full:https://registry.npmmirror.com/minimatch cache-miss
60 silly fetch manifest parse-semver@^1.1.1
61 silly packumentCache full:https://registry.npmmirror.com/parse-semver cache-miss
62 silly fetch manifest read@^1.0.7
63 silly packumentCache full:https://registry.npmmirror.com/read cache-miss
64 silly fetch manifest secretlint@^10.1.2
65 silly packumentCache full:https://registry.npmmirror.com/secretlint cache-miss
66 silly fetch manifest semver@^7.5.2
67 silly packumentCache full:https://registry.npmmirror.com/semver cache-miss
68 http fetch GET 200 https://registry.npmmirror.com/chalk 77ms (cache miss)
69 silly packumentCache full:https://registry.npmmirror.com/chalk set size:26531 disposed:false
70 silly fetch manifest tmp@^0.2.3
71 silly packumentCache full:https://registry.npmmirror.com/tmp cache-miss
72 http fetch GET 200 https://registry.npmmirror.com/form-data 78ms (cache miss)
73 silly packumentCache full:https://registry.npmmirror.com/form-data set size:27205 disposed:false
74 silly fetch manifest typed-rest-client@^1.8.4
75 silly packumentCache full:https://registry.npmmirror.com/typed-rest-client cache-miss
76 http fetch GET 200 https://registry.npmmirror.com/hosted-git-info 82ms (cache miss)
77 silly packumentCache full:https://registry.npmmirror.com/hosted-git-info set size:33137 disposed:false
78 silly fetch manifest url-join@^4.0.1
79 silly packumentCache full:https://registry.npmmirror.com/url-join cache-miss
80 http fetch GET 200 https://registry.npmmirror.com/markdown-it 92ms (cache miss)
81 silly packumentCache full:https://registry.npmmirror.com/markdown-it set size:33951 disposed:false
82 silly fetch manifest xml2js@^0.5.0
83 silly packumentCache full:https://registry.npmmirror.com/xml2js cache-miss
84 http fetch GET 200 https://registry.npmmirror.com/mime 93ms (cache miss)
85 silly packumentCache full:https://registry.npmmirror.com/mime set size:20849 disposed:false
86 silly fetch manifest yauzl@^3.2.1
87 silly packumentCache full:https://registry.npmmirror.com/yauzl cache-miss
88 http fetch GET 200 https://registry.npmmirror.com/cheerio 97ms (cache miss)
89 silly packumentCache full:https://registry.npmmirror.com/cheerio set size:28607 disposed:false
90 silly fetch manifest yazl@^2.2.2
91 silly packumentCache full:https://registry.npmmirror.com/yazl cache-miss
92 http fetch GET 200 https://registry.npmmirror.com/@vscode%2fvsce-sign 107ms (cache miss)
93 silly packumentCache full:https://registry.npmmirror.com/@vscode%2fvsce-sign set size:5236 disposed:false
94 silly fetch manifest keytar@^7.7.0
95 silly packumentCache full:https://registry.npmmirror.com/keytar cache-miss
96 http fetch GET 200 https://registry.npmmirror.com/leven 107ms (cache miss)
97 silly packumentCache full:https://registry.npmmirror.com/leven set size:4853 disposed:false
98 http fetch GET 200 https://registry.npmmirror.com/commander 109ms (cache miss)
99 silly packumentCache full:https://registry.npmmirror.com/commander set size:62667 disposed:false
100 http fetch GET 200 https://registry.npmmirror.com/glob 110ms (cache miss)
101 silly packumentCache full:https://registry.npmmirror.com/glob set size:86969 disposed:false
102 http fetch GET 200 https://registry.npmmirror.com/jsonc-parser 123ms (cache miss)
103 silly packumentCache full:https://registry.npmmirror.com/jsonc-parser set size:20584 disposed:false
104 http fetch GET 200 https://registry.npmmirror.com/tmp 47ms (cache miss)
105 silly packumentCache full:https://registry.npmmirror.com/tmp set size:16799 disposed:false
106 http fetch GET 200 https://registry.npmmirror.com/cockatiel 126ms (cache miss)
107 silly packumentCache full:https://registry.npmmirror.com/cockatiel set size:27609 disposed:false
108 http fetch GET 200 https://registry.npmmirror.com/minimatch 125ms (cache miss)
109 silly packumentCache full:https://registry.npmmirror.com/minimatch set size:98084 disposed:false
110 http fetch GET 200 https://registry.npmmirror.com/read 129ms (cache miss)
111 silly packumentCache full:https://registry.npmmirror.com/read set size:10919 disposed:false
112 http fetch GET 200 https://registry.npmmirror.com/azure-devops-node-api 131ms (cache miss)
113 silly packumentCache full:https://registry.npmmirror.com/azure-devops-node-api set size:16655 disposed:false
114 http fetch GET 200 https://registry.npmmirror.com/@secretlint%2fsecretlint-rule-no-dotenv 141ms (cache miss)
115 silly packumentCache full:https://registry.npmmirror.com/@secretlint%2fsecretlint-rule-no-dotenv set size:57995 disposed:false
116 http fetch GET 200 https://registry.npmmirror.com/yauzl 47ms (cache miss)
117 silly packumentCache full:https://registry.npmmirror.com/yauzl set size:32191 disposed:false
118 http fetch GET 200 https://registry.npmmirror.com/@secretlint%2fnode 146ms (cache miss)
119 silly packumentCache full:https://registry.npmmirror.com/@secretlint%2fnode set size:79912 disposed:false
120 http fetch GET 200 https://registry.npmmirror.com/semver 146ms (cache miss)
121 silly packumentCache full:https://registry.npmmirror.com/semver set size:47492 disposed:false
122 http fetch GET 200 https://registry.npmmirror.com/@secretlint%2fsecretlint-rule-preset-recommend 152ms (cache miss)
123 silly packumentCache full:https://registry.npmmirror.com/@secretlint%2fsecretlint-rule-preset-recommend set size:90338 disposed:false
124 http fetch GET 200 https://registry.npmmirror.com/@secretlint%2fsecretlint-formatter-sarif 160ms (cache miss)
125 silly packumentCache full:https://registry.npmmirror.com/@secretlint%2fsecretlint-formatter-sarif set size:49343 disposed:false
126 http fetch GET 200 https://registry.npmmirror.com/parse-semver 162ms (cache miss)
127 silly packumentCache full:https://registry.npmmirror.com/parse-semver set size:4104 disposed:false
128 http fetch GET 200 https://registry.npmmirror.com/yazl 67ms (cache miss)
129 silly packumentCache full:https://registry.npmmirror.com/yazl set size:18289 disposed:false
130 http fetch GET 200 https://registry.npmmirror.com/keytar 60ms (cache miss)
131 silly packumentCache full:https://registry.npmmirror.com/keytar set size:27688 disposed:false
132 http fetch GET 200 https://registry.npmmirror.com/typed-rest-client 89ms (cache miss)
133 silly packumentCache full:https://registry.npmmirror.com/typed-rest-client set size:17883 disposed:false
134 http fetch GET 200 https://registry.npmmirror.com/url-join 87ms (cache miss)
135 silly packumentCache full:https://registry.npmmirror.com/url-join set size:5378 disposed:false
136 http fetch GET 200 https://registry.npmmirror.com/secretlint 171ms (cache miss)
137 silly packumentCache full:https://registry.npmmirror.com/secretlint set size:86411 disposed:false
138 http fetch GET 200 https://registry.npmmirror.com/xml2js 81ms (cache miss)
139 silly packumentCache full:https://registry.npmmirror.com/xml2js set size:27240 disposed:false
140 http fetch GET 200 https://registry.npmmirror.com/@azure%2fidentity 224ms (cache miss)
141 silly packumentCache full:https://registry.npmmirror.com/@azure%2fidentity set size:590847 disposed:false
142 silly placeDep ROOT @azure/identity@4.13.1 OK for: @vscode/vsce@3.9.2 want: ^4.1.0
143 silly placeDep ROOT @secretlint/node@10.2.2 OK for: @vscode/vsce@3.9.2 want: ^10.1.2
144 silly placeDep ROOT @secretlint/secretlint-formatter-sarif@10.2.2 OK for: @vscode/vsce@3.9.2 want: ^10.1.2
145 silly placeDep ROOT @secretlint/secretlint-rule-no-dotenv@10.2.2 OK for: @vscode/vsce@3.9.2 want: ^10.1.2
146 silly placeDep ROOT @secretlint/secretlint-rule-preset-recommend@10.2.2 OK for: @vscode/vsce@3.9.2 want: ^10.1.2
147 silly placeDep ROOT @vscode/vsce-sign@2.0.9 OK for: @vscode/vsce@3.9.2 want: ^2.0.0
148 silly placeDep ROOT azure-devops-node-api@12.5.0 OK for: @vscode/vsce@3.9.2 want: ^12.5.0
149 silly placeDep ROOT chalk@4.1.2 OK for: @vscode/vsce@3.9.2 want: ^4.1.2
150 silly placeDep ROOT cheerio@1.2.0 OK for: @vscode/vsce@3.9.2 want: ^1.0.0-rc.9
151 silly placeDep ROOT cockatiel@3.2.1 OK for: @vscode/vsce@3.9.2 want: ^3.1.2
152 silly placeDep ROOT commander@12.1.0 OK for: @vscode/vsce@3.9.2 want: ^12.1.0
153 silly placeDep ROOT form-data@4.0.6 OK for: @vscode/vsce@3.9.2 want: ^4.0.0
154 silly placeDep ROOT glob@13.0.6 OK for: @vscode/vsce@3.9.2 want: ^13.0.6
155 silly placeDep ROOT hosted-git-info@4.1.0 OK for: @vscode/vsce@3.9.2 want: ^4.0.2
156 silly placeDep ROOT jsonc-parser@3.3.1 OK for: @vscode/vsce@3.9.2 want: ^3.2.0
157 silly placeDep ROOT keytar@7.9.0 OK for: @vscode/vsce@3.9.2 want: ^7.7.0
158 silly placeDep ROOT leven@3.1.0 OK for: @vscode/vsce@3.9.2 want: ^3.1.0
159 silly placeDep ROOT markdown-it@14.3.0 OK for: @vscode/vsce@3.9.2 want: ^14.1.0
160 silly placeDep ROOT mime@1.6.0 OK for: @vscode/vsce@3.9.2 want: ^1.3.4
161 silly placeDep ROOT minimatch@10.2.6 OK for: @vscode/vsce@3.9.2 want: ^10.2.2
162 silly placeDep ROOT parse-semver@1.1.1 OK for: @vscode/vsce@3.9.2 want: ^1.1.1
163 silly placeDep ROOT read@1.0.7 OK for: @vscode/vsce@3.9.2 want: ^1.0.7
164 silly placeDep ROOT secretlint@10.2.2 OK for: @vscode/vsce@3.9.2 want: ^10.1.2
165 silly placeDep ROOT semver@7.8.5 OK for: @vscode/vsce@3.9.2 want: ^7.5.2
166 silly placeDep ROOT tmp@0.2.7 OK for: @vscode/vsce@3.9.2 want: ^0.2.3
167 silly placeDep ROOT typed-rest-client@1.8.11 OK for: @vscode/vsce@3.9.2 want: ^1.8.4
168 silly placeDep ROOT url-join@4.0.1 OK for: @vscode/vsce@3.9.2 want: ^4.0.1
169 silly placeDep ROOT xml2js@0.5.0 OK for: @vscode/vsce@3.9.2 want: ^0.5.0
170 silly placeDep ROOT yauzl@3.4.0 OK for: @vscode/vsce@3.9.2 want: ^3.2.1
171 silly placeDep ROOT yazl@2.5.1 OK for: @vscode/vsce@3.9.2 want: ^2.2.2
172 silly fetch manifest @azure/abort-controller@^2.0.0
173 silly packumentCache full:https://registry.npmmirror.com/@azure%2fabort-controller cache-miss
174 silly fetch manifest @azure/core-auth@^1.9.0
175 silly packumentCache full:https://registry.npmmirror.com/@azure%2fcore-auth cache-miss
176 silly fetch manifest @azure/core-client@^1.9.2
177 silly packumentCache full:https://registry.npmmirror.com/@azure%2fcore-client cache-miss
178 silly fetch manifest @azure/core-rest-pipeline@^1.17.0
179 silly packumentCache full:https://registry.npmmirror.com/@azure%2fcore-rest-pipeline cache-miss
180 silly fetch manifest @azure/core-tracing@^1.0.0
181 silly packumentCache full:https://registry.npmmirror.com/@azure%2fcore-tracing cache-miss
182 silly fetch manifest @azure/core-util@^1.11.0
183 silly packumentCache full:https://registry.npmmirror.com/@azure%2fcore-util cache-miss
184 silly fetch manifest @azure/logger@^1.0.0
185 silly packumentCache full:https://registry.npmmirror.com/@azure%2flogger cache-miss
186 silly fetch manifest @azure/msal-browser@^5.5.0
187 silly packumentCache full:https://registry.npmmirror.com/@azure%2fmsal-browser cache-miss
188 silly fetch manifest @azure/msal-node@^5.1.0
189 silly packumentCache full:https://registry.npmmirror.com/@azure%2fmsal-node cache-miss
190 silly fetch manifest open@^10.1.0
191 silly packumentCache full:https://registry.npmmirror.com/open cache-miss
192 silly fetch manifest tslib@^2.2.0
193 silly packumentCache full:https://registry.npmmirror.com/tslib cache-miss
194 silly fetch manifest @secretlint/config-loader@^10.2.2
195 silly packumentCache full:https://registry.npmmirror.com/@secretlint%2fconfig-loader cache-miss
196 silly fetch manifest @secretlint/core@^10.2.2
197 silly packumentCache full:https://registry.npmmirror.com/@secretlint%2fcore cache-miss
198 silly fetch manifest @secretlint/formatter@^10.2.2
199 silly packumentCache full:https://registry.npmmirror.com/@secretlint%2fformatter cache-miss
200 silly fetch manifest @secretlint/profiler@^10.2.2
201 silly packumentCache full:https://registry.npmmirror.com/@secretlint%2fprofiler cache-miss
202 silly fetch manifest @secretlint/source-creator@^10.2.2
203 silly packumentCache full:https://registry.npmmirror.com/@secretlint%2fsource-creator cache-miss
204 silly fetch manifest @secretlint/types@^10.2.2
205 silly packumentCache full:https://registry.npmmirror.com/@secretlint%2ftypes cache-miss
206 silly fetch manifest debug@^4.4.1
207 silly packumentCache full:https://registry.npmmirror.com/debug cache-miss
208 silly fetch manifest p-map@^7.0.3
209 silly packumentCache full:https://registry.npmmirror.com/p-map cache-miss
210 silly fetch manifest node-sarif-builder@^3.2.0
211 silly packumentCache full:https://registry.npmmirror.com/node-sarif-builder cache-miss
212 silly fetch manifest @secretlint/types@^10.2.2
213 silly packumentCache full:https://registry.npmmirror.com/@secretlint%2ftypes cache-miss
214 silly fetch manifest @vscode/vsce-sign-darwin-arm64@2.0.6
215 silly packumentCache full:https://registry.npmmirror.com/@vscode%2fvsce-sign-darwin-arm64 cache-miss
216 silly fetch manifest @vscode/vsce-sign-darwin-x64@2.0.6
217 silly packumentCache full:https://registry.npmmirror.com/@vscode%2fvsce-sign-darwin-x64 cache-miss
218 http fetch GET 200 https://registry.npmmirror.com/tslib 24ms (cache miss)
219 silly packumentCache full:https://registry.npmmirror.com/tslib set size:33198 disposed:false
220 silly fetch manifest @vscode/vsce-sign-win32-arm64@2.0.6
221 silly packumentCache full:https://registry.npmmirror.com/@vscode%2fvsce-sign-win32-arm64 cache-miss
222 http fetch GET 200 https://registry.npmmirror.com/open 48ms (cache miss)
223 silly packumentCache full:https://registry.npmmirror.com/open set size:23772 disposed:false
224 silly fetch manifest @vscode/vsce-sign-win32-x64@2.0.6
225 silly packumentCache full:https://registry.npmmirror.com/@vscode%2fvsce-sign-win32-x64 cache-miss
226 http fetch GET 200 https://registry.npmmirror.com/@azure%2fcore-auth 65ms (cache miss)
227 silly packumentCache full:https://registry.npmmirror.com/@azure%2fcore-auth set size:240235 disposed:false
228 silly fetch manifest @vscode/vsce-sign-linux-arm64@2.0.6
229 silly packumentCache full:https://registry.npmmirror.com/@vscode%2fvsce-sign-linux-arm64 cache-miss
230 http fetch GET 200 https://registry.npmmirror.com/@secretlint%2fformatter 85ms (cache miss)
231 silly packumentCache full:https://registry.npmmirror.com/@secretlint%2fformatter set size:76174 disposed:false
232 silly fetch manifest @vscode/vsce-sign-linux-arm@2.0.6
233 silly packumentCache full:https://registry.npmmirror.com/@vscode%2fvsce-sign-linux-arm cache-miss
234 http fetch GET 200 https://registry.npmmirror.com/debug 89ms (cache miss)
235 silly packumentCache full:https://registry.npmmirror.com/debug set size:32036 disposed:false
236 silly fetch manifest @vscode/vsce-sign-linux-x64@2.0.6
237 silly packumentCache full:https://registry.npmmirror.com/@vscode%2fvsce-sign-linux-x64 cache-miss
238 http fetch GET 200 https://registry.npmmirror.com/@secretlint%2fconfig-loader 94ms (cache miss)
239 silly packumentCache full:https://registry.npmmirror.com/@secretlint%2fconfig-loader set size:75449 disposed:false
240 silly fetch manifest @vscode/vsce-sign-alpine-arm64@2.0.6
241 silly packumentCache full:https://registry.npmmirror.com/@vscode%2fvsce-sign-alpine-arm64 cache-miss
242 http fetch GET 200 https://registry.npmmirror.com/@secretlint%2fprofiler 99ms (cache miss)
243 silly packumentCache full:https://registry.npmmirror.com/@secretlint%2fprofiler set size:67853 disposed:false
244 silly fetch manifest @vscode/vsce-sign-alpine-x64@2.0.6
245 silly packumentCache full:https://registry.npmmirror.com/@vscode%2fvsce-sign-alpine-x64 cache-miss
246 http fetch GET 200 https://registry.npmmirror.com/@secretlint%2fcore 110ms (cache miss)
247 silly packumentCache full:https://registry.npmmirror.com/@secretlint%2fcore set size:72780 disposed:false
248 silly fetch manifest tunnel@0.0.6
249 silly packumentCache full:https://registry.npmmirror.com/tunnel cache-miss
250 http fetch GET 200 https://registry.npmmirror.com/p-map 118ms (cache miss)
251 silly packumentCache full:https://registry.npmmirror.com/p-map set size:12927 disposed:false
252 silly fetch manifest ansi-styles@^4.1.0
253 silly packumentCache full:https://registry.npmmirror.com/ansi-styles cache-miss
254 http fetch GET 200 https://registry.npmmirror.com/@secretlint%2ftypes 119ms (cache miss)
255 silly packumentCache full:https://registry.npmmirror.com/@secretlint%2ftypes set size:71075 disposed:false
256 silly fetch manifest supports-color@^7.1.0
257 silly packumentCache full:https://registry.npmmirror.com/supports-color cache-miss
258 http fetch GET 200 https://registry.npmmirror.com/@azure%2flogger 126ms (cache miss)
259 silly packumentCache full:https://registry.npmmirror.com/@azure%2flogger set size:237439 disposed:false
260 silly fetch manifest cheerio-select@^2.1.0
261 silly packumentCache full:https://registry.npmmirror.com/cheerio-select cache-miss
262 http fetch GET 200 https://registry.npmmirror.com/@secretlint%2fsource-creator 141ms (cache miss)
263 silly packumentCache full:https://registry.npmmirror.com/@secretlint%2fsource-creator set size:69487 disposed:false
264 silly fetch manifest dom-serializer@^2.0.0
265 silly packumentCache full:https://registry.npmmirror.com/dom-serializer cache-miss
266 http fetch GET 200 https://registry.npmmirror.com/@azure%2fmsal-browser 146ms (cache miss)
267 silly packumentCache full:https://registry.npmmirror.com/@azure%2fmsal-browser set size:110992 disposed:false
268 silly fetch manifest domhandler@^5.0.3
269 silly packumentCache full:https://registry.npmmirror.com/domhandler cache-miss
270 http fetch GET 200 https://registry.npmmirror.com/@azure%2fmsal-node 149ms (cache miss)
271 silly packumentCache full:https://registry.npmmirror.com/@azure%2fmsal-node set size:87263 disposed:false
272 silly fetch manifest domutils@^3.2.2
273 silly packumentCache full:https://registry.npmmirror.com/domutils cache-miss
274 http fetch GET 200 https://registry.npmmirror.com/@secretlint%2ftypes 150ms (cache miss)
275 silly packumentCache full:https://registry.npmmirror.com/@secretlint%2ftypes set size:71075 disposed:false
276 silly packumentCache full:https://registry.npmmirror.com/@secretlint%2ftypes dispose
277 silly fetch manifest encoding-sniffer@^0.2.1
278 silly packumentCache full:https://registry.npmmirror.com/encoding-sniffer cache-miss
279 http fetch GET 200 https://registry.npmmirror.com/@azure%2fcore-util 155ms (cache miss)
280 silly packumentCache full:https://registry.npmmirror.com/@azure%2fcore-util set size:254847 disposed:false
281 silly fetch manifest htmlparser2@^10.1.0
282 silly packumentCache full:https://registry.npmmirror.com/htmlparser2 cache-miss
283 http fetch GET 200 https://registry.npmmirror.com/@vscode%2fvsce-sign-darwin-x64 167ms (cache miss)
284 silly packumentCache full:https://registry.npmmirror.com/@vscode%2fvsce-sign-darwin-x64 set size:2927 disposed:false
285 silly fetch manifest parse5@^7.3.0
286 silly packumentCache full:https://registry.npmmirror.com/parse5 cache-miss
287 http fetch GET 200 https://registry.npmmirror.com/@vscode%2fvsce-sign-darwin-arm64 168ms (cache miss)
288 silly packumentCache full:https://registry.npmmirror.com/@vscode%2fvsce-sign-darwin-arm64 set size:2911 disposed:false
289 silly fetch manifest parse5-htmlparser2-tree-adapter@^7.1.0
290 silly packumentCache full:https://registry.npmmirror.com/parse5-htmlparser2-tree-adapter cache-miss
291 http fetch GET 200 https://registry.npmmirror.com/@vscode%2fvsce-sign-win32-x64 124ms (cache miss)
292 silly packumentCache full:https://registry.npmmirror.com/@vscode%2fvsce-sign-win32-x64 set size:2926 disposed:false
293 silly fetch manifest parse5-parser-stream@^7.1.2
294 silly packumentCache full:https://registry.npmmirror.com/parse5-parser-stream cache-miss
295 http fetch GET 200 https://registry.npmmirror.com/tunnel 68ms (cache miss)
296 silly packumentCache full:https://registry.npmmirror.com/tunnel set size:3492 disposed:false
297 silly fetch manifest undici@^7.19.0
298 silly packumentCache full:https://registry.npmmirror.com/undici cache-miss
299 http fetch GET 200 https://registry.npmmirror.com/supports-color 62ms (cache miss)
300 silly packumentCache full:https://registry.npmmirror.com/supports-color set size:23937 disposed:false
301 silly fetch manifest whatwg-mimetype@^4.0.0
302 silly packumentCache full:https://registry.npmmirror.com/whatwg-mimetype cache-miss
303 http fetch GET 200 https://registry.npmmirror.com/@vscode%2fvsce-sign-linux-arm64 117ms (cache miss)
304 silly packumentCache full:https://registry.npmmirror.com/@vscode%2fvsce-sign-linux-arm64 set size:2907 disposed:false
305 silly fetch manifest hasown@^2.0.4
306 silly packumentCache full:https://registry.npmmirror.com/hasown cache-miss
307 http fetch GET 200 https://registry.npmmirror.com/ansi-styles 73ms (cache miss)
308 silly packumentCache full:https://registry.npmmirror.com/ansi-styles set size:14621 disposed:false
309 silly fetch manifest asynckit@^0.4.0
310 silly packumentCache full:https://registry.npmmirror.com/asynckit cache-miss
311 http fetch GET 200 https://registry.npmmirror.com/domhandler 49ms (cache miss)
312 silly packumentCache full:https://registry.npmmirror.com/domhandler set size:17213 disposed:false
313 silly fetch manifest mime-types@^2.1.35
314 silly packumentCache full:https://registry.npmmirror.com/mime-types cache-miss
315 http fetch GET 200 https://registry.npmmirror.com/dom-serializer 55ms (cache miss)
316 silly packumentCache full:https://registry.npmmirror.com/dom-serializer set size:12608 disposed:false
317 silly fetch manifest combined-stream@^1.0.8
318 silly packumentCache full:https://registry.npmmirror.com/combined-stream cache-miss
319 http fetch GET 200 https://registry.npmmirror.com/@vscode%2fvsce-sign-win32-arm64 179ms (cache miss)
320 silly packumentCache full:https://registry.npmmirror.com/@vscode%2fvsce-sign-win32-arm64 set size:2942 disposed:false
321 silly fetch manifest es-set-tostringtag@^2.1.0
322 silly packumentCache full:https://registry.npmmirror.com/es-set-tostringtag cache-miss
323 http fetch GET 200 https://registry.npmmirror.com/domutils 56ms (cache miss)
324 silly packumentCache full:https://registry.npmmirror.com/domutils set size:18858 disposed:false
325 silly fetch manifest minipass@^7.1.3
326 silly packumentCache full:https://registry.npmmirror.com/minipass cache-miss
327 http fetch GET 200 https://registry.npmmirror.com/htmlparser2 50ms (cache miss)
328 silly packumentCache full:https://registry.npmmirror.com/htmlparser2 set size:31191 disposed:false
329 silly fetch manifest path-scurry@^2.0.2
330 silly packumentCache full:https://registry.npmmirror.com/path-scurry cache-miss
331 http fetch GET 200 https://registry.npmmirror.com/@vscode%2fvsce-sign-linux-x64 119ms (cache miss)
332 silly packumentCache full:https://registry.npmmirror.com/@vscode%2fvsce-sign-linux-x64 set size:2914 disposed:false
333 silly fetch manifest lru-cache@^6.0.0
334 silly packumentCache full:https://registry.npmmirror.com/lru-cache cache-miss
335 http fetch GET 200 https://registry.npmmirror.com/@azure%2fcore-tracing 211ms (cache miss)
336 silly packumentCache full:https://registry.npmmirror.com/@azure%2fcore-tracing set size:261040 disposed:false
337 silly fetch manifest node-addon-api@^4.3.0
338 silly packumentCache full:https://registry.npmmirror.com/node-addon-api cache-miss
339 http fetch GET 200 https://registry.npmmirror.com/parse5 48ms (cache miss)
340 silly packumentCache full:https://registry.npmmirror.com/parse5 set size:21320 disposed:false
341 silly fetch manifest prebuild-install@^7.0.1
342 silly packumentCache full:https://registry.npmmirror.com/prebuild-install cache-miss
343 http fetch GET 200 https://registry.npmmirror.com/@vscode%2fvsce-sign-alpine-x64 119ms (cache miss)
344 silly packumentCache full:https://registry.npmmirror.com/@vscode%2fvsce-sign-alpine-x64 set size:2934 disposed:false
345 silly fetch manifest argparse@^2.0.1
346 silly packumentCache full:https://registry.npmmirror.com/argparse cache-miss
347 http fetch GET 200 https://registry.npmmirror.com/@azure%2fcore-client 222ms (cache miss)
348 silly packumentCache full:https://registry.npmmirror.com/@azure%2fcore-client set size:256168 disposed:false
349 silly fetch manifest entities@^4.5.0
350 silly packumentCache full:https://registry.npmmirror.com/entities cache-miss
351 http fetch GET 200 https://registry.npmmirror.com/@azure%2fabort-controller 229ms (cache miss)
352 silly packumentCache full:https://registry.npmmirror.com/@azure%2fabort-controller set size:284040 disposed:false
353 silly fetch manifest linkify-it@^5.0.2
354 silly packumentCache full:https://registry.npmmirror.com/linkify-it cache-miss
355 http fetch GET 200 https://registry.npmmirror.com/@azure%2fcore-rest-pipeline 246ms (cache miss)
356 silly packumentCache full:https://registry.npmmirror.com/@azure%2fcore-rest-pipeline set size:340961 disposed:false
357 silly fetch manifest mdurl@^2.0.0
358 silly packumentCache full:https://registry.npmmirror.com/mdurl cache-miss
359 http fetch GET 200 https://registry.npmmirror.com/encoding-sniffer 100ms (cache miss)
360 silly packumentCache full:https://registry.npmmirror.com/encoding-sniffer set size:9320 disposed:false
361 silly fetch manifest punycode.js@^2.3.1
362 silly packumentCache full:https://registry.npmmirror.com/punycode.js cache-miss
363 http fetch GET 200 https://registry.npmmirror.com/parse5-htmlparser2-tree-adapter 85ms (cache miss)
364 silly packumentCache full:https://registry.npmmirror.com/parse5-htmlparser2-tree-adapter set size:5284 disposed:false
365 silly fetch manifest uc.micro@^2.1.0
366 silly packumentCache full:https://registry.npmmirror.com/uc.micro cache-miss
367 http fetch GET 200 https://registry.npmmirror.com/@vscode%2fvsce-sign-alpine-arm64 159ms (cache miss)
368 silly packumentCache full:https://registry.npmmirror.com/@vscode%2fvsce-sign-alpine-arm64 set size:2908 disposed:false
369 silly fetch manifest brace-expansion@^5.0.8
370 silly packumentCache full:https://registry.npmmirror.com/brace-expansion cache-miss
371 http fetch GET 200 https://registry.npmmirror.com/parse5-parser-stream 83ms (cache miss)
372 silly packumentCache full:https://registry.npmmirror.com/parse5-parser-stream set size:8191 disposed:false
373 silly fetch manifest semver@^5.1.0
374 silly packumentCache full:https://registry.npmmirror.com/semver cache-hit
375 silly fetch manifest mute-stream@~0.0.4
376 silly packumentCache full:https://registry.npmmirror.com/mute-stream cache-miss
377 http fetch GET 200 https://registry.npmmirror.com/@vscode%2fvsce-sign-linux-arm 172ms (cache miss)
378 silly packumentCache full:https://registry.npmmirror.com/@vscode%2fvsce-sign-linux-arm set size:2901 disposed:false
379 silly fetch manifest @secretlint/config-creator@^10.2.2
380 silly packumentCache full:https://registry.npmmirror.com/@secretlint%2fconfig-creator cache-miss
381 http fetch GET 200 https://registry.npmmirror.com/cheerio-select 130ms (cache miss)
382 silly packumentCache full:https://registry.npmmirror.com/cheerio-select set size:7788 disposed:false
383 silly fetch manifest globby@^14.1.0
384 silly packumentCache full:https://registry.npmmirror.com/globby cache-miss
385 http fetch GET 200 https://registry.npmmirror.com/asynckit 71ms (cache miss)
386 silly packumentCache full:https://registry.npmmirror.com/asynckit set size:4942 disposed:false
387 silly fetch manifest read-pkg@^9.0.1
388 silly packumentCache full:https://registry.npmmirror.com/read-pkg cache-miss
389 http fetch GET 200 https://registry.npmmirror.com/hasown 78ms (cache miss)
390 silly packumentCache full:https://registry.npmmirror.com/hasown set size:4802 disposed:false
391 silly fetch manifest qs@^6.9.1
392 silly packumentCache full:https://registry.npmmirror.com/qs cache-miss
393 http fetch GET 200 https://registry.npmmirror.com/es-set-tostringtag 64ms (cache miss)
394 silly packumentCache full:https://registry.npmmirror.com/es-set-tostringtag set size:6558 disposed:false
395 silly fetch manifest underscore@^1.12.1
396 silly packumentCache full:https://registry.npmmirror.com/underscore cache-miss
397 http fetch GET 200 https://registry.npmmirror.com/combined-stream 69ms (cache miss)
398 silly packumentCache full:https://registry.npmmirror.com/combined-stream set size:7154 disposed:false
399 silly fetch manifest sax@>=0.6.0
400 silly packumentCache full:https://registry.npmmirror.com/sax cache-miss
401 http fetch GET 200 https://registry.npmmirror.com/whatwg-mimetype 83ms (cache miss)
402 silly packumentCache full:https://registry.npmmirror.com/whatwg-mimetype set size:7082 disposed:false
403 silly fetch manifest xmlbuilder@~11.0.0
404 silly packumentCache full:https://registry.npmmirror.com/xmlbuilder cache-miss
405 http fetch GET 200 https://registry.npmmirror.com/argparse 51ms (cache miss)
406 silly packumentCache full:https://registry.npmmirror.com/argparse set size:10273 disposed:false
407 silly fetch manifest pend@~1.2.0
408 silly packumentCache full:https://registry.npmmirror.com/pend cache-miss
409 http fetch GET 200 https://registry.npmmirror.com/path-scurry 63ms (cache miss)
410 silly packumentCache full:https://registry.npmmirror.com/path-scurry set size:31548 disposed:false
411 silly fetch manifest buffer-crc32@~0.2.3
412 silly packumentCache full:https://registry.npmmirror.com/buffer-crc32 cache-miss
413 http fetch GET 200 https://registry.npmmirror.com/mime-types 76ms (cache miss)
414 silly packumentCache full:https://registry.npmmirror.com/mime-types set size:21367 disposed:false
415 http fetch GET 200 https://registry.npmmirror.com/entities 49ms (cache miss)
416 silly packumentCache full:https://registry.npmmirror.com/entities set size:23218 disposed:false
417 http fetch GET 200 https://registry.npmmirror.com/prebuild-install 59ms (cache miss)
418 silly packumentCache full:https://registry.npmmirror.com/prebuild-install set size:23723 disposed:false
419 http fetch GET 200 https://registry.npmmirror.com/minipass 73ms (cache miss)
420 silly packumentCache full:https://registry.npmmirror.com/minipass set size:57428 disposed:false
421 http fetch GET 200 https://registry.npmmirror.com/node-addon-api 70ms (cache miss)
422 silly packumentCache full:https://registry.npmmirror.com/node-addon-api set size:45426 disposed:false
423 http fetch GET 200 https://registry.npmmirror.com/node-sarif-builder 288ms (cache miss)
424 silly packumentCache full:https://registry.npmmirror.com/node-sarif-builder set size:688331 disposed:false
425 http fetch GET 200 https://registry.npmmirror.com/brace-expansion 39ms (cache miss)
426 silly packumentCache full:https://registry.npmmirror.com/brace-expansion set size:20500 disposed:false
427 http fetch GET 200 https://registry.npmmirror.com/lru-cache 87ms (cache miss)
428 silly packumentCache full:https://registry.npmmirror.com/lru-cache set size:107595 disposed:false
429 http fetch GET 200 https://registry.npmmirror.com/punycode.js 54ms (cache miss)
430 silly packumentCache full:https://registry.npmmirror.com/punycode.js set size:5359 disposed:false
431 http fetch GET 200 https://registry.npmmirror.com/read-pkg 45ms (cache miss)
432 silly packumentCache full:https://registry.npmmirror.com/read-pkg set size:9184 disposed:false
433 http fetch GET 200 https://registry.npmmirror.com/globby 50ms (cache miss)
434 silly packumentCache full:https://registry.npmmirror.com/globby set size:33238 disposed:false
435 http fetch GET 200 https://registry.npmmirror.com/pend 41ms (cache miss)
436 silly packumentCache full:https://registry.npmmirror.com/pend set size:2272 disposed:false
437 http fetch GET 200 https://registry.npmmirror.com/sax 45ms (cache miss)
438 silly packumentCache full:https://registry.npmmirror.com/sax set size:19437 disposed:false
439 http fetch GET 200 https://registry.npmmirror.com/buffer-crc32 42ms (cache miss)
440 silly packumentCache full:https://registry.npmmirror.com/buffer-crc32 set size:8666 disposed:false
441 http fetch GET 200 https://registry.npmmirror.com/mute-stream 59ms (cache miss)
442 silly packumentCache full:https://registry.npmmirror.com/mute-stream set size:7046 disposed:false
443 http fetch GET 200 https://registry.npmmirror.com/mdurl 67ms (cache miss)
444 silly packumentCache full:https://registry.npmmirror.com/mdurl set size:4234 disposed:false
445 http fetch GET 200 https://registry.npmmirror.com/linkify-it 86ms (cache miss)
446 silly packumentCache full:https://registry.npmmirror.com/linkify-it set size:15333 disposed:false
447 http fetch GET 200 https://registry.npmmirror.com/xmlbuilder 50ms (cache miss)
448 silly packumentCache full:https://registry.npmmirror.com/xmlbuilder set size:24200 disposed:false
449 http fetch GET 200 https://registry.npmmirror.com/uc.micro 66ms (cache miss)
450 silly packumentCache full:https://registry.npmmirror.com/uc.micro set size:5016 disposed:false
451 http fetch GET 200 https://registry.npmmirror.com/underscore 54ms (cache miss)
452 silly packumentCache full:https://registry.npmmirror.com/underscore set size:23406 disposed:false
453 http fetch GET 200 https://registry.npmmirror.com/undici 143ms (cache miss)
454 silly packumentCache full:https://registry.npmmirror.com/undici set size:205796 disposed:false
455 http fetch GET 200 https://registry.npmmirror.com/qs 65ms (cache miss)
456 silly packumentCache full:https://registry.npmmirror.com/qs set size:69471 disposed:false
457 http fetch GET 200 https://registry.npmmirror.com/@secretlint%2fconfig-creator 80ms (cache miss)
458 silly packumentCache full:https://registry.npmmirror.com/@secretlint%2fconfig-creator set size:69717 disposed:false
459 silly placeDep ROOT @azure/abort-controller@2.2.0 OK for: @azure/identity@4.13.1 want: ^2.0.0
460 silly placeDep ROOT @azure/core-auth@1.11.0 OK for: @azure/identity@4.13.1 want: ^1.9.0
461 silly placeDep ROOT @azure/core-client@1.11.0 OK for: @azure/identity@4.13.1 want: ^1.9.2
462 silly placeDep ROOT @azure/core-rest-pipeline@1.25.0 OK for: @azure/identity@4.13.1 want: ^1.17.0
463 silly placeDep ROOT @azure/core-tracing@1.4.0 OK for: @azure/identity@4.13.1 want: ^1.0.0
464 silly placeDep ROOT @azure/core-util@1.14.0 OK for: @azure/identity@4.13.1 want: ^1.11.0
465 silly placeDep ROOT @azure/logger@1.4.0 OK for: @azure/identity@4.13.1 want: ^1.0.0
466 silly placeDep ROOT @azure/msal-browser@5.18.0 OK for: @azure/identity@4.13.1 want: ^5.5.0
467 silly placeDep ROOT @azure/msal-node@5.5.0 OK for: @azure/identity@4.13.1 want: ^5.1.0
468 silly placeDep ROOT open@10.2.0 OK for: @azure/identity@4.13.1 want: ^10.1.0
469 silly placeDep ROOT tslib@2.8.1 OK for: @azure/identity@4.13.1 want: ^2.2.0
470 silly fetch manifest tslib@^2.6.2
471 silly packumentCache full:https://registry.npmmirror.com/tslib cache-hit
472 silly fetch manifest @azure/core-util@^1.13.0
473 silly packumentCache full:https://registry.npmmirror.com/@azure%2fcore-util cache-hit
474 silly fetch manifest tslib@^2.6.2
475 silly packumentCache full:https://registry.npmmirror.com/tslib cache-hit
476 silly fetch manifest @azure/core-rest-pipeline@^1.22.0
477 silly packumentCache full:https://registry.npmmirror.com/@azure%2fcore-rest-pipeline cache-hit
478 silly fetch manifest @azure/core-tracing@^1.3.0
479 silly packumentCache full:https://registry.npmmirror.com/@azure%2fcore-tracing cache-hit
480 silly fetch manifest @azure/core-util@^1.13.0
481 silly packumentCache full:https://registry.npmmirror.com/@azure%2fcore-util cache-hit
482 silly fetch manifest @azure/logger@^1.3.0
483 silly packumentCache full:https://registry.npmmirror.com/@azure%2flogger cache-hit
484 silly fetch manifest tslib@^2.6.2
485 silly packumentCache full:https://registry.npmmirror.com/tslib cache-hit
486 silly fetch manifest @azure/core-tracing@^1.3.0
487 silly packumentCache full:https://registry.npmmirror.com/@azure%2fcore-tracing cache-hit
488 silly fetch manifest @azure/core-util@^1.13.0
489 silly packumentCache full:https://registry.npmmirror.com/@azure%2fcore-util cache-hit
490 silly fetch manifest @azure/logger@^1.3.0
491 silly packumentCache full:https://registry.npmmirror.com/@azure%2flogger cache-hit
492 silly fetch manifest @typespec/ts-http-runtime@^0.3.4
493 silly packumentCache full:https://registry.npmmirror.com/@typespec%2fts-http-runtime cache-miss
494 silly fetch manifest tslib@^2.6.2
495 silly packumentCache full:https://registry.npmmirror.com/tslib cache-hit
496 silly fetch manifest tslib@^2.6.2
497 silly packumentCache full:https://registry.npmmirror.com/tslib cache-hit
498 silly fetch manifest @typespec/ts-http-runtime@^0.3.0
499 silly packumentCache full:https://registry.npmmirror.com/@typespec%2fts-http-runtime cache-miss
500 silly fetch manifest tslib@^2.6.2
501 silly packumentCache full:https://registry.npmmirror.com/tslib cache-hit
502 silly fetch manifest @typespec/ts-http-runtime@^0.3.0
503 silly packumentCache full:https://registry.npmmirror.com/@typespec%2fts-http-runtime cache-miss
504 silly fetch manifest tslib@^2.6.2
505 silly packumentCache full:https://registry.npmmirror.com/tslib cache-hit
506 silly fetch manifest @azure/msal-common@16.12.0
507 silly packumentCache full:https://registry.npmmirror.com/@azure%2fmsal-common cache-miss
508 silly fetch manifest jsonwebtoken@^9.0.0
509 silly packumentCache full:https://registry.npmmirror.com/jsonwebtoken cache-miss
510 silly fetch manifest @azure/msal-common@16.12.0
511 silly packumentCache full:https://registry.npmmirror.com/@azure%2fmsal-common cache-miss
512 silly fetch manifest default-browser@^5.2.1
513 silly packumentCache full:https://registry.npmmirror.com/default-browser cache-miss
514 silly fetch manifest define-lazy-prop@^3.0.0
515 silly packumentCache full:https://registry.npmmirror.com/define-lazy-prop cache-miss
516 silly fetch manifest is-inside-container@^1.0.0
517 silly packumentCache full:https://registry.npmmirror.com/is-inside-container cache-miss
518 silly fetch manifest wsl-utils@^0.1.0
519 silly packumentCache full:https://registry.npmmirror.com/wsl-utils cache-miss
520 http fetch GET 200 https://registry.npmmirror.com/is-inside-container 14ms (cache miss)
521 silly packumentCache full:https://registry.npmmirror.com/is-inside-container set size:2270 disposed:false
522 http fetch GET 200 https://registry.npmmirror.com/define-lazy-prop 45ms (cache miss)
523 silly packumentCache full:https://registry.npmmirror.com/define-lazy-prop set size:2335 disposed:false
524 http fetch GET 200 https://registry.npmmirror.com/default-browser 46ms (cache miss)
525 silly packumentCache full:https://registry.npmmirror.com/default-browser set size:7674 disposed:false
526 http fetch GET 200 https://registry.npmmirror.com/jsonwebtoken 47ms (cache miss)
527 silly packumentCache full:https://registry.npmmirror.com/jsonwebtoken set size:31085 disposed:false
528 http fetch GET 200 https://registry.npmmirror.com/@typespec%2fts-http-runtime 51ms (cache miss)
529 silly packumentCache full:https://registry.npmmirror.com/@typespec%2fts-http-runtime set size:226165 disposed:false
530 http fetch GET 200 https://registry.npmmirror.com/@azure%2fmsal-common 70ms (cache miss)
531 silly packumentCache full:https://registry.npmmirror.com/@azure%2fmsal-common set size:97900 disposed:false
532 http fetch GET 200 https://registry.npmmirror.com/@azure%2fmsal-common 72ms (cache miss)
533 silly packumentCache full:https://registry.npmmirror.com/@azure%2fmsal-common set size:97900 disposed:false
534 silly packumentCache full:https://registry.npmmirror.com/@azure%2fmsal-common dispose
535 http fetch GET 200 https://registry.npmmirror.com/@typespec%2fts-http-runtime 79ms (cache miss)
536 silly packumentCache full:https://registry.npmmirror.com/@typespec%2fts-http-runtime set size:226165 disposed:false
537 silly packumentCache full:https://registry.npmmirror.com/@typespec%2fts-http-runtime dispose
538 http fetch GET 200 https://registry.npmmirror.com/@typespec%2fts-http-runtime 85ms (cache miss)
539 silly packumentCache full:https://registry.npmmirror.com/@typespec%2fts-http-runtime set size:226165 disposed:true
540 silly packumentCache full:https://registry.npmmirror.com/@typespec%2fts-http-runtime dispose
541 http fetch GET 200 https://registry.npmmirror.com/wsl-utils 100ms (cache miss)
542 silly packumentCache full:https://registry.npmmirror.com/wsl-utils set size:4912 disposed:false
543 silly placeDep ROOT @typespec/ts-http-runtime@0.3.8 OK for: @azure/core-rest-pipeline@1.25.0 want: ^0.3.4
544 silly fetch manifest http-proxy-agent@^7.0.0
545 silly packumentCache full:https://registry.npmmirror.com/http-proxy-agent cache-miss
546 silly fetch manifest https-proxy-agent@^7.0.0
547 silly packumentCache full:https://registry.npmmirror.com/https-proxy-agent cache-miss
548 http fetch GET 200 https://registry.npmmirror.com/http-proxy-agent 17ms (cache miss)
549 silly packumentCache full:https://registry.npmmirror.com/http-proxy-agent set size:11534 disposed:false
550 http fetch GET 200 https://registry.npmmirror.com/https-proxy-agent 19ms (cache miss)
551 silly packumentCache full:https://registry.npmmirror.com/https-proxy-agent set size:16374 disposed:false
552 silly placeDep ROOT @azure/msal-common@16.12.0 OK for: @azure/msal-browser@5.18.0 want: 16.12.0
553 silly placeDep ROOT jsonwebtoken@9.0.3 OK for: @azure/msal-node@5.5.0 want: ^9.0.0
554 silly fetch manifest jws@^4.0.1
555 silly packumentCache full:https://registry.npmmirror.com/jws cache-miss
556 silly fetch manifest lodash.includes@^4.3.0
557 silly packumentCache full:https://registry.npmmirror.com/lodash.includes cache-miss
558 silly fetch manifest lodash.isboolean@^3.0.3
559 silly packumentCache full:https://registry.npmmirror.com/lodash.isboolean cache-miss
560 silly fetch manifest lodash.isinteger@^4.0.4
561 silly packumentCache full:https://registry.npmmirror.com/lodash.isinteger cache-miss
562 silly fetch manifest lodash.isnumber@^3.0.3
563 silly packumentCache full:https://registry.npmmirror.com/lodash.isnumber cache-miss
564 silly fetch manifest lodash.isplainobject@^4.0.6
565 silly packumentCache full:https://registry.npmmirror.com/lodash.isplainobject cache-miss
566 silly fetch manifest lodash.isstring@^4.0.1
567 silly packumentCache full:https://registry.npmmirror.com/lodash.isstring cache-miss
568 silly fetch manifest lodash.once@^4.0.0
569 silly packumentCache full:https://registry.npmmirror.com/lodash.once cache-miss
570 silly fetch manifest ms@^2.1.1
571 silly packumentCache full:https://registry.npmmirror.com/ms cache-miss
572 http fetch GET 200 https://registry.npmmirror.com/lodash.isplainobject 17ms (cache miss)
573 silly packumentCache full:https://registry.npmmirror.com/lodash.isplainobject set size:5924 disposed:false
574 http fetch GET 200 https://registry.npmmirror.com/lodash.isboolean 18ms (cache miss)
575 silly packumentCache full:https://registry.npmmirror.com/lodash.isboolean set size:3789 disposed:false
576 http fetch GET 200 https://registry.npmmirror.com/lodash.isstring 20ms (cache miss)
577 silly packumentCache full:https://registry.npmmirror.com/lodash.isstring set size:3794 disposed:false
578 http fetch GET 200 https://registry.npmmirror.com/ms 19ms (cache miss)
579 silly packumentCache full:https://registry.npmmirror.com/ms set size:15985 disposed:false
580 http fetch GET 200 https://registry.npmmirror.com/lodash.isinteger 29ms (cache miss)
581 silly packumentCache full:https://registry.npmmirror.com/lodash.isinteger set size:2271 disposed:false
582 http fetch GET 200 https://registry.npmmirror.com/lodash.isnumber 36ms (cache miss)
583 silly packumentCache full:https://registry.npmmirror.com/lodash.isnumber set size:3784 disposed:false
584 http fetch GET 200 https://registry.npmmirror.com/lodash.once 36ms (cache miss)
585 silly packumentCache full:https://registry.npmmirror.com/lodash.once set size:4166 disposed:false
586 http fetch GET 200 https://registry.npmmirror.com/lodash.includes 36ms (cache miss)
587 silly packumentCache full:https://registry.npmmirror.com/lodash.includes set size:4421 disposed:false
588 http fetch GET 200 https://registry.npmmirror.com/jws 37ms (cache miss)
589 silly packumentCache full:https://registry.npmmirror.com/jws set size:9816 disposed:false
590 silly placeDep ROOT @secretlint/config-loader@10.2.2 OK for: @secretlint/node@10.2.2 want: ^10.2.2
591 silly placeDep ROOT @secretlint/core@10.2.2 OK for: @secretlint/node@10.2.2 want: ^10.2.2
592 silly placeDep ROOT @secretlint/formatter@10.2.2 OK for: @secretlint/node@10.2.2 want: ^10.2.2
593 silly placeDep ROOT @secretlint/profiler@10.2.2 OK for: @secretlint/node@10.2.2 want: ^10.2.2
594 silly placeDep ROOT @secretlint/source-creator@10.2.2 OK for: @secretlint/node@10.2.2 want: ^10.2.2
595 silly placeDep ROOT @secretlint/types@10.2.2 OK for: @secretlint/node@10.2.2 want: ^10.2.2
596 silly placeDep ROOT debug@4.4.3 OK for: @secretlint/node@10.2.2 want: ^4.4.1
597 silly placeDep ROOT p-map@7.0.6 OK for: @secretlint/node@10.2.2 want: ^7.0.3
598 silly fetch manifest @secretlint/resolver@^10.2.2
599 silly packumentCache full:https://registry.npmmirror.com/@secretlint%2fresolver cache-miss
600 silly fetch manifest ajv@^8.17.1
601 silly packumentCache full:https://registry.npmmirror.com/ajv cache-miss
602 silly fetch manifest rc-config-loader@^4.1.3
603 silly packumentCache full:https://registry.npmmirror.com/rc-config-loader cache-miss
604 silly fetch manifest structured-source@^4.0.0
605 silly packumentCache full:https://registry.npmmirror.com/structured-source cache-miss
606 silly fetch manifest @secretlint/resolver@^10.2.2
607 silly packumentCache full:https://registry.npmmirror.com/@secretlint%2fresolver cache-miss
608 silly fetch manifest @textlint/linter-formatter@^15.2.0
609 silly packumentCache full:https://registry.npmmirror.com/@textlint%2flinter-formatter cache-miss
610 silly fetch manifest @textlint/module-interop@^15.2.0
611 silly packumentCache full:https://registry.npmmirror.com/@textlint%2fmodule-interop cache-miss
612 silly fetch manifest @textlint/types@^15.2.0
613 silly packumentCache full:https://registry.npmmirror.com/@textlint%2ftypes cache-miss
614 silly fetch manifest chalk@^5.4.1
615 silly packumentCache full:https://registry.npmmirror.com/chalk cache-hit
616 silly fetch manifest pluralize@^8.0.0
617 silly packumentCache full:https://registry.npmmirror.com/pluralize cache-miss
618 silly fetch manifest strip-ansi@^7.1.0
619 silly packumentCache full:https://registry.npmmirror.com/strip-ansi cache-miss
620 silly fetch manifest table@^6.9.0
621 silly packumentCache full:https://registry.npmmirror.com/table cache-miss
622 silly fetch manifest terminal-link@^4.0.0
623 silly packumentCache full:https://registry.npmmirror.com/terminal-link cache-miss
624 silly fetch manifest istextorbinary@^9.5.0
625 silly packumentCache full:https://registry.npmmirror.com/istextorbinary cache-miss
626 silly fetch manifest ms@^2.1.3
627 silly packumentCache full:https://registry.npmmirror.com/ms cache-hit
628 http fetch GET 200 https://registry.npmmirror.com/table 20ms (cache miss)
629 silly packumentCache full:https://registry.npmmirror.com/table set size:41680 disposed:false
630 http fetch GET 200 https://registry.npmmirror.com/ajv 39ms (cache miss)
631 silly packumentCache full:https://registry.npmmirror.com/ajv set size:129790 disposed:false
632 http fetch GET 200 https://registry.npmmirror.com/strip-ansi 43ms (cache miss)
633 silly packumentCache full:https://registry.npmmirror.com/strip-ansi set size:8259 disposed:false
634 http fetch GET 200 https://registry.npmmirror.com/terminal-link 45ms (cache miss)
635 silly packumentCache full:https://registry.npmmirror.com/terminal-link set size:4854 disposed:false
636 http fetch GET 200 https://registry.npmmirror.com/pluralize 67ms (cache miss)
637 silly packumentCache full:https://registry.npmmirror.com/pluralize set size:10387 disposed:false
638 http fetch GET 200 https://registry.npmmirror.com/rc-config-loader 69ms (cache miss)
639 silly packumentCache full:https://registry.npmmirror.com/rc-config-loader set size:11594 disposed:false
640 http fetch GET 200 https://registry.npmmirror.com/@textlint%2fmodule-interop 70ms (cache miss)
641 silly packumentCache full:https://registry.npmmirror.com/@textlint%2fmodule-interop set size:51360 disposed:false
642 http fetch GET 200 https://registry.npmmirror.com/structured-source 75ms (cache miss)
643 silly packumentCache full:https://registry.npmmirror.com/structured-source set size:4332 disposed:false
644 http fetch GET 200 https://registry.npmmirror.com/@textlint%2flinter-formatter 76ms (cache miss)
645 silly packumentCache full:https://registry.npmmirror.com/@textlint%2flinter-formatter set size:63359 disposed:false
646 http fetch GET 200 https://registry.npmmirror.com/@secretlint%2fresolver 78ms (cache miss)
647 silly packumentCache full:https://registry.npmmirror.com/@secretlint%2fresolver set size:19997 disposed:false
648 http fetch GET 200 https://registry.npmmirror.com/@secretlint%2fresolver 80ms (cache miss)
649 silly packumentCache full:https://registry.npmmirror.com/@secretlint%2fresolver set size:19997 disposed:false
650 silly packumentCache full:https://registry.npmmirror.com/@secretlint%2fresolver dispose
651 http fetch GET 200 https://registry.npmmirror.com/@textlint%2ftypes 80ms (cache miss)
652 silly packumentCache full:https://registry.npmmirror.com/@textlint%2ftypes set size:56899 disposed:false
653 http fetch GET 200 https://registry.npmmirror.com/istextorbinary 81ms (cache miss)
654 silly packumentCache full:https://registry.npmmirror.com/istextorbinary set size:94604 disposed:false
655 silly placeDep ROOT @secretlint/resolver@10.2.2 OK for: @secretlint/config-loader@10.2.2 want: ^10.2.2
656 silly placeDep ROOT ajv@8.20.0 OK for: @secretlint/config-loader@10.2.2 want: ^8.17.1
657 silly placeDep ROOT rc-config-loader@4.1.4 OK for: @secretlint/config-loader@10.2.2 want: ^4.1.3
658 silly fetch manifest fast-deep-equal@^3.1.3
659 silly packumentCache full:https://registry.npmmirror.com/fast-deep-equal cache-miss
660 silly fetch manifest fast-uri@^3.0.1
661 silly packumentCache full:https://registry.npmmirror.com/fast-uri cache-miss
662 silly fetch manifest json-schema-traverse@^1.0.0
663 silly packumentCache full:https://registry.npmmirror.com/json-schema-traverse cache-miss
664 silly fetch manifest require-from-string@^2.0.2
665 silly packumentCache full:https://registry.npmmirror.com/require-from-string cache-miss
666 silly fetch manifest js-yaml@^4.1.1
667 silly packumentCache full:https://registry.npmmirror.com/js-yaml cache-miss
668 silly fetch manifest json5@^2.2.3
669 silly packumentCache full:https://registry.npmmirror.com/json5 cache-miss
670 silly fetch manifest require-from-string@^2.0.2
671 silly packumentCache full:https://registry.npmmirror.com/require-from-string cache-miss
672 http fetch GET 200 https://registry.npmmirror.com/json5 20ms (cache miss)
673 silly packumentCache full:https://registry.npmmirror.com/json5 set size:18850 disposed:false
674 http fetch GET 200 https://registry.npmmirror.com/js-yaml 21ms (cache miss)
675 silly packumentCache full:https://registry.npmmirror.com/js-yaml set size:31063 disposed:false
676 http fetch GET 200 https://registry.npmmirror.com/fast-deep-equal 33ms (cache miss)
677 silly packumentCache full:https://registry.npmmirror.com/fast-deep-equal set size:6487 disposed:false
678 http fetch GET 200 https://registry.npmmirror.com/json-schema-traverse 36ms (cache miss)
679 silly packumentCache full:https://registry.npmmirror.com/json-schema-traverse set size:4662 disposed:false
680 http fetch GET 200 https://registry.npmmirror.com/require-from-string 38ms (cache miss)
681 silly packumentCache full:https://registry.npmmirror.com/require-from-string set size:3441 disposed:false
682 http fetch GET 200 https://registry.npmmirror.com/require-from-string 38ms (cache miss)
683 silly packumentCache full:https://registry.npmmirror.com/require-from-string set size:3441 disposed:false
684 silly packumentCache full:https://registry.npmmirror.com/require-from-string dispose
685 http fetch GET 200 https://registry.npmmirror.com/fast-uri 39ms (cache miss)
686 silly packumentCache full:https://registry.npmmirror.com/fast-uri set size:23278 disposed:false
687 silly placeDep ROOT structured-source@4.0.0 OK for: @secretlint/core@10.2.2 want: ^4.0.0
688 silly fetch manifest boundary@^2.0.0
689 silly packumentCache full:https://registry.npmmirror.com/boundary cache-miss
690 http fetch GET 200 https://registry.npmmirror.com/boundary 62ms (cache miss)
691 silly packumentCache full:https://registry.npmmirror.com/boundary set size:3680 disposed:false
692 silly placeDep ROOT @textlint/linter-formatter@15.8.0 OK for: @secretlint/formatter@10.2.2 want: ^15.2.0
693 silly placeDep ROOT @textlint/module-interop@15.8.0 OK for: @secretlint/formatter@10.2.2 want: ^15.2.0
694 silly placeDep ROOT @textlint/types@15.8.0 OK for: @secretlint/formatter@10.2.2 want: ^15.2.0
695 silly placeDep node_modules/@secretlint/formatter chalk@5.6.2 OK for: @secretlint/formatter@10.2.2 want: ^5.4.1
696 silly placeDep ROOT pluralize@8.0.0 OK for: @secretlint/formatter@10.2.2 want: ^8.0.0
697 silly placeDep ROOT strip-ansi@7.2.0 OK for: @secretlint/formatter@10.2.2 want: ^7.1.0
698 silly placeDep ROOT table@6.9.0 OK for: @secretlint/formatter@10.2.2 want: ^6.9.0
699 silly placeDep ROOT terminal-link@4.0.0 OK for: @secretlint/formatter@10.2.2 want: ^4.0.0
700 silly fetch manifest lodash@^4.18.1
701 silly packumentCache full:https://registry.npmmirror.com/lodash cache-miss
702 silly fetch manifest js-yaml@^4.3.0
703 silly packumentCache full:https://registry.npmmirror.com/js-yaml cache-hit
704 silly fetch manifest pluralize@^2.0.0
705 silly packumentCache full:https://registry.npmmirror.com/pluralize cache-hit
706 silly fetch manifest strip-ansi@^6.0.1
707 silly packumentCache full:https://registry.npmmirror.com/strip-ansi cache-hit
708 silly fetch manifest text-table@^0.2.0
709 silly packumentCache full:https://registry.npmmirror.com/text-table cache-miss
710 silly fetch manifest string-width@^4.2.3
711 silly packumentCache full:https://registry.npmmirror.com/string-width cache-miss
712 silly fetch manifest @textlint/types@15.8.0
713 silly packumentCache full:https://registry.npmmirror.com/@textlint%2ftypes cache-hit
714 silly fetch manifest @azu/format-text@^1.0.2
715 silly packumentCache full:https://registry.npmmirror.com/@azu%2fformat-text cache-miss
716 silly fetch manifest @azu/style-format@^1.0.1
717 silly packumentCache full:https://registry.npmmirror.com/@azu%2fstyle-format cache-miss
718 silly fetch manifest @textlint/resolver@15.8.0
719 silly packumentCache full:https://registry.npmmirror.com/@textlint%2fresolver cache-miss
720 silly fetch manifest @textlint/module-interop@15.8.0
721 silly packumentCache full:https://registry.npmmirror.com/@textlint%2fmodule-interop cache-hit
722 silly fetch manifest @textlint/ast-node-types@15.8.0
723 silly packumentCache full:https://registry.npmmirror.com/@textlint%2fast-node-types cache-miss
724 silly fetch manifest ansi-regex@^6.2.2
725 silly packumentCache full:https://registry.npmmirror.com/ansi-regex cache-miss
726 silly fetch manifest lodash.truncate@^4.4.2
727 silly packumentCache full:https://registry.npmmirror.com/lodash.truncate cache-miss
728 silly fetch manifest slice-ansi@^4.0.0
729 silly packumentCache full:https://registry.npmmirror.com/slice-ansi cache-miss
730 silly fetch manifest string-width@^4.2.3
731 silly packumentCache full:https://registry.npmmirror.com/string-width cache-miss
732 silly fetch manifest strip-ansi@^6.0.1
733 silly packumentCache full:https://registry.npmmirror.com/strip-ansi cache-hit
734 silly fetch manifest ansi-escapes@^7.0.0
735 silly packumentCache full:https://registry.npmmirror.com/ansi-escapes cache-miss
736 silly fetch manifest supports-hyperlinks@^3.2.0
737 silly packumentCache full:https://registry.npmmirror.com/supports-hyperlinks cache-miss
738 http fetch GET 200 https://registry.npmmirror.com/supports-hyperlinks 23ms (cache miss)
739 silly packumentCache full:https://registry.npmmirror.com/supports-hyperlinks set size:9567 disposed:false
740 http fetch GET 200 https://registry.npmmirror.com/text-table 24ms (cache miss)
741 silly packumentCache full:https://registry.npmmirror.com/text-table set size:2573 disposed:false
742 http fetch GET 200 https://registry.npmmirror.com/string-width 25ms (cache miss)
743 silly packumentCache full:https://registry.npmmirror.com/string-width set size:13877 disposed:false
744 http fetch GET 200 https://registry.npmmirror.com/lodash.truncate 25ms (cache miss)
745 silly packumentCache full:https://registry.npmmirror.com/lodash.truncate set size:3732 disposed:false
746 http fetch GET 200 https://registry.npmmirror.com/slice-ansi 25ms (cache miss)
747 silly packumentCache full:https://registry.npmmirror.com/slice-ansi set size:7980 disposed:false
748 http fetch GET 200 https://registry.npmmirror.com/ansi-regex 26ms (cache miss)
749 silly packumentCache full:https://registry.npmmirror.com/ansi-regex set size:10504 disposed:false
750 http fetch GET 200 https://registry.npmmirror.com/ansi-escapes 26ms (cache miss)
751 silly packumentCache full:https://registry.npmmirror.com/ansi-escapes set size:14784 disposed:false
752 http fetch GET 200 https://registry.npmmirror.com/string-width 27ms (cache miss)
753 silly packumentCache full:https://registry.npmmirror.com/string-width set size:13877 disposed:false
754 silly packumentCache full:https://registry.npmmirror.com/string-width dispose
755 http fetch GET 200 https://registry.npmmirror.com/lodash 28ms (cache miss)
756 silly packumentCache full:https://registry.npmmirror.com/lodash set size:29166 disposed:false
757 http fetch GET 200 https://registry.npmmirror.com/@azu%2fstyle-format 63ms (cache miss)
758 silly packumentCache full:https://registry.npmmirror.com/@azu%2fstyle-format set size:2683 disposed:false
759 http fetch GET 200 https://registry.npmmirror.com/@azu%2fformat-text 68ms (cache miss)
760 silly packumentCache full:https://registry.npmmirror.com/@azu%2fformat-text set size:2381 disposed:false
761 http fetch GET 200 https://registry.npmmirror.com/@textlint%2fast-node-types 69ms (cache miss)
762 silly packumentCache full:https://registry.npmmirror.com/@textlint%2fast-node-types set size:50916 disposed:false
763 http fetch GET 200 https://registry.npmmirror.com/@textlint%2fresolver 72ms (cache miss)
764 silly packumentCache full:https://registry.npmmirror.com/@textlint%2fresolver set size:14445 disposed:false
765 silly placeDep ROOT node-sarif-builder@3.4.0 OK for: @secretlint/secretlint-formatter-sarif@10.2.2 want: ^3.2.0
766 silly fetch manifest @types/sarif@^2.1.7
767 silly packumentCache full:https://registry.npmmirror.com/@types%2fsarif cache-miss
768 silly fetch manifest fs-extra@^11.1.1
769 silly packumentCache full:https://registry.npmmirror.com/fs-extra cache-miss
770 http fetch GET 200 https://registry.npmmirror.com/fs-extra 24ms (cache miss)
771 silly packumentCache full:https://registry.npmmirror.com/fs-extra set size:39532 disposed:false
772 http fetch GET 200 https://registry.npmmirror.com/@types%2fsarif 70ms (cache miss)
773 silly packumentCache full:https://registry.npmmirror.com/@types%2fsarif set size:5345 disposed:false
774 silly placeDep ROOT istextorbinary@9.5.0 OK for: @secretlint/source-creator@10.2.2 want: ^9.5.0
775 silly fetch manifest binaryextensions@^6.11.0
776 silly packumentCache full:https://registry.npmmirror.com/binaryextensions cache-miss
777 silly fetch manifest editions@^6.21.0
778 silly packumentCache full:https://registry.npmmirror.com/editions cache-miss
779 silly fetch manifest textextensions@^6.11.0
780 silly packumentCache full:https://registry.npmmirror.com/textextensions cache-miss
781 http fetch GET 200 https://registry.npmmirror.com/binaryextensions 62ms (cache miss)
782 silly packumentCache full:https://registry.npmmirror.com/binaryextensions set size:85668 disposed:false
783 http fetch GET 200 https://registry.npmmirror.com/textextensions 75ms (cache miss)
784 silly packumentCache full:https://registry.npmmirror.com/textextensions set size:98655 disposed:false
785 http fetch GET 200 https://registry.npmmirror.com/editions 649ms (cache miss)
786 silly packumentCache full:https://registry.npmmirror.com/editions set size:94252 disposed:false
787 silly placeDep ROOT @azu/format-text@1.0.2 OK for: @textlint/linter-formatter@15.8.0 want: ^1.0.2
788 silly placeDep ROOT @azu/style-format@1.0.1 OK for: @textlint/linter-formatter@15.8.0 want: ^1.0.1
789 silly placeDep ROOT @textlint/resolver@15.8.0 OK for: @textlint/linter-formatter@15.8.0 want: 15.8.0
790 silly placeDep ROOT js-yaml@4.3.1 OK for: @textlint/linter-formatter@15.8.0 want: ^4.3.0
791 silly placeDep ROOT lodash@4.18.1 OK for: @textlint/linter-formatter@15.8.0 want: ^4.18.1
792 silly placeDep node_modules/@textlint/linter-formatter pluralize@2.0.0 OK for: @textlint/linter-formatter@15.8.0 want: ^2.0.0
793 silly placeDep ROOT string-width@4.2.3 OK for: @textlint/linter-formatter@15.8.0 want: ^4.2.3
794 silly placeDep node_modules/@textlint/linter-formatter strip-ansi@6.0.1 OK for: @textlint/linter-formatter@15.8.0 want: ^6.0.1
795 silly placeDep ROOT text-table@0.2.0 OK for: @textlint/linter-formatter@15.8.0 want: ^0.2.0
796 silly fetch manifest emoji-regex@^8.0.0
797 silly packumentCache full:https://registry.npmmirror.com/emoji-regex cache-miss
798 silly fetch manifest is-fullwidth-code-point@^3.0.0
799 silly packumentCache full:https://registry.npmmirror.com/is-fullwidth-code-point cache-miss
800 silly fetch manifest ansi-regex@^5.0.1
801 silly packumentCache full:https://registry.npmmirror.com/ansi-regex cache-hit
802 http fetch GET 200 https://registry.npmmirror.com/emoji-regex 17ms (cache miss)
803 silly packumentCache full:https://registry.npmmirror.com/emoji-regex set size:17651 disposed:false
804 http fetch GET 200 https://registry.npmmirror.com/is-fullwidth-code-point 21ms (cache miss)
805 silly packumentCache full:https://registry.npmmirror.com/is-fullwidth-code-point set size:3385 disposed:false
806 silly placeDep ROOT @textlint/ast-node-types@15.8.0 OK for: @textlint/types@15.8.0 want: 15.8.0
807 silly placeDep ROOT http-proxy-agent@7.0.2 OK for: @typespec/ts-http-runtime@0.3.8 want: ^7.0.0
808 silly placeDep ROOT https-proxy-agent@7.0.6 OK for: @typespec/ts-http-runtime@0.3.8 want: ^7.0.0
809 silly fetch manifest agent-base@^7.1.0
810 silly packumentCache full:https://registry.npmmirror.com/agent-base cache-miss
811 silly fetch manifest agent-base@^7.1.2
812 silly packumentCache full:https://registry.npmmirror.com/agent-base cache-miss
813 http fetch GET 200 https://registry.npmmirror.com/agent-base 35ms (cache miss)
814 silly packumentCache full:https://registry.npmmirror.com/agent-base set size:13928 disposed:false
815 http fetch GET 200 https://registry.npmmirror.com/agent-base 35ms (cache miss)
816 silly packumentCache full:https://registry.npmmirror.com/agent-base set size:13928 disposed:false
817 silly packumentCache full:https://registry.npmmirror.com/agent-base dispose
818 silly placeDep ROOT @vscode/vsce-sign-alpine-arm64@2.0.6 OK for: @vscode/vsce-sign@2.0.9 want: 2.0.6
819 silly placeDep ROOT @vscode/vsce-sign-alpine-x64@2.0.6 OK for: @vscode/vsce-sign@2.0.9 want: 2.0.6
820 silly placeDep ROOT @vscode/vsce-sign-darwin-arm64@2.0.6 OK for: @vscode/vsce-sign@2.0.9 want: 2.0.6
821 silly placeDep ROOT @vscode/vsce-sign-darwin-x64@2.0.6 OK for: @vscode/vsce-sign@2.0.9 want: 2.0.6
822 silly placeDep ROOT @vscode/vsce-sign-linux-arm@2.0.6 OK for: @vscode/vsce-sign@2.0.9 want: 2.0.6
823 silly placeDep ROOT @vscode/vsce-sign-linux-arm64@2.0.6 OK for: @vscode/vsce-sign@2.0.9 want: 2.0.6
824 silly placeDep ROOT @vscode/vsce-sign-linux-x64@2.0.6 OK for: @vscode/vsce-sign@2.0.9 want: 2.0.6
825 silly placeDep ROOT @vscode/vsce-sign-win32-arm64@2.0.6 OK for: @vscode/vsce-sign@2.0.9 want: 2.0.6
826 silly placeDep ROOT @vscode/vsce-sign-win32-x64@2.0.6 OK for: @vscode/vsce-sign@2.0.9 want: 2.0.6
827 silly placeDep ROOT fast-deep-equal@3.1.3 OK for: ajv@8.20.0 want: ^3.1.3
828 silly placeDep ROOT fast-uri@3.1.5 OK for: ajv@8.20.0 want: ^3.0.1
829 silly placeDep ROOT json-schema-traverse@1.0.0 OK for: ajv@8.20.0 want: ^1.0.0
830 silly placeDep ROOT require-from-string@2.0.2 OK for: ajv@8.20.0 want: ^2.0.2
831 silly placeDep ROOT tunnel@0.0.6 OK for: azure-devops-node-api@12.5.0 want: 0.0.6
832 silly placeDep ROOT ansi-styles@4.3.0 OK for: chalk@4.1.2 want: ^4.1.0
833 silly placeDep ROOT supports-color@7.2.0 OK for: chalk@4.1.2 want: ^7.1.0
834 silly fetch manifest color-convert@^2.0.1
835 silly packumentCache full:https://registry.npmmirror.com/color-convert cache-miss
836 silly fetch manifest has-flag@^4.0.0
837 silly packumentCache full:https://registry.npmmirror.com/has-flag cache-miss
838 http fetch GET 200 https://registry.npmmirror.com/has-flag 18ms (cache miss)
839 silly packumentCache full:https://registry.npmmirror.com/has-flag set size:3321 disposed:false
840 http fetch GET 200 https://registry.npmmirror.com/color-convert 31ms (cache miss)
841 silly packumentCache full:https://registry.npmmirror.com/color-convert set size:13807 disposed:false
842 silly placeDep ROOT color-convert@2.0.1 OK for: ansi-styles@4.3.0 want: ^2.0.1
843 silly fetch manifest color-name@~1.1.4
844 silly packumentCache full:https://registry.npmmirror.com/color-name cache-miss
845 http fetch GET 200 https://registry.npmmirror.com/color-name 38ms (cache miss)
846 silly packumentCache full:https://registry.npmmirror.com/color-name set size:5598 disposed:false
847 silly placeDep ROOT cheerio-select@2.1.0 OK for: cheerio@1.2.0 want: ^2.1.0
848 silly placeDep ROOT dom-serializer@2.0.0 OK for: cheerio@1.2.0 want: ^2.0.0
849 silly placeDep ROOT domhandler@5.0.3 OK for: cheerio@1.2.0 want: ^5.0.3
850 silly placeDep ROOT domutils@3.2.2 OK for: cheerio@1.2.0 want: ^3.2.2
851 silly placeDep ROOT encoding-sniffer@0.2.1 OK for: cheerio@1.2.0 want: ^0.2.1
852 silly placeDep ROOT htmlparser2@10.1.0 OK for: cheerio@1.2.0 want: ^10.1.0
853 silly placeDep ROOT parse5@7.3.0 OK for: cheerio@1.2.0 want: ^7.3.0
854 silly placeDep ROOT parse5-htmlparser2-tree-adapter@7.1.0 OK for: cheerio@1.2.0 want: ^7.1.0
855 silly placeDep ROOT parse5-parser-stream@7.1.2 OK for: cheerio@1.2.0 want: ^7.1.2
856 silly placeDep ROOT undici@7.29.0 OK for: cheerio@1.2.0 want: ^7.19.0
857 silly placeDep ROOT whatwg-mimetype@4.0.0 OK for: cheerio@1.2.0 want: ^4.0.0
858 silly fetch manifest boolbase@^1.0.0
859 silly packumentCache full:https://registry.npmmirror.com/boolbase cache-miss
860 silly fetch manifest css-select@^5.1.0
861 silly packumentCache full:https://registry.npmmirror.com/css-select cache-miss
862 silly fetch manifest css-what@^6.1.0
863 silly packumentCache full:https://registry.npmmirror.com/css-what cache-miss
864 silly fetch manifest domelementtype@^2.3.0
865 silly packumentCache full:https://registry.npmmirror.com/domelementtype cache-miss
866 silly fetch manifest domutils@^3.0.1
867 silly packumentCache full:https://registry.npmmirror.com/domutils cache-hit
868 silly fetch manifest domelementtype@^2.3.0
869 silly packumentCache full:https://registry.npmmirror.com/domelementtype cache-miss
870 silly fetch manifest domhandler@^5.0.2
871 silly packumentCache full:https://registry.npmmirror.com/domhandler cache-hit
872 silly fetch manifest entities@^4.2.0
873 silly packumentCache full:https://registry.npmmirror.com/entities cache-hit
874 silly fetch manifest domelementtype@^2.3.0
875 silly packumentCache full:https://registry.npmmirror.com/domelementtype cache-miss
876 silly fetch manifest domelementtype@^2.3.0
877 silly packumentCache full:https://registry.npmmirror.com/domelementtype cache-miss
878 silly fetch manifest iconv-lite@^0.6.3
879 silly packumentCache full:https://registry.npmmirror.com/iconv-lite cache-miss
880 silly fetch manifest whatwg-encoding@^3.1.1
881 silly packumentCache full:https://registry.npmmirror.com/whatwg-encoding cache-miss
882 silly fetch manifest domelementtype@^2.3.0
883 silly packumentCache full:https://registry.npmmirror.com/domelementtype cache-miss
884 silly fetch manifest entities@^7.0.1
885 silly packumentCache full:https://registry.npmmirror.com/entities cache-hit
886 silly fetch manifest entities@^6.0.0
887 silly packumentCache full:https://registry.npmmirror.com/entities cache-hit
888 http fetch GET 200 https://registry.npmmirror.com/boolbase 23ms (cache miss)
889 silly packumentCache full:https://registry.npmmirror.com/boolbase set size:2039 disposed:false
890 http fetch GET 200 https://registry.npmmirror.com/domelementtype 22ms (cache miss)
891 silly packumentCache full:https://registry.npmmirror.com/domelementtype set size:6945 disposed:false
892 http fetch GET 200 https://registry.npmmirror.com/domelementtype 26ms (cache miss)
893 silly packumentCache full:https://registry.npmmirror.com/domelementtype set size:6945 disposed:false
894 silly packumentCache full:https://registry.npmmirror.com/domelementtype dispose
895 http fetch GET 200 https://registry.npmmirror.com/domelementtype 27ms (cache miss)
896 silly packumentCache full:https://registry.npmmirror.com/domelementtype set size:6945 disposed:true
897 silly packumentCache full:https://registry.npmmirror.com/domelementtype dispose
898 http fetch GET 200 https://registry.npmmirror.com/domelementtype 37ms (cache miss)
899 silly packumentCache full:https://registry.npmmirror.com/domelementtype set size:6945 disposed:true
900 silly packumentCache full:https://registry.npmmirror.com/domelementtype dispose
901 http fetch GET 200 https://registry.npmmirror.com/css-what 41ms (cache miss)
902 silly packumentCache full:https://registry.npmmirror.com/css-what set size:14638 disposed:false
903 http fetch GET 200 https://registry.npmmirror.com/css-select 48ms (cache miss)
904 silly packumentCache full:https://registry.npmmirror.com/css-select set size:23213 disposed:false
905 http fetch GET 200 https://registry.npmmirror.com/domelementtype 54ms (cache miss)
906 silly packumentCache full:https://registry.npmmirror.com/domelementtype set size:6945 disposed:true
907 silly packumentCache full:https://registry.npmmirror.com/domelementtype dispose
908 http fetch GET 200 https://registry.npmmirror.com/whatwg-encoding 57ms (cache miss)
909 silly packumentCache full:https://registry.npmmirror.com/whatwg-encoding set size:5549 disposed:false
910 http fetch GET 200 https://registry.npmmirror.com/iconv-lite 61ms (cache miss)
911 silly packumentCache full:https://registry.npmmirror.com/iconv-lite set size:20781 disposed:false
912 silly placeDep ROOT boolbase@1.0.0 OK for: cheerio-select@2.1.0 want: ^1.0.0
913 silly placeDep ROOT css-select@5.2.2 OK for: cheerio-select@2.1.0 want: ^5.1.0
914 silly placeDep ROOT css-what@6.2.2 OK for: cheerio-select@2.1.0 want: ^6.1.0
915 silly placeDep ROOT domelementtype@2.3.0 OK for: cheerio-select@2.1.0 want: ^2.3.0
916 silly fetch manifest nth-check@^2.0.1
917 silly packumentCache full:https://registry.npmmirror.com/nth-check cache-miss
918 http fetch GET 200 https://registry.npmmirror.com/nth-check 19ms (cache miss)
919 silly packumentCache full:https://registry.npmmirror.com/nth-check set size:7629 disposed:false
920 silly placeDep ROOT color-name@1.1.4 OK for: color-convert@2.0.1 want: ~1.1.4
921 silly placeDep ROOT nth-check@2.1.1 OK for: css-select@5.2.2 want: ^2.0.1
922 silly placeDep ROOT ms@2.1.3 OK for: debug@4.4.3 want: ^2.1.3
923 silly placeDep ROOT entities@4.5.0 OK for: dom-serializer@2.0.0 want: ^4.2.0
924 silly placeDep ROOT iconv-lite@0.6.3 OK for: encoding-sniffer@0.2.1 want: ^0.6.3
925 silly placeDep ROOT whatwg-encoding@3.1.1 OK for: encoding-sniffer@0.2.1 want: ^3.1.1
926 silly fetch manifest safer-buffer@>= 2.1.2 < 3.0.0
927 silly packumentCache full:https://registry.npmmirror.com/safer-buffer cache-miss
928 http fetch GET 200 https://registry.npmmirror.com/safer-buffer 34ms (cache miss)
929 silly packumentCache full:https://registry.npmmirror.com/safer-buffer set size:6036 disposed:false
930 silly placeDep ROOT asynckit@0.4.0 OK for: form-data@4.0.6 want: ^0.4.0
931 silly placeDep ROOT combined-stream@1.0.8 OK for: form-data@4.0.6 want: ^1.0.8
932 silly placeDep ROOT es-set-tostringtag@2.1.0 OK for: form-data@4.0.6 want: ^2.1.0
933 silly placeDep ROOT hasown@2.0.4 OK for: form-data@4.0.6 want: ^2.0.4
934 silly placeDep ROOT mime-types@2.1.35 OK for: form-data@4.0.6 want: ^2.1.35
935 silly fetch manifest delayed-stream@~1.0.0
936 silly packumentCache full:https://registry.npmmirror.com/delayed-stream cache-miss
937 silly fetch manifest es-errors@^1.3.0
938 silly packumentCache full:https://registry.npmmirror.com/es-errors cache-miss
939 silly fetch manifest get-intrinsic@^1.2.6
940 silly packumentCache full:https://registry.npmmirror.com/get-intrinsic cache-miss
941 silly fetch manifest has-tostringtag@^1.0.2
942 silly packumentCache full:https://registry.npmmirror.com/has-tostringtag cache-miss
943 silly fetch manifest hasown@^2.0.2
944 silly packumentCache full:https://registry.npmmirror.com/hasown cache-hit
945 silly fetch manifest function-bind@^1.1.2
946 silly packumentCache full:https://registry.npmmirror.com/function-bind cache-miss
947 silly fetch manifest mime-db@1.52.0
948 silly packumentCache full:https://registry.npmmirror.com/mime-db cache-miss
949 http fetch GET 200 https://registry.npmmirror.com/has-tostringtag 17ms (cache miss)
950 silly packumentCache full:https://registry.npmmirror.com/has-tostringtag set size:3448 disposed:false
951 http fetch GET 200 https://registry.npmmirror.com/es-errors 18ms (cache miss)
952 silly packumentCache full:https://registry.npmmirror.com/es-errors set size:4030 disposed:false
953 http fetch GET 200 https://registry.npmmirror.com/mime-db 19ms (cache miss)
954 silly packumentCache full:https://registry.npmmirror.com/mime-db set size:24206 disposed:false
955 http fetch GET 200 https://registry.npmmirror.com/get-intrinsic 27ms (cache miss)
956 silly packumentCache full:https://registry.npmmirror.com/get-intrinsic set size:11575 disposed:false
957 http fetch GET 200 https://registry.npmmirror.com/function-bind 33ms (cache miss)
958 silly packumentCache full:https://registry.npmmirror.com/function-bind set size:4376 disposed:false
959 http fetch GET 200 https://registry.npmmirror.com/delayed-stream 35ms (cache miss)
960 silly packumentCache full:https://registry.npmmirror.com/delayed-stream set size:4333 disposed:false
961 silly placeDep ROOT delayed-stream@1.0.0 OK for: combined-stream@1.0.8 want: ~1.0.0
962 silly placeDep ROOT es-errors@1.3.0 OK for: es-set-tostringtag@2.1.0 want: ^1.3.0
963 silly placeDep ROOT get-intrinsic@1.3.0 OK for: es-set-tostringtag@2.1.0 want: ^1.2.6
964 silly placeDep ROOT has-tostringtag@1.0.2 OK for: es-set-tostringtag@2.1.0 want: ^1.0.2
965 silly fetch manifest call-bind-apply-helpers@^1.0.2
966 silly packumentCache full:https://registry.npmmirror.com/call-bind-apply-helpers cache-miss
967 silly fetch manifest es-define-property@^1.0.1
968 silly packumentCache full:https://registry.npmmirror.com/es-define-property cache-miss
969 silly fetch manifest es-object-atoms@^1.1.1
970 silly packumentCache full:https://registry.npmmirror.com/es-object-atoms cache-miss
971 silly fetch manifest get-proto@^1.0.1
972 silly packumentCache full:https://registry.npmmirror.com/get-proto cache-miss
973 silly fetch manifest gopd@^1.2.0
974 silly packumentCache full:https://registry.npmmirror.com/gopd cache-miss
975 silly fetch manifest has-symbols@^1.1.0
976 silly packumentCache full:https://registry.npmmirror.com/has-symbols cache-miss
977 silly fetch manifest math-intrinsics@^1.1.0
978 silly packumentCache full:https://registry.npmmirror.com/math-intrinsics cache-miss
979 silly fetch manifest has-symbols@^1.0.3
980 silly packumentCache full:https://registry.npmmirror.com/has-symbols cache-miss
981 http fetch GET 200 https://registry.npmmirror.com/es-object-atoms 24ms (cache miss)
982 silly packumentCache full:https://registry.npmmirror.com/es-object-atoms set size:4324 disposed:false
983 http fetch GET 200 https://registry.npmmirror.com/es-define-property 25ms (cache miss)
984 silly packumentCache full:https://registry.npmmirror.com/es-define-property set size:2896 disposed:false
985 http fetch GET 200 https://registry.npmmirror.com/call-bind-apply-helpers 26ms (cache miss)
986 silly packumentCache full:https://registry.npmmirror.com/call-bind-apply-helpers set size:3532 disposed:false
987 http fetch GET 200 https://registry.npmmirror.com/gopd 26ms (cache miss)
988 silly packumentCache full:https://registry.npmmirror.com/gopd set size:3962 disposed:false
989 http fetch GET 200 https://registry.npmmirror.com/has-symbols 26ms (cache miss)
990 silly packumentCache full:https://registry.npmmirror.com/has-symbols set size:5325 disposed:false
991 http fetch GET 200 https://registry.npmmirror.com/math-intrinsics 27ms (cache miss)
992 silly packumentCache full:https://registry.npmmirror.com/math-intrinsics set size:3012 disposed:false
993 http fetch GET 200 https://registry.npmmirror.com/has-symbols 28ms (cache miss)
994 silly packumentCache full:https://registry.npmmirror.com/has-symbols set size:5325 disposed:false
995 silly packumentCache full:https://registry.npmmirror.com/has-symbols dispose
996 http fetch GET 200 https://registry.npmmirror.com/get-proto 37ms (cache miss)
997 silly packumentCache full:https://registry.npmmirror.com/get-proto set size:2799 disposed:false
998 silly placeDep ROOT call-bind-apply-helpers@1.0.2 OK for: get-intrinsic@1.3.0 want: ^1.0.2
999 silly placeDep ROOT es-define-property@1.0.1 OK for: get-intrinsic@1.3.0 want: ^1.0.1
1000 silly placeDep ROOT es-object-atoms@1.1.2 OK for: get-intrinsic@1.3.0 want: ^1.1.1
1001 silly placeDep ROOT function-bind@1.1.2 OK for: get-intrinsic@1.3.0 want: ^1.1.2
1002 silly placeDep ROOT get-proto@1.0.1 OK for: get-intrinsic@1.3.0 want: ^1.0.1
1003 silly placeDep ROOT gopd@1.2.0 OK for: get-intrinsic@1.3.0 want: ^1.2.0
1004 silly placeDep ROOT has-symbols@1.1.0 OK for: get-intrinsic@1.3.0 want: ^1.1.0
1005 silly placeDep ROOT math-intrinsics@1.1.0 OK for: get-intrinsic@1.3.0 want: ^1.1.0
1006 silly fetch manifest dunder-proto@^1.0.1
1007 silly packumentCache full:https://registry.npmmirror.com/dunder-proto cache-miss
1008 http fetch GET 200 https://registry.npmmirror.com/dunder-proto 16ms (cache miss)
1009 silly packumentCache full:https://registry.npmmirror.com/dunder-proto set size:2798 disposed:false
1010 silly placeDep ROOT dunder-proto@1.0.1 OK for: get-proto@1.0.1 want: ^1.0.1
1011 silly placeDep ROOT minipass@7.1.3 OK for: glob@13.0.6 want: ^7.1.3
1012 silly placeDep ROOT path-scurry@2.0.2 OK for: glob@13.0.6 want: ^2.0.2
1013 silly fetch manifest lru-cache@^11.0.0
1014 silly packumentCache full:https://registry.npmmirror.com/lru-cache cache-hit
1015 silly placeDep ROOT lru-cache@6.0.0 OK for: hosted-git-info@4.1.0 want: ^6.0.0
1016 silly fetch manifest yallist@^4.0.0
1017 silly packumentCache full:https://registry.npmmirror.com/yallist cache-miss
1018 http fetch GET 200 https://registry.npmmirror.com/yallist 16ms (cache miss)
1019 silly packumentCache full:https://registry.npmmirror.com/yallist set size:7662 disposed:false
1020 silly placeDep node_modules/htmlparser2 entities@7.0.1 OK for: htmlparser2@10.1.0 want: ^7.0.1
1021 silly placeDep ROOT agent-base@7.1.4 OK for: http-proxy-agent@7.0.2 want: ^7.1.0
1022 silly placeDep ROOT safer-buffer@2.1.2 OK for: iconv-lite@0.6.3 want: >= 2.1.2 < 3.0.0
1023 silly placeDep ROOT binaryextensions@6.11.0 OK for: istextorbinary@9.5.0 want: ^6.11.0
1024 silly placeDep ROOT editions@6.22.0 OK for: istextorbinary@9.5.0 want: ^6.21.0
1025 silly placeDep ROOT textextensions@6.11.0 OK for: istextorbinary@9.5.0 want: ^6.11.0
1026 silly fetch manifest version-range@^4.15.0
1027 silly packumentCache full:https://registry.npmmirror.com/version-range cache-miss
1028 http fetch GET 200 https://registry.npmmirror.com/version-range 96ms (cache miss)
1029 silly packumentCache full:https://registry.npmmirror.com/version-range set size:63003 disposed:false
1030 silly placeDep ROOT version-range@4.15.0 OK for: editions@6.22.0 want: ^4.15.0
1031 silly placeDep ROOT argparse@2.0.1 OK for: js-yaml@4.3.1 want: ^2.0.1
1032 silly placeDep ROOT jws@4.0.1 OK for: jsonwebtoken@9.0.3 want: ^4.0.1
1033 silly placeDep ROOT lodash.includes@4.3.0 OK for: jsonwebtoken@9.0.3 want: ^4.3.0
1034 silly placeDep ROOT lodash.isboolean@3.0.3 OK for: jsonwebtoken@9.0.3 want: ^3.0.3
1035 silly placeDep ROOT lodash.isinteger@4.0.4 OK for: jsonwebtoken@9.0.3 want: ^4.0.4
1036 silly placeDep ROOT lodash.isnumber@3.0.3 OK for: jsonwebtoken@9.0.3 want: ^3.0.3
1037 silly placeDep ROOT lodash.isplainobject@4.0.6 OK for: jsonwebtoken@9.0.3 want: ^4.0.6
1038 silly placeDep ROOT lodash.isstring@4.0.1 OK for: jsonwebtoken@9.0.3 want: ^4.0.1
1039 silly placeDep ROOT lodash.once@4.1.1 OK for: jsonwebtoken@9.0.3 want: ^4.0.0
1040 silly fetch manifest jwa@^2.0.1
1041 silly packumentCache full:https://registry.npmmirror.com/jwa cache-miss
1042 silly fetch manifest safe-buffer@^5.0.1
1043 silly packumentCache full:https://registry.npmmirror.com/safe-buffer cache-miss
1044 http fetch GET 200 https://registry.npmmirror.com/safe-buffer 22ms (cache miss)
1045 silly packumentCache full:https://registry.npmmirror.com/safe-buffer set size:11685 disposed:false
1046 http fetch GET 200 https://registry.npmmirror.com/jwa 38ms (cache miss)
1047 silly packumentCache full:https://registry.npmmirror.com/jwa set size:9135 disposed:false
1048 silly placeDep ROOT jwa@2.0.1 OK for: jws@4.0.1 want: ^2.0.1
1049 silly placeDep ROOT safe-buffer@5.2.1 OK for: jws@4.0.1 want: ^5.0.1
1050 silly fetch manifest ecdsa-sig-formatter@1.0.11
1051 silly packumentCache full:https://registry.npmmirror.com/ecdsa-sig-formatter cache-miss
1052 silly fetch manifest buffer-equal-constant-time@^1.0.1
1053 silly packumentCache full:https://registry.npmmirror.com/buffer-equal-constant-time cache-miss
1054 http fetch GET 200 https://registry.npmmirror.com/ecdsa-sig-formatter 16ms (cache miss)
1055 silly packumentCache full:https://registry.npmmirror.com/ecdsa-sig-formatter set size:4523 disposed:false
1056 http fetch GET 200 https://registry.npmmirror.com/buffer-equal-constant-time 36ms (cache miss)
1057 silly packumentCache full:https://registry.npmmirror.com/buffer-equal-constant-time set size:1483 disposed:false
1058 silly placeDep ROOT buffer-equal-constant-time@1.0.1 OK for: jwa@2.0.1 want: ^1.0.1
1059 silly placeDep ROOT ecdsa-sig-formatter@1.0.11 OK for: jwa@2.0.1 want: 1.0.11
1060 silly placeDep ROOT node-addon-api@4.3.0 OK for: keytar@7.9.0 want: ^4.3.0
1061 silly placeDep ROOT prebuild-install@7.1.2 OK for: keytar@7.9.0 want: ^7.0.1
1062 silly fetch manifest detect-libc@^2.0.0
1063 silly packumentCache full:https://registry.npmmirror.com/detect-libc cache-miss
1064 silly fetch manifest expand-template@^2.0.3
1065 silly packumentCache full:https://registry.npmmirror.com/expand-template cache-miss
1066 silly fetch manifest github-from-package@0.0.0
1067 silly packumentCache full:https://registry.npmmirror.com/github-from-package cache-miss
1068 silly fetch manifest minimist@^1.2.3
1069 silly packumentCache full:https://registry.npmmirror.com/minimist cache-miss
1070 silly fetch manifest mkdirp-classic@^0.5.3
1071 silly packumentCache full:https://registry.npmmirror.com/mkdirp-classic cache-miss
1072 silly fetch manifest napi-build-utils@^1.0.1
1073 silly packumentCache full:https://registry.npmmirror.com/napi-build-utils cache-miss
1074 silly fetch manifest node-abi@^3.3.0
1075 silly packumentCache full:https://registry.npmmirror.com/node-abi cache-miss
1076 silly fetch manifest pump@^3.0.0
1077 silly packumentCache full:https://registry.npmmirror.com/pump cache-miss
1078 silly fetch manifest rc@^1.2.7
1079 silly packumentCache full:https://registry.npmmirror.com/rc cache-miss
1080 silly fetch manifest simple-get@^4.0.0
1081 silly packumentCache full:https://registry.npmmirror.com/simple-get cache-miss
1082 silly fetch manifest tar-fs@^2.0.0
1083 silly packumentCache full:https://registry.npmmirror.com/tar-fs cache-miss
1084 silly fetch manifest tunnel-agent@^0.6.0
1085 silly packumentCache full:https://registry.npmmirror.com/tunnel-agent cache-miss
1086 http fetch GET 200 https://registry.npmmirror.com/tunnel-agent 22ms (cache miss)
1087 silly packumentCache full:https://registry.npmmirror.com/tunnel-agent set size:2780 disposed:false
1088 http fetch GET 200 https://registry.npmmirror.com/expand-template 27ms (cache miss)
1089 silly packumentCache full:https://registry.npmmirror.com/expand-template set size:4063 disposed:false
1090 http fetch GET 200 https://registry.npmmirror.com/napi-build-utils 27ms (cache miss)
1091 silly packumentCache full:https://registry.npmmirror.com/napi-build-utils set size:3352 disposed:false
1092 http fetch GET 200 https://registry.npmmirror.com/rc 28ms (cache miss)
1093 silly packumentCache full:https://registry.npmmirror.com/rc set size:15256 disposed:false
1094 http fetch GET 200 https://registry.npmmirror.com/github-from-package 29ms (cache miss)
1095 silly packumentCache full:https://registry.npmmirror.com/github-from-package set size:1248 disposed:false
1096 http fetch GET 200 https://registry.npmmirror.com/detect-libc 30ms (cache miss)
1097 silly packumentCache full:https://registry.npmmirror.com/detect-libc set size:10958 disposed:false
1098 http fetch GET 200 https://registry.npmmirror.com/pump 31ms (cache miss)
1099 silly packumentCache full:https://registry.npmmirror.com/pump set size:8865 disposed:false
1100 http fetch GET 200 https://registry.npmmirror.com/minimist 32ms (cache miss)
1101 silly packumentCache full:https://registry.npmmirror.com/minimist set size:15089 disposed:false
1102 http fetch GET 200 https://registry.npmmirror.com/simple-get 35ms (cache miss)
1103 silly packumentCache full:https://registry.npmmirror.com/simple-get set size:16766 disposed:false
1104 http fetch GET 200 https://registry.npmmirror.com/mkdirp-classic 38ms (cache miss)
1105 silly packumentCache full:https://registry.npmmirror.com/mkdirp-classic set size:1313 disposed:false
1106 http fetch GET 200 https://registry.npmmirror.com/tar-fs 39ms (cache miss)
1107 silly packumentCache full:https://registry.npmmirror.com/tar-fs set size:24127 disposed:false
1108 http fetch GET 200 https://registry.npmmirror.com/node-abi 69ms (cache miss)
1109 silly packumentCache full:https://registry.npmmirror.com/node-abi set size:71526 disposed:false
1110 silly placeDep ROOT yallist@4.0.0 OK for: lru-cache@6.0.0 want: ^4.0.0
1111 silly placeDep ROOT linkify-it@5.0.2 OK for: markdown-it@14.3.0 want: ^5.0.2
1112 silly placeDep ROOT mdurl@2.1.0 OK for: markdown-it@14.3.0 want: ^2.0.0
1113 silly placeDep ROOT punycode.js@2.3.1 OK for: markdown-it@14.3.0 want: ^2.3.1
1114 silly placeDep ROOT uc.micro@2.1.0 OK for: markdown-it@14.3.0 want: ^2.1.0
1115 silly fetch manifest uc.micro@^2.0.0
1116 silly packumentCache full:https://registry.npmmirror.com/uc.micro cache-hit
1117 silly placeDep ROOT mime-db@1.52.0 OK for: mime-types@2.1.35 want: 1.52.0
1118 silly placeDep ROOT brace-expansion@5.0.9 OK for: minimatch@10.2.6 want: ^5.0.8
1119 silly fetch manifest balanced-match@^4.0.2
1120 silly packumentCache full:https://registry.npmmirror.com/balanced-match cache-miss
1121 http fetch GET 200 https://registry.npmmirror.com/balanced-match 23ms (cache miss)
1122 silly packumentCache full:https://registry.npmmirror.com/balanced-match set size:7522 disposed:false
1123 silly placeDep ROOT balanced-match@4.0.4 OK for: brace-expansion@5.0.9 want: ^4.0.2
1124 silly placeDep ROOT @types/sarif@2.1.7 OK for: node-sarif-builder@3.4.0 want: ^2.1.7
1125 silly placeDep ROOT fs-extra@11.4.0 OK for: node-sarif-builder@3.4.0 want: ^11.1.1
1126 silly fetch manifest graceful-fs@^4.2.0
1127 silly packumentCache full:https://registry.npmmirror.com/graceful-fs cache-miss
1128 silly fetch manifest jsonfile@^6.0.1
1129 silly packumentCache full:https://registry.npmmirror.com/jsonfile cache-miss
1130 silly fetch manifest universalify@^2.0.0
1131 silly packumentCache full:https://registry.npmmirror.com/universalify cache-miss
1132 http fetch GET 200 https://registry.npmmirror.com/universalify 18ms (cache miss)
1133 silly packumentCache full:https://registry.npmmirror.com/universalify set size:3885 disposed:false
1134 http fetch GET 200 https://registry.npmmirror.com/graceful-fs 19ms (cache miss)
1135 silly packumentCache full:https://registry.npmmirror.com/graceful-fs set size:23015 disposed:false
1136 http fetch GET 200 https://registry.npmmirror.com/jsonfile 22ms (cache miss)
1137 silly packumentCache full:https://registry.npmmirror.com/jsonfile set size:9901 disposed:false
1138 silly placeDep ROOT graceful-fs@4.2.11 OK for: fs-extra@11.4.0 want: ^4.2.0
1139 silly placeDep ROOT jsonfile@6.2.1 OK for: fs-extra@11.4.0 want: ^6.0.1
1140 silly placeDep ROOT universalify@2.0.1 OK for: fs-extra@11.4.0 want: ^2.0.0
1141 silly placeDep ROOT default-browser@5.5.0 OK for: open@10.2.0 want: ^5.2.1
1142 silly placeDep ROOT define-lazy-prop@3.0.0 OK for: open@10.2.0 want: ^3.0.0
1143 silly placeDep ROOT is-inside-container@1.0.0 OK for: open@10.2.0 want: ^1.0.0
1144 silly placeDep ROOT wsl-utils@0.1.0 OK for: open@10.2.0 want: ^0.1.0
1145 silly fetch manifest bundle-name@^4.1.0
1146 silly packumentCache full:https://registry.npmmirror.com/bundle-name cache-miss
1147 silly fetch manifest default-browser-id@^5.0.0
1148 silly packumentCache full:https://registry.npmmirror.com/default-browser-id cache-miss
1149 silly fetch manifest is-docker@^3.0.0
1150 silly packumentCache full:https://registry.npmmirror.com/is-docker cache-miss
1151 silly fetch manifest is-wsl@^3.1.0
1152 silly packumentCache full:https://registry.npmmirror.com/is-wsl cache-miss
1153 http fetch GET 200 https://registry.npmmirror.com/is-wsl 47ms (cache miss)
1154 silly packumentCache full:https://registry.npmmirror.com/is-wsl set size:4176 disposed:false
1155 http fetch GET 200 https://registry.npmmirror.com/bundle-name 57ms (cache miss)
1156 silly packumentCache full:https://registry.npmmirror.com/bundle-name set size:3899 disposed:false
1157 http fetch GET 200 https://registry.npmmirror.com/default-browser-id 58ms (cache miss)
1158 silly packumentCache full:https://registry.npmmirror.com/default-browser-id set size:5060 disposed:false
1159 http fetch GET 200 https://registry.npmmirror.com/is-docker 59ms (cache miss)
1160 silly packumentCache full:https://registry.npmmirror.com/is-docker set size:4173 disposed:false
1161 silly placeDep ROOT bundle-name@4.1.0 OK for: default-browser@5.5.0 want: ^4.1.0
1162 silly placeDep ROOT default-browser-id@5.0.1 OK for: default-browser@5.5.0 want: ^5.0.0
1163 silly fetch manifest run-applescript@^7.0.0
1164 silly packumentCache full:https://registry.npmmirror.com/run-applescript cache-miss
1165 http fetch GET 200 https://registry.npmmirror.com/run-applescript 38ms (cache miss)
1166 silly packumentCache full:https://registry.npmmirror.com/run-applescript set size:6236 disposed:false
1167 silly placeDep ROOT run-applescript@7.1.0 OK for: bundle-name@4.1.0 want: ^7.0.0
1168 silly placeDep ROOT is-docker@3.0.0 OK for: is-inside-container@1.0.0 want: ^3.0.0
1169 silly placeDep node_modules/parse-semver semver@5.7.2 OK for: parse-semver@1.1.1 want: ^5.1.0
1170 silly placeDep node_modules/parse5 entities@6.0.1 OK for: parse5@7.3.0 want: ^6.0.0
1171 silly placeDep node_modules/path-scurry lru-cache@11.5.2 OK for: path-scurry@2.0.2 want: ^11.0.0
1172 silly placeDep ROOT detect-libc@2.1.2 OK for: prebuild-install@7.1.2 want: ^2.0.0
1173 silly placeDep ROOT expand-template@2.0.3 OK for: prebuild-install@7.1.2 want: ^2.0.3
1174 silly placeDep ROOT github-from-package@0.0.0 OK for: prebuild-install@7.1.2 want: 0.0.0
1175 silly placeDep ROOT minimist@1.2.8 OK for: prebuild-install@7.1.2 want: ^1.2.3
1176 silly placeDep ROOT mkdirp-classic@0.5.3 OK for: prebuild-install@7.1.2 want: ^0.5.3
1177 silly placeDep ROOT napi-build-utils@1.0.2 OK for: prebuild-install@7.1.2 want: ^1.0.1
1178 silly placeDep ROOT node-abi@3.94.0 OK for: prebuild-install@7.1.2 want: ^3.3.0
1179 silly placeDep ROOT pump@3.0.4 OK for: prebuild-install@7.1.2 want: ^3.0.0
1180 silly placeDep ROOT rc@1.2.8 OK for: prebuild-install@7.1.2 want: ^1.2.7
1181 silly placeDep ROOT simple-get@4.0.1 OK for: prebuild-install@7.1.2 want: ^4.0.0
1182 silly placeDep ROOT tar-fs@2.1.5 OK for: prebuild-install@7.1.2 want: ^2.0.0
1183 silly placeDep ROOT tunnel-agent@0.6.0 OK for: prebuild-install@7.1.2 want: ^0.6.0
1184 silly fetch manifest end-of-stream@^1.1.0
1185 silly packumentCache full:https://registry.npmmirror.com/end-of-stream cache-miss
1186 silly fetch manifest once@^1.3.1
1187 silly packumentCache full:https://registry.npmmirror.com/once cache-miss
1188 silly fetch manifest deep-extend@^0.6.0
1189 silly packumentCache full:https://registry.npmmirror.com/deep-extend cache-miss
1190 silly fetch manifest ini@~1.3.0
1191 silly packumentCache full:https://registry.npmmirror.com/ini cache-miss
1192 silly fetch manifest strip-json-comments@~2.0.1
1193 silly packumentCache full:https://registry.npmmirror.com/strip-json-comments cache-miss
1194 silly fetch manifest decompress-response@^6.0.0
1195 silly packumentCache full:https://registry.npmmirror.com/decompress-response cache-miss
1196 silly fetch manifest once@^1.3.1
1197 silly packumentCache full:https://registry.npmmirror.com/once cache-miss
1198 silly fetch manifest simple-concat@^1.0.0
1199 silly packumentCache full:https://registry.npmmirror.com/simple-concat cache-miss
1200 silly fetch manifest chownr@^1.1.1
1201 silly packumentCache full:https://registry.npmmirror.com/chownr cache-miss
1202 silly fetch manifest tar-stream@^2.1.4
1203 silly packumentCache full:https://registry.npmmirror.com/tar-stream cache-miss
1204 http fetch GET 200 https://registry.npmmirror.com/once 22ms (cache miss)
1205 silly packumentCache full:https://registry.npmmirror.com/once set size:3210 disposed:false
1206 http fetch GET 200 https://registry.npmmirror.com/end-of-stream 23ms (cache miss)
1207 silly packumentCache full:https://registry.npmmirror.com/end-of-stream set size:5278 disposed:false
1208 http fetch GET 200 https://registry.npmmirror.com/ini 23ms (cache miss)
1209 silly packumentCache full:https://registry.npmmirror.com/ini set size:14523 disposed:false
1210 http fetch GET 200 https://registry.npmmirror.com/once 24ms (cache miss)
1211 silly packumentCache full:https://registry.npmmirror.com/once set size:3210 disposed:false
1212 silly packumentCache full:https://registry.npmmirror.com/once dispose
1213 http fetch GET 200 https://registry.npmmirror.com/decompress-response 24ms (cache miss)
1214 silly packumentCache full:https://registry.npmmirror.com/decompress-response set size:6791 disposed:false
1215 http fetch GET 200 https://registry.npmmirror.com/strip-json-comments 25ms (cache miss)
1216 silly packumentCache full:https://registry.npmmirror.com/strip-json-comments set size:8266 disposed:false
1217 http fetch GET 200 https://registry.npmmirror.com/chownr 28ms (cache miss)
1218 silly packumentCache full:https://registry.npmmirror.com/chownr set size:4259 disposed:false
1219 http fetch GET 200 https://registry.npmmirror.com/tar-stream 29ms (cache miss)
1220 silly packumentCache full:https://registry.npmmirror.com/tar-stream set size:22487 disposed:false
1221 http fetch GET 200 https://registry.npmmirror.com/simple-concat 33ms (cache miss)
1222 silly packumentCache full:https://registry.npmmirror.com/simple-concat set size:1902 disposed:false
1223 http fetch GET 200 https://registry.npmmirror.com/deep-extend 33ms (cache miss)
1224 silly packumentCache full:https://registry.npmmirror.com/deep-extend set size:6307 disposed:false
1225 silly placeDep ROOT end-of-stream@1.4.5 OK for: pump@3.0.4 want: ^1.1.0
1226 silly placeDep ROOT once@1.4.0 OK for: pump@3.0.4 want: ^1.3.1
1227 silly fetch manifest once@^1.4.0
1228 silly packumentCache full:https://registry.npmmirror.com/once cache-hit
1229 silly fetch manifest wrappy@1
1230 silly packumentCache full:https://registry.npmmirror.com/wrappy cache-miss
1231 http fetch GET 200 https://registry.npmmirror.com/wrappy 15ms (cache miss)
1232 silly packumentCache full:https://registry.npmmirror.com/wrappy set size:2201 disposed:false
1233 silly placeDep ROOT wrappy@1.0.2 OK for: once@1.4.0 want: 1
1234 silly placeDep ROOT deep-extend@0.6.0 OK for: rc@1.2.8 want: ^0.6.0
1235 silly placeDep ROOT ini@1.3.8 OK for: rc@1.2.8 want: ~1.3.0
1236 silly placeDep ROOT strip-json-comments@2.0.1 OK for: rc@1.2.8 want: ~2.0.1
1237 silly placeDep ROOT json5@2.2.3 OK for: rc-config-loader@4.1.4 want: ^2.2.3
1238 silly placeDep ROOT mute-stream@0.0.8 OK for: read@1.0.7 want: ~0.0.4
1239 silly placeDep ROOT @secretlint/config-creator@10.2.2 OK for: secretlint@10.2.2 want: ^10.2.2
1240 silly placeDep ROOT globby@14.1.0 OK for: secretlint@10.2.2 want: ^14.1.0
1241 silly placeDep ROOT read-pkg@9.0.1 OK for: secretlint@10.2.2 want: ^9.0.1
1242 silly fetch manifest @sindresorhus/merge-streams@^2.1.0
1243 silly packumentCache full:https://registry.npmmirror.com/@sindresorhus%2fmerge-streams cache-miss
1244 silly fetch manifest fast-glob@^3.3.3
1245 silly packumentCache full:https://registry.npmmirror.com/fast-glob cache-miss
1246 silly fetch manifest ignore@^7.0.3
1247 silly packumentCache full:https://registry.npmmirror.com/ignore cache-miss
1248 silly fetch manifest path-type@^6.0.0
1249 silly packumentCache full:https://registry.npmmirror.com/path-type cache-miss
1250 silly fetch manifest slash@^5.1.0
1251 silly packumentCache full:https://registry.npmmirror.com/slash cache-miss
1252 silly fetch manifest unicorn-magic@^0.3.0
1253 silly packumentCache full:https://registry.npmmirror.com/unicorn-magic cache-miss
1254 silly fetch manifest @types/normalize-package-data@^2.4.3
1255 silly packumentCache full:https://registry.npmmirror.com/@types%2fnormalize-package-data cache-miss
1256 silly fetch manifest normalize-package-data@^6.0.0
1257 silly packumentCache full:https://registry.npmmirror.com/normalize-package-data cache-miss
1258 silly fetch manifest parse-json@^8.0.0
1259 silly packumentCache full:https://registry.npmmirror.com/parse-json cache-miss
1260 silly fetch manifest type-fest@^4.6.0
1261 silly packumentCache full:https://registry.npmmirror.com/type-fest cache-miss
1262 silly fetch manifest unicorn-magic@^0.1.0
1263 silly packumentCache full:https://registry.npmmirror.com/unicorn-magic cache-miss
1264 http fetch GET 200 https://registry.npmmirror.com/path-type 21ms (cache miss)
1265 silly packumentCache full:https://registry.npmmirror.com/path-type set size:3470 disposed:false
1266 http fetch GET 200 https://registry.npmmirror.com/@types%2fnormalize-package-data 25ms (cache miss)
1267 silly packumentCache full:https://registry.npmmirror.com/@types%2fnormalize-package-data set size:3272 disposed:false
1268 http fetch GET 200 https://registry.npmmirror.com/fast-glob 26ms (cache miss)
1269 silly packumentCache full:https://registry.npmmirror.com/fast-glob set size:33565 disposed:false
1270 http fetch GET 200 https://registry.npmmirror.com/parse-json 29ms (cache miss)
1271 silly packumentCache full:https://registry.npmmirror.com/parse-json set size:10810 disposed:false
1272 http fetch GET 200 https://registry.npmmirror.com/slash 29ms (cache miss)
1273 silly packumentCache full:https://registry.npmmirror.com/slash set size:5617 disposed:false
1274 http fetch GET 200 https://registry.npmmirror.com/ignore 31ms (cache miss)
1275 silly packumentCache full:https://registry.npmmirror.com/ignore set size:41198 disposed:false
1276 http fetch GET 200 https://registry.npmmirror.com/normalize-package-data 33ms (cache miss)
1277 silly packumentCache full:https://registry.npmmirror.com/normalize-package-data set size:24525 disposed:false
1278 http fetch GET 200 https://registry.npmmirror.com/@sindresorhus%2fmerge-streams 36ms (cache miss)
1279 silly packumentCache full:https://registry.npmmirror.com/@sindresorhus%2fmerge-streams set size:5294 disposed:false
1280 http fetch GET 200 https://registry.npmmirror.com/type-fest 38ms (cache miss)
1281 silly packumentCache full:https://registry.npmmirror.com/type-fest set size:115922 disposed:false
1282 http fetch GET 200 https://registry.npmmirror.com/unicorn-magic 62ms (cache miss)
1283 silly packumentCache full:https://registry.npmmirror.com/unicorn-magic set size:2843 disposed:false
1284 http fetch GET 200 https://registry.npmmirror.com/unicorn-magic 62ms (cache miss)
1285 silly packumentCache full:https://registry.npmmirror.com/unicorn-magic set size:2843 disposed:false
1286 silly packumentCache full:https://registry.npmmirror.com/unicorn-magic dispose
1287 silly placeDep ROOT @sindresorhus/merge-streams@2.3.0 OK for: globby@14.1.0 want: ^2.1.0
1288 silly placeDep ROOT fast-glob@3.3.3 OK for: globby@14.1.0 want: ^3.3.3
1289 silly placeDep ROOT ignore@7.0.6 OK for: globby@14.1.0 want: ^7.0.3
1290 silly placeDep ROOT path-type@6.0.0 OK for: globby@14.1.0 want: ^6.0.0
1291 silly placeDep ROOT slash@5.1.0 OK for: globby@14.1.0 want: ^5.1.0
1292 silly placeDep ROOT unicorn-magic@0.3.0 OK for: globby@14.1.0 want: ^0.3.0
1293 silly fetch manifest @nodelib/fs.stat@^2.0.2
1294 silly packumentCache full:https://registry.npmmirror.com/@nodelib%2ffs.stat cache-miss
1295 silly fetch manifest @nodelib/fs.walk@^1.2.3
1296 silly packumentCache full:https://registry.npmmirror.com/@nodelib%2ffs.walk cache-miss
1297 silly fetch manifest glob-parent@^5.1.2
1298 silly packumentCache full:https://registry.npmmirror.com/glob-parent cache-miss
1299 silly fetch manifest merge2@^1.3.0
1300 silly packumentCache full:https://registry.npmmirror.com/merge2 cache-miss
1301 silly fetch manifest micromatch@^4.0.8
1302 silly packumentCache full:https://registry.npmmirror.com/micromatch cache-miss
1303 http fetch GET 200 https://registry.npmmirror.com/@nodelib%2ffs.walk 17ms (cache miss)
1304 silly packumentCache full:https://registry.npmmirror.com/@nodelib%2ffs.walk set size:8290 disposed:false
1305 http fetch GET 200 https://registry.npmmirror.com/@nodelib%2ffs.stat 19ms (cache miss)
1306 silly packumentCache full:https://registry.npmmirror.com/@nodelib%2ffs.stat set size:6493 disposed:false
1307 http fetch GET 200 https://registry.npmmirror.com/micromatch 22ms (cache miss)
1308 silly packumentCache full:https://registry.npmmirror.com/micromatch set size:39386 disposed:false
1309 http fetch GET 200 https://registry.npmmirror.com/merge2 26ms (cache miss)
1310 silly packumentCache full:https://registry.npmmirror.com/merge2 set size:8713 disposed:false
1311 http fetch GET 200 https://registry.npmmirror.com/glob-parent 57ms (cache miss)
1312 silly packumentCache full:https://registry.npmmirror.com/glob-parent set size:7508 disposed:false
1313 silly placeDep ROOT @nodelib/fs.stat@2.0.5 OK for: fast-glob@3.3.3 want: ^2.0.2
1314 silly placeDep ROOT @nodelib/fs.walk@1.2.8 OK for: fast-glob@3.3.3 want: ^1.2.3
1315 silly placeDep ROOT glob-parent@5.1.2 OK for: fast-glob@3.3.3 want: ^5.1.2
1316 silly placeDep ROOT merge2@1.4.1 OK for: fast-glob@3.3.3 want: ^1.3.0
1317 silly placeDep ROOT micromatch@4.0.8 OK for: fast-glob@3.3.3 want: ^4.0.8
1318 silly fetch manifest @nodelib/fs.scandir@2.1.5
1319 silly packumentCache full:https://registry.npmmirror.com/@nodelib%2ffs.scandir cache-miss
1320 silly fetch manifest fastq@^1.6.0
1321 silly packumentCache full:https://registry.npmmirror.com/fastq cache-miss
1322 silly fetch manifest is-glob@^4.0.1
1323 silly packumentCache full:https://registry.npmmirror.com/is-glob cache-miss
1324 silly fetch manifest braces@^3.0.3
1325 silly packumentCache full:https://registry.npmmirror.com/braces cache-miss
1326 silly fetch manifest picomatch@^2.3.1
1327 silly packumentCache full:https://registry.npmmirror.com/picomatch cache-miss
1328 http fetch GET 200 https://registry.npmmirror.com/@nodelib%2ffs.scandir 20ms (cache miss)
1329 silly packumentCache full:https://registry.npmmirror.com/@nodelib%2ffs.scandir set size:8538 disposed:false
1330 http fetch GET 200 https://registry.npmmirror.com/is-glob 21ms (cache miss)
1331 silly packumentCache full:https://registry.npmmirror.com/is-glob set size:7964 disposed:false
1332 http fetch GET 200 https://registry.npmmirror.com/fastq 22ms (cache miss)
1333 silly packumentCache full:https://registry.npmmirror.com/fastq set size:15037 disposed:false
1334 http fetch GET 200 https://registry.npmmirror.com/braces 25ms (cache miss)
1335 silly packumentCache full:https://registry.npmmirror.com/braces set size:22104 disposed:false
1336 http fetch GET 200 https://registry.npmmirror.com/picomatch 26ms (cache miss)
1337 silly packumentCache full:https://registry.npmmirror.com/picomatch set size:23645 disposed:false
1338 silly placeDep ROOT @nodelib/fs.scandir@2.1.5 OK for: @nodelib/fs.walk@1.2.8 want: 2.1.5
1339 silly placeDep ROOT fastq@1.20.1 OK for: @nodelib/fs.walk@1.2.8 want: ^1.6.0
1340 silly fetch manifest run-parallel@^1.1.9
1341 silly packumentCache full:https://registry.npmmirror.com/run-parallel cache-miss
1342 silly fetch manifest reusify@^1.0.4
1343 silly packumentCache full:https://registry.npmmirror.com/reusify cache-miss
1344 http fetch GET 200 https://registry.npmmirror.com/run-parallel 20ms (cache miss)
1345 silly packumentCache full:https://registry.npmmirror.com/run-parallel set size:6674 disposed:false
1346 http fetch GET 200 https://registry.npmmirror.com/reusify 29ms (cache miss)
1347 silly packumentCache full:https://registry.npmmirror.com/reusify set size:4443 disposed:false
1348 silly placeDep ROOT run-parallel@1.2.0 OK for: @nodelib/fs.scandir@2.1.5 want: ^1.1.9
1349 silly fetch manifest queue-microtask@^1.2.2
1350 silly packumentCache full:https://registry.npmmirror.com/queue-microtask cache-miss
1351 http fetch GET 200 https://registry.npmmirror.com/queue-microtask 17ms (cache miss)
1352 silly packumentCache full:https://registry.npmmirror.com/queue-microtask set size:6139 disposed:false
1353 silly placeDep ROOT reusify@1.1.0 OK for: fastq@1.20.1 want: ^1.0.4
1354 silly placeDep ROOT is-glob@4.0.3 OK for: glob-parent@5.1.2 want: ^4.0.1
1355 silly fetch manifest is-extglob@^2.1.1
1356 silly packumentCache full:https://registry.npmmirror.com/is-extglob cache-miss
1357 http fetch GET 200 https://registry.npmmirror.com/is-extglob 37ms (cache miss)
1358 silly packumentCache full:https://registry.npmmirror.com/is-extglob set size:3363 disposed:false
1359 silly placeDep ROOT is-extglob@2.1.1 OK for: is-glob@4.0.3 want: ^2.1.1
1360 silly placeDep ROOT braces@3.0.3 OK for: micromatch@4.0.8 want: ^3.0.3
1361 silly placeDep ROOT picomatch@2.3.2 OK for: micromatch@4.0.8 want: ^2.3.1
1362 silly fetch manifest fill-range@^7.1.1
1363 silly packumentCache full:https://registry.npmmirror.com/fill-range cache-miss
1364 http fetch GET 200 https://registry.npmmirror.com/fill-range 23ms (cache miss)
1365 silly packumentCache full:https://registry.npmmirror.com/fill-range set size:14245 disposed:false
1366 silly placeDep ROOT fill-range@7.1.1 OK for: braces@3.0.3 want: ^7.1.1
1367 silly fetch manifest to-regex-range@^5.0.1
1368 silly packumentCache full:https://registry.npmmirror.com/to-regex-range cache-miss
1369 http fetch GET 200 https://registry.npmmirror.com/to-regex-range 16ms (cache miss)
1370 silly packumentCache full:https://registry.npmmirror.com/to-regex-range set size:11477 disposed:false
1371 silly placeDep ROOT to-regex-range@5.0.1 OK for: fill-range@7.1.1 want: ^5.0.1
1372 silly fetch manifest is-number@^7.0.0
1373 silly packumentCache full:https://registry.npmmirror.com/is-number cache-miss
1374 http fetch GET 200 https://registry.npmmirror.com/is-number 17ms (cache miss)
1375 silly packumentCache full:https://registry.npmmirror.com/is-number set size:7889 disposed:false
1376 silly placeDep ROOT @types/normalize-package-data@2.4.4 OK for: read-pkg@9.0.1 want: ^2.4.3
1377 silly placeDep ROOT normalize-package-data@6.0.2 OK for: read-pkg@9.0.1 want: ^6.0.0
1378 silly placeDep ROOT parse-json@8.3.0 OK for: read-pkg@9.0.1 want: ^8.0.0
1379 silly placeDep ROOT type-fest@4.41.0 OK for: read-pkg@9.0.1 want: ^4.6.0
1380 silly placeDep node_modules/read-pkg unicorn-magic@0.1.0 OK for: read-pkg@9.0.1 want: ^0.1.0
1381 silly fetch manifest hosted-git-info@^7.0.0
1382 silly packumentCache full:https://registry.npmmirror.com/hosted-git-info cache-hit
1383 silly fetch manifest validate-npm-package-license@^3.0.4
1384 silly packumentCache full:https://registry.npmmirror.com/validate-npm-package-license cache-miss
1385 silly fetch manifest @babel/code-frame@^7.26.2
1386 silly packumentCache full:https://registry.npmmirror.com/@babel%2fcode-frame cache-miss
1387 silly fetch manifest index-to-position@^1.1.0
1388 silly packumentCache full:https://registry.npmmirror.com/index-to-position cache-miss
1389 silly fetch manifest type-fest@^4.39.1
1390 silly packumentCache full:https://registry.npmmirror.com/type-fest cache-hit
1391 http fetch GET 200 https://registry.npmmirror.com/validate-npm-package-license 19ms (cache miss)
1392 silly packumentCache full:https://registry.npmmirror.com/validate-npm-package-license set size:4319 disposed:false
1393 http fetch GET 200 https://registry.npmmirror.com/@babel%2fcode-frame 26ms (cache miss)
1394 silly packumentCache full:https://registry.npmmirror.com/@babel%2fcode-frame set size:36012 disposed:false
1395 http fetch GET 200 https://registry.npmmirror.com/index-to-position 38ms (cache miss)
1396 silly packumentCache full:https://registry.npmmirror.com/index-to-position set size:3338 disposed:false
1397 silly placeDep node_modules/normalize-package-data hosted-git-info@7.0.2 OK for: normalize-package-data@6.0.2 want: ^7.0.0
1398 silly placeDep ROOT validate-npm-package-license@3.0.4 OK for: normalize-package-data@6.0.2 want: ^3.0.4
1399 silly fetch manifest lru-cache@^10.0.1
1400 silly packumentCache full:https://registry.npmmirror.com/lru-cache cache-hit
1401 silly fetch manifest spdx-correct@^3.0.0
1402 silly packumentCache full:https://registry.npmmirror.com/spdx-correct cache-miss
1403 silly fetch manifest spdx-expression-parse@^3.0.0
1404 silly packumentCache full:https://registry.npmmirror.com/spdx-expression-parse cache-miss
1405 http fetch GET 200 https://registry.npmmirror.com/spdx-correct 17ms (cache miss)
1406 silly packumentCache full:https://registry.npmmirror.com/spdx-correct set size:7485 disposed:false
1407 http fetch GET 200 https://registry.npmmirror.com/spdx-expression-parse 29ms (cache miss)
1408 silly packumentCache full:https://registry.npmmirror.com/spdx-expression-parse set size:6870 disposed:false
1409 silly placeDep ROOT @babel/code-frame@7.29.7 OK for: parse-json@8.3.0 want: ^7.26.2
1410 silly placeDep ROOT index-to-position@1.2.0 OK for: parse-json@8.3.0 want: ^1.1.0
1411 silly fetch manifest @babel/helper-validator-identifier@^7.29.7
1412 silly packumentCache full:https://registry.npmmirror.com/@babel%2fhelper-validator-identifier cache-miss
1413 silly fetch manifest js-tokens@^4.0.0
1414 silly packumentCache full:https://registry.npmmirror.com/js-tokens cache-miss
1415 silly fetch manifest picocolors@^1.1.1
1416 silly packumentCache full:https://registry.npmmirror.com/picocolors cache-miss
1417 http fetch GET 200 https://registry.npmmirror.com/js-tokens 19ms (cache miss)
1418 silly packumentCache full:https://registry.npmmirror.com/js-tokens set size:9897 disposed:false
1419 http fetch GET 200 https://registry.npmmirror.com/@babel%2fhelper-validator-identifier 21ms (cache miss)
1420 silly packumentCache full:https://registry.npmmirror.com/@babel%2fhelper-validator-identifier set size:25814 disposed:false
1421 http fetch GET 200 https://registry.npmmirror.com/picocolors 22ms (cache miss)
1422 silly packumentCache full:https://registry.npmmirror.com/picocolors set size:4040 disposed:false
1423 silly placeDep ROOT @babel/helper-validator-identifier@7.29.7 OK for: @babel/code-frame@7.29.7 want: ^7.29.7
1424 silly placeDep ROOT js-tokens@4.0.0 OK for: @babel/code-frame@7.29.7 want: ^4.0.0
1425 silly placeDep ROOT picocolors@1.1.1 OK for: @babel/code-frame@7.29.7 want: ^1.1.1
1426 silly placeDep ROOT queue-microtask@1.2.3 OK for: run-parallel@1.2.0 want: ^1.2.2
1427 silly placeDep ROOT decompress-response@6.0.0 OK for: simple-get@4.0.1 want: ^6.0.0
1428 silly placeDep ROOT simple-concat@1.0.1 OK for: simple-get@4.0.1 want: ^1.0.0
1429 silly fetch manifest mimic-response@^3.1.0
1430 silly packumentCache full:https://registry.npmmirror.com/mimic-response cache-miss
1431 http fetch GET 200 https://registry.npmmirror.com/mimic-response 16ms (cache miss)
1432 silly packumentCache full:https://registry.npmmirror.com/mimic-response set size:3723 disposed:false
1433 silly placeDep ROOT mimic-response@3.1.0 OK for: decompress-response@6.0.0 want: ^3.1.0
1434 silly placeDep ROOT emoji-regex@8.0.0 OK for: string-width@4.2.3 want: ^8.0.0
1435 silly placeDep ROOT is-fullwidth-code-point@3.0.0 OK for: string-width@4.2.3 want: ^3.0.0
1436 silly placeDep node_modules/string-width strip-ansi@6.0.1 OK for: string-width@4.2.3 want: ^6.0.1
1437 silly placeDep ROOT ansi-regex@6.3.0 OK for: strip-ansi@7.2.0 want: ^6.2.2
1438 silly placeDep ROOT boundary@2.0.0 OK for: structured-source@4.0.0 want: ^2.0.0
1439 silly placeDep ROOT has-flag@4.0.0 OK for: supports-color@7.2.0 want: ^4.0.0
1440 silly placeDep ROOT lodash.truncate@4.4.2 OK for: table@6.9.0 want: ^4.4.2
1441 silly placeDep ROOT slice-ansi@4.0.0 OK for: table@6.9.0 want: ^4.0.0
1442 silly placeDep node_modules/table strip-ansi@6.0.1 OK for: table@6.9.0 want: ^6.0.1
1443 silly fetch manifest astral-regex@^2.0.0
1444 silly packumentCache full:https://registry.npmmirror.com/astral-regex cache-miss
1445 http fetch GET 200 https://registry.npmmirror.com/astral-regex 126ms (cache miss)
1446 silly packumentCache full:https://registry.npmmirror.com/astral-regex set size:1717 disposed:false
1447 silly placeDep ROOT astral-regex@2.0.0 OK for: slice-ansi@4.0.0 want: ^2.0.0
1448 silly placeDep ROOT chownr@1.1.4 OK for: tar-fs@2.1.5 want: ^1.1.1
1449 silly placeDep ROOT tar-stream@2.2.0 OK for: tar-fs@2.1.5 want: ^2.1.4
1450 silly fetch manifest bl@^4.0.3
1451 silly packumentCache full:https://registry.npmmirror.com/bl cache-miss
1452 silly fetch manifest fs-constants@^1.0.0
1453 silly packumentCache full:https://registry.npmmirror.com/fs-constants cache-miss
1454 silly fetch manifest inherits@^2.0.3
1455 silly packumentCache full:https://registry.npmmirror.com/inherits cache-miss
1456 silly fetch manifest readable-stream@^3.1.1
1457 silly packumentCache full:https://registry.npmmirror.com/readable-stream cache-miss
1458 http fetch GET 200 https://registry.npmmirror.com/fs-constants 17ms (cache miss)
1459 silly packumentCache full:https://registry.npmmirror.com/fs-constants set size:1170 disposed:false
1460 http fetch GET 200 https://registry.npmmirror.com/readable-stream 21ms (cache miss)
1461 silly packumentCache full:https://registry.npmmirror.com/readable-stream set size:40678 disposed:false
1462 http fetch GET 200 https://registry.npmmirror.com/bl 24ms (cache miss)
1463 silly packumentCache full:https://registry.npmmirror.com/bl set size:39203 disposed:false
1464 http fetch GET 200 https://registry.npmmirror.com/inherits 27ms (cache miss)
1465 silly packumentCache full:https://registry.npmmirror.com/inherits set size:3419 disposed:false
1466 silly placeDep ROOT bl@4.1.0 OK for: tar-stream@2.2.0 want: ^4.0.3
1467 silly placeDep ROOT fs-constants@1.0.0 OK for: tar-stream@2.2.0 want: ^1.0.0
1468 silly placeDep ROOT inherits@2.0.4 OK for: tar-stream@2.2.0 want: ^2.0.3
1469 silly placeDep ROOT readable-stream@3.6.2 OK for: tar-stream@2.2.0 want: ^3.1.1
1470 silly fetch manifest buffer@^5.5.0
1471 silly packumentCache full:https://registry.npmmirror.com/buffer cache-miss
1472 silly fetch manifest inherits@^2.0.4
1473 silly packumentCache full:https://registry.npmmirror.com/inherits cache-hit
1474 silly fetch manifest readable-stream@^3.4.0
1475 silly packumentCache full:https://registry.npmmirror.com/readable-stream cache-hit
1476 silly fetch manifest string_decoder@^1.1.1
1477 silly packumentCache full:https://registry.npmmirror.com/string_decoder cache-miss
1478 silly fetch manifest util-deprecate@^1.0.1
1479 silly packumentCache full:https://registry.npmmirror.com/util-deprecate cache-miss
1480 http fetch GET 200 https://registry.npmmirror.com/string_decoder 17ms (cache miss)
1481 silly packumentCache full:https://registry.npmmirror.com/string_decoder set size:5759 disposed:false
1482 http fetch GET 200 https://registry.npmmirror.com/util-deprecate 18ms (cache miss)
1483 silly packumentCache full:https://registry.npmmirror.com/util-deprecate set size:2289 disposed:false
1484 http fetch GET 200 https://registry.npmmirror.com/buffer 21ms (cache miss)
1485 silly packumentCache full:https://registry.npmmirror.com/buffer set size:45435 disposed:false
1486 silly placeDep ROOT buffer@5.7.1 OK for: bl@4.1.0 want: ^5.5.0
1487 silly fetch manifest base64-js@^1.3.1
1488 silly packumentCache full:https://registry.npmmirror.com/base64-js cache-miss
1489 silly fetch manifest ieee754@^1.1.13
1490 silly packumentCache full:https://registry.npmmirror.com/ieee754 cache-miss
1491 http fetch GET 200 https://registry.npmmirror.com/ieee754 20ms (cache miss)
1492 silly packumentCache full:https://registry.npmmirror.com/ieee754 set size:6119 disposed:false
1493 http fetch GET 200 https://registry.npmmirror.com/base64-js 22ms (cache miss)
1494 silly packumentCache full:https://registry.npmmirror.com/base64-js set size:11923 disposed:false
1495 silly placeDep ROOT base64-js@1.5.1 OK for: buffer@5.7.1 want: ^1.3.1
1496 silly placeDep ROOT ieee754@1.2.1 OK for: buffer@5.7.1 want: ^1.1.13
1497 silly placeDep ROOT string_decoder@1.3.0 OK for: readable-stream@3.6.2 want: ^1.1.1
1498 silly placeDep ROOT util-deprecate@1.0.2 OK for: readable-stream@3.6.2 want: ^1.0.1
1499 silly placeDep ROOT ansi-escapes@7.3.0 OK for: terminal-link@4.0.0 want: ^7.0.0
1500 silly placeDep ROOT supports-hyperlinks@3.2.0 OK for: terminal-link@4.0.0 want: ^3.2.0
1501 silly fetch manifest environment@^1.0.0
1502 silly packumentCache full:https://registry.npmmirror.com/environment cache-miss
1503 http fetch GET 200 https://registry.npmmirror.com/environment 36ms (cache miss)
1504 silly packumentCache full:https://registry.npmmirror.com/environment set size:3285 disposed:false
1505 silly placeDep ROOT environment@1.1.0 OK for: ansi-escapes@7.3.0 want: ^1.0.0
1506 silly placeDep ROOT is-number@7.0.0 OK for: to-regex-range@5.0.1 want: ^7.0.0
1507 silly placeDep ROOT qs@6.15.3 OK for: typed-rest-client@1.8.11 want: ^6.9.1
1508 silly placeDep ROOT underscore@1.13.8 OK for: typed-rest-client@1.8.11 want: ^1.12.1
1509 silly fetch manifest side-channel@^1.1.1
1510 silly packumentCache full:https://registry.npmmirror.com/side-channel cache-miss
1511 http fetch GET 200 https://registry.npmmirror.com/side-channel 18ms (cache miss)
1512 silly packumentCache full:https://registry.npmmirror.com/side-channel set size:5472 disposed:false
1513 silly placeDep ROOT side-channel@1.1.1 OK for: qs@6.15.3 want: ^1.1.1
1514 silly fetch manifest object-inspect@^1.13.4
1515 silly packumentCache full:https://registry.npmmirror.com/object-inspect cache-miss
1516 silly fetch manifest side-channel-list@^1.0.1
1517 silly packumentCache full:https://registry.npmmirror.com/side-channel-list cache-miss
1518 silly fetch manifest side-channel-map@^1.0.1
1519 silly packumentCache full:https://registry.npmmirror.com/side-channel-map cache-miss
1520 silly fetch manifest side-channel-weakmap@^1.0.2
1521 silly packumentCache full:https://registry.npmmirror.com/side-channel-weakmap cache-miss
1522 http fetch GET 200 https://registry.npmmirror.com/side-channel-list 19ms (cache miss)
1523 silly packumentCache full:https://registry.npmmirror.com/side-channel-list set size:3117 disposed:false
1524 http fetch GET 200 https://registry.npmmirror.com/side-channel-weakmap 20ms (cache miss)
1525 silly packumentCache full:https://registry.npmmirror.com/side-channel-weakmap set size:3754 disposed:false
1526 http fetch GET 200 https://registry.npmmirror.com/object-inspect 23ms (cache miss)
1527 silly packumentCache full:https://registry.npmmirror.com/object-inspect set size:19266 disposed:false
1528 http fetch GET 200 https://registry.npmmirror.com/side-channel-map 24ms (cache miss)
1529 silly packumentCache full:https://registry.npmmirror.com/side-channel-map set size:3039 disposed:false
1530 silly placeDep ROOT object-inspect@1.13.4 OK for: side-channel@1.1.1 want: ^1.13.4
1531 silly placeDep ROOT side-channel-list@1.0.1 OK for: side-channel@1.1.1 want: ^1.0.1
1532 silly placeDep ROOT side-channel-map@1.0.1 OK for: side-channel@1.1.1 want: ^1.0.1
1533 silly placeDep ROOT side-channel-weakmap@1.0.2 OK for: side-channel@1.1.1 want: ^1.0.2
1534 silly fetch manifest call-bound@^1.0.2
1535 silly packumentCache full:https://registry.npmmirror.com/call-bound cache-miss
1536 silly fetch manifest call-bound@^1.0.2
1537 silly packumentCache full:https://registry.npmmirror.com/call-bound cache-miss
1538 http fetch GET 200 https://registry.npmmirror.com/call-bound 15ms (cache miss)
1539 silly packumentCache full:https://registry.npmmirror.com/call-bound set size:3859 disposed:false
1540 http fetch GET 200 https://registry.npmmirror.com/call-bound 16ms (cache miss)
1541 silly packumentCache full:https://registry.npmmirror.com/call-bound set size:3859 disposed:false
1542 silly packumentCache full:https://registry.npmmirror.com/call-bound dispose
1543 silly placeDep ROOT call-bound@1.0.4 OK for: side-channel-map@1.0.1 want: ^1.0.2
1544 silly placeDep ROOT spdx-correct@3.2.0 OK for: validate-npm-package-license@3.0.4 want: ^3.0.0
1545 silly placeDep ROOT spdx-expression-parse@3.0.1 OK for: validate-npm-package-license@3.0.4 want: ^3.0.0
1546 silly fetch manifest spdx-license-ids@^3.0.0
1547 silly packumentCache full:https://registry.npmmirror.com/spdx-license-ids cache-miss
1548 silly fetch manifest spdx-exceptions@^2.1.0
1549 silly packumentCache full:https://registry.npmmirror.com/spdx-exceptions cache-miss
1550 silly fetch manifest spdx-license-ids@^3.0.0
1551 silly packumentCache full:https://registry.npmmirror.com/spdx-license-ids cache-miss
1552 http fetch GET 200 https://registry.npmmirror.com/spdx-license-ids 16ms (cache miss)
1553 silly packumentCache full:https://registry.npmmirror.com/spdx-license-ids set size:15363 disposed:false
1554 http fetch GET 200 https://registry.npmmirror.com/spdx-license-ids 19ms (cache miss)
1555 silly packumentCache full:https://registry.npmmirror.com/spdx-license-ids set size:15363 disposed:false
1556 silly packumentCache full:https://registry.npmmirror.com/spdx-license-ids dispose
1557 http fetch GET 200 https://registry.npmmirror.com/spdx-exceptions 21ms (cache miss)
1558 silly packumentCache full:https://registry.npmmirror.com/spdx-exceptions set size:4911 disposed:false
1559 silly placeDep ROOT spdx-license-ids@3.0.23 OK for: spdx-correct@3.2.0 want: ^3.0.0
1560 silly placeDep ROOT spdx-exceptions@2.5.0 OK for: spdx-expression-parse@3.0.1 want: ^2.1.0
1561 silly placeDep ROOT is-wsl@3.1.1 OK for: wsl-utils@0.1.0 want: ^3.1.0
1562 silly placeDep ROOT sax@1.6.1 OK for: xml2js@0.5.0 want: >=0.6.0
1563 silly placeDep ROOT xmlbuilder@11.0.1 OK for: xml2js@0.5.0 want: ~11.0.0
1564 silly placeDep ROOT pend@1.2.0 OK for: yauzl@3.4.0 want: ~1.2.0
1565 silly placeDep ROOT buffer-crc32@0.2.13 OK for: yazl@2.5.1 want: ~0.2.3
1566 silly placeDep node_modules/@textlint/linter-formatter ansi-regex@5.0.1 OK for: strip-ansi@6.0.1 want: ^5.0.1
1567 silly placeDep node_modules/normalize-package-data lru-cache@10.4.3 OK for: hosted-git-info@7.0.2 want: ^10.0.1
1568 silly placeDep node_modules/string-width ansi-regex@5.0.1 OK for: strip-ansi@6.0.1 want: ^5.0.1
1569 silly placeDep node_modules/table ansi-regex@5.0.1 OK for: strip-ansi@6.0.1 want: ^5.0.1
1570 silly reify moves {}
1571 silly audit bulk request {
1571 silly audit   '@vscode/vsce': [ '3.9.2' ],
1571 silly audit   '@azure/identity': [ '4.13.1' ],
1571 silly audit   '@secretlint/node': [ '10.2.2' ],
1571 silly audit   '@secretlint/secretlint-formatter-sarif': [ '10.2.2' ],
1571 silly audit   '@secretlint/secretlint-rule-no-dotenv': [ '10.2.2' ],
1571 silly audit   '@secretlint/secretlint-rule-preset-recommend': [ '10.2.2' ],
1571 silly audit   '@vscode/vsce-sign': [ '2.0.9' ],
1571 silly audit   'azure-devops-node-api': [ '12.5.0' ],
1571 silly audit   chalk: [ '4.1.2', '5.6.2' ],
1571 silly audit   cheerio: [ '1.2.0' ],
1571 silly audit   cockatiel: [ '3.2.1' ],
1571 silly audit   commander: [ '12.1.0' ],
1571 silly audit   'form-data': [ '4.0.6' ],
1571 silly audit   glob: [ '13.0.6' ],
1571 silly audit   'hosted-git-info': [ '4.1.0', '7.0.2' ],
1571 silly audit   'jsonc-parser': [ '3.3.1' ],
1571 silly audit   keytar: [ '7.9.0' ],
1571 silly audit   leven: [ '3.1.0' ],
1571 silly audit   'markdown-it': [ '14.3.0' ],
1571 silly audit   mime: [ '1.6.0' ],
1571 silly audit   minimatch: [ '10.2.6' ],
1571 silly audit   'parse-semver': [ '1.1.1' ],
1571 silly audit   read: [ '1.0.7' ],
1571 silly audit   secretlint: [ '10.2.2' ],
1571 silly audit   semver: [ '7.8.5', '5.7.2' ],
1571 silly audit   tmp: [ '0.2.7' ],
1571 silly audit   'typed-rest-client': [ '1.8.11' ],
1571 silly audit   'url-join': [ '4.0.1' ],
1571 silly audit   xml2js: [ '0.5.0' ],
1571 silly audit   yauzl: [ '3.4.0' ],
1571 silly audit   yazl: [ '2.5.1' ],
1571 silly audit   '@azure/abort-controller': [ '2.2.0' ],
1571 silly audit   '@azure/core-auth': [ '1.11.0' ],
1571 silly audit   '@azure/core-client': [ '1.11.0' ],
1571 silly audit   '@azure/core-rest-pipeline': [ '1.25.0' ],
1571 silly audit   '@azure/core-tracing': [ '1.4.0' ],
1571 silly audit   '@azure/core-util': [ '1.14.0' ],
1571 silly audit   '@azure/logger': [ '1.4.0' ],
1571 silly audit   '@azure/msal-browser': [ '5.18.0' ],
1571 silly audit   '@azure/msal-node': [ '5.5.0' ],
1571 silly audit   open: [ '10.2.0' ],
1571 silly audit   tslib: [ '2.8.1' ],
1571 silly audit   '@typespec/ts-http-runtime': [ '0.3.8' ],
1571 silly audit   '@azure/msal-common': [ '16.12.0' ],
1571 silly audit   jsonwebtoken: [ '9.0.3' ],
1571 silly audit   '@secretlint/config-loader': [ '10.2.2' ],
1571 silly audit   '@secretlint/core': [ '10.2.2' ],
1571 silly audit   '@secretlint/formatter': [ '10.2.2' ],
1571 silly audit   '@secretlint/profiler': [ '10.2.2' ],
1571 silly audit   '@secretlint/source-creator': [ '10.2.2' ],
1571 silly audit   '@secretlint/types': [ '10.2.2' ],
1571 silly audit   debug: [ '4.4.3' ],
1571 silly audit   'p-map': [ '7.0.6' ],
1571 silly audit   '@secretlint/resolver': [ '10.2.2' ],
1571 silly audit   ajv: [ '8.20.0' ],
1571 silly audit   'rc-config-loader': [ '4.1.4' ],
1571 silly audit   'structured-source': [ '4.0.0' ],
1571 silly audit   '@textlint/linter-formatter': [ '15.8.0' ],
1571 silly audit   '@textlint/module-interop': [ '15.8.0' ],
1571 silly audit   '@textlint/types': [ '15.8.0' ],
1571 silly audit   pluralize: [ '8.0.0', '2.0.0' ],
1571 silly audit   'strip-ansi': [ '7.2.0', '6.0.1' ],
1571 silly audit   table: [ '6.9.0' ],
1571 silly audit   'terminal-link': [ '4.0.0' ],
1571 silly audit   'node-sarif-builder': [ '3.4.0' ],
1571 silly audit   istextorbinary: [ '9.5.0' ],
1571 silly audit   '@azu/format-text': [ '1.0.2' ],
1571 silly audit   '@azu/style-format': [ '1.0.1' ],
1571 silly audit   '@textlint/resolver': [ '15.8.0' ],
1571 silly audit   'js-yaml': [ '4.3.1' ],
1571 silly audit   lodash: [ '4.18.1' ],
1571 silly audit   'string-width': [ '4.2.3' ],
1571 silly audit   'text-table': [ '0.2.0' ],
1571 silly audit   '@textlint/ast-node-types': [ '15.8.0' ],
1571 silly audit   'http-proxy-agent': [ '7.0.2' ],
1571 silly audit   'https-proxy-agent': [ '7.0.6' ],
1571 silly audit   '@vscode/vsce-sign-alpine-arm64': [ '2.0.6' ],
1571 silly audit   '@vscode/vsce-sign-alpine-x64': [ '2.0.6' ],
1571 silly audit   '@vscode/vsce-sign-darwin-arm64': [ '2.0.6' ],
1571 silly audit   '@vscode/vsce-sign-darwin-x64': [ '2.0.6' ],
1571 silly audit   '@vscode/vsce-sign-linux-arm': [ '2.0.6' ],
1571 silly audit   '@vscode/vsce-sign-linux-arm64': [ '2.0.6' ],
1571 silly audit   '@vscode/vsce-sign-linux-x64': [ '2.0.6' ],
1571 silly audit   '@vscode/vsce-sign-win32-arm64': [ '2.0.6' ],
1571 silly audit   '@vscode/vsce-sign-win32-x64': [ '2.0.6' ],
1571 silly audit   'fast-deep-equal': [ '3.1.3' ],
1571 silly audit   'fast-uri': [ '3.1.5' ],
1571 silly audit   'json-schema-traverse': [ '1.0.0' ],
1571 silly audit   'require-from-string': [ '2.0.2' ],
1571 silly audit   tunnel: [ '0.0.6' ],
1571 silly audit   'ansi-styles': [ '4.3.0' ],
1571 silly audit   'supports-color': [ '7.2.0' ],
1571 silly audit   'color-convert': [ '2.0.1' ],
1571 silly audit   'cheerio-select': [ '2.1.0' ],
1571 silly audit   'dom-serializer': [ '2.0.0' ],
1571 silly audit   domhandler: [ '5.0.3' ],
1571 silly audit   domutils: [ '3.2.2' ],
1571 silly audit   'encoding-sniffer': [ '0.2.1' ],
1571 silly audit   htmlparser2: [ '10.1.0' ],
1571 silly audit   parse5: [ '7.3.0' ],
1571 silly audit   'parse5-htmlparser2-tree-adapter': [ '7.1.0' ],
1571 silly audit   'parse5-parser-stream': [ '7.1.2' ],
1571 silly audit   undici: [ '7.29.0' ],
1571 silly audit   'whatwg-mimetype': [ '4.0.0' ],
1571 silly audit   boolbase: [ '1.0.0' ],
1571 silly audit   'css-select': [ '5.2.2' ],
1571 silly audit   'css-what': [ '6.2.2' ],
1571 silly audit   domelementtype: [ '2.3.0' ],
1571 silly audit   'color-name': [ '1.1.4' ],
1571 silly audit   'nth-check': [ '2.1.1' ],
1571 silly audit   ms: [ '2.1.3' ],
1571 silly audit   entities: [ '4.5.0', '7.0.1', '6.0.1' ],
1571 silly audit   'iconv-lite': [ '0.6.3' ],
1571 silly audit   'whatwg-encoding': [ '3.1.1' ],
1571 silly audit   asynckit: [ '0.4.0' ],
1571 silly audit   'combined-stream': [ '1.0.8' ],
1571 silly audit   'es-set-tostringtag': [ '2.1.0' ],
1571 silly audit   hasown: [ '2.0.4' ],
1571 silly audit   'mime-types': [ '2.1.35' ],
1571 silly audit   'delayed-stream': [ '1.0.0' ],
1571 silly audit   'es-errors': [ '1.3.0' ],
1571 silly audit   'get-intrinsic': [ '1.3.0' ],
1571 silly audit   'has-tostringtag': [ '1.0.2' ],
1571 silly audit   'call-bind-apply-helpers': [ '1.0.2' ],
1571 silly audit   'es-define-property': [ '1.0.1' ],
1571 silly audit   'es-object-atoms': [ '1.1.2' ],
1571 silly audit   'function-bind': [ '1.1.2' ],
1571 silly audit   'get-proto': [ '1.0.1' ],
1571 silly audit   gopd: [ '1.2.0' ],
1571 silly audit   'has-symbols': [ '1.1.0' ],
1571 silly audit   'math-intrinsics': [ '1.1.0' ],
1571 silly audit   'dunder-proto': [ '1.0.1' ],
1571 silly audit   minipass: [ '7.1.3' ],
1571 silly audit   'path-scurry': [ '2.0.2' ],
1571 silly audit   'lru-cache': [ '6.0.0', '11.5.2', '10.4.3' ],
1571 silly audit   'agent-base': [ '7.1.4' ],
1571 silly audit   'safer-buffer': [ '2.1.2' ],
1571 silly audit   binaryextensions: [ '6.11.0' ],
1571 silly audit   editions: [ '6.22.0' ],
1571 silly audit   textextensions: [ '6.11.0' ],
1571 silly audit   'version-range': [ '4.15.0' ],
1571 silly audit   argparse: [ '2.0.1' ],
1571 silly audit   jws: [ '4.0.1' ],
1571 silly audit   'lodash.includes': [ '4.3.0' ],
1571 silly audit   'lodash.isboolean': [ '3.0.3' ],
1571 silly audit   'lodash.isinteger': [ '4.0.4' ],
1571 silly audit   'lodash.isnumber': [ '3.0.3' ],
1571 silly audit   'lodash.isplainobject': [ '4.0.6' ],
1571 silly audit   'lodash.isstring': [ '4.0.1' ],
1571 silly audit   'lodash.once': [ '4.1.1' ],
1571 silly audit   jwa: [ '2.0.1' ],
1571 silly audit   'safe-buffer': [ '5.2.1' ],
1571 silly audit   'buffer-equal-constant-time': [ '1.0.1' ],
1571 silly audit   'ecdsa-sig-formatter': [ '1.0.11' ],
1571 silly audit   'node-addon-api': [ '4.3.0' ],
1571 silly audit   'prebuild-install': [ '7.1.2' ],
1571 silly audit   yallist: [ '4.0.0' ],
1571 silly audit   'linkify-it': [ '5.0.2' ],
1571 silly audit   mdurl: [ '2.1.0' ],
1571 silly audit   'punycode.js': [ '2.3.1' ],
1571 silly audit   'uc.micro': [ '2.1.0' ],
1571 silly audit   'mime-db': [ '1.52.0' ],
1571 silly audit   'brace-expansion': [ '5.0.9' ],
1571 silly audit   'balanced-match': [ '4.0.4' ],
1571 silly audit   '@types/sarif': [ '2.1.7' ],
1571 silly audit   'fs-extra': [ '11.4.0' ],
1571 silly audit   'graceful-fs': [ '4.2.11' ],
1571 silly audit   jsonfile: [ '6.2.1' ],
1571 silly audit   universalify: [ '2.0.1' ],
1571 silly audit   'default-browser': [ '5.5.0' ],
1571 silly audit   'define-lazy-prop': [ '3.0.0' ],
1571 silly audit   'is-inside-container': [ '1.0.0' ],
1571 silly audit   'wsl-utils': [ '0.1.0' ],
1571 silly audit   'bundle-name': [ '4.1.0' ],
1571 silly audit   'default-browser-id': [ '5.0.1' ],
1571 silly audit   'run-applescript': [ '7.1.0' ],
1571 silly audit   'is-docker': [ '3.0.0' ],
1571 silly audit   'detect-libc': [ '2.1.2' ],
1571 silly audit   'expand-template': [ '2.0.3' ],
1571 silly audit   'github-from-package': [ '0.0.0' ],
1571 silly audit   minimist: [ '1.2.8' ],
1571 silly audit   'mkdirp-classic': [ '0.5.3' ],
1571 silly audit   'napi-build-utils': [ '1.0.2' ],
1571 silly audit   'node-abi': [ '3.94.0' ],
1571 silly audit   pump: [ '3.0.4' ],
1571 silly audit   rc: [ '1.2.8' ],
1571 silly audit   'simple-get': [ '4.0.1' ],
1571 silly audit   'tar-fs': [ '2.1.5' ],
1571 silly audit   'tunnel-agent': [ '0.6.0' ],
1571 silly audit   'end-of-stream': [ '1.4.5' ],
1571 silly audit   once: [ '1.4.0' ],
1571 silly audit   wrappy: [ '1.0.2' ],
1571 silly audit   'deep-extend': [ '0.6.0' ],
1571 silly audit   ini: [ '1.3.8' ],
1571 silly audit   'strip-json-comments': [ '2.0.1' ],
1571 silly audit   json5: [ '2.2.3' ],
1571 silly audit   'mute-stream': [ '0.0.8' ],
1571 silly audit   '@secretlint/config-creator': [ '10.2.2' ],
1571 silly audit   globby: [ '14.1.0' ],
1571 silly audit   'read-pkg': [ '9.0.1' ],
1571 silly audit   '@sindresorhus/merge-streams': [ '2.3.0' ],
1571 silly audit   'fast-glob': [ '3.3.3' ],
1571 silly audit   ignore: [ '7.0.6' ],
1571 silly audit   'path-type': [ '6.0.0' ],
1571 silly audit   slash: [ '5.1.0' ],
1571 silly audit   'unicorn-magic': [ '0.3.0', '0.1.0' ],
1571 silly audit   '@nodelib/fs.stat': [ '2.0.5' ],
1571 silly audit   '@nodelib/fs.walk': [ '1.2.8' ],
1571 silly audit   'glob-parent': [ '5.1.2' ],
1571 silly audit   merge2: [ '1.4.1' ],
1571 silly audit   micromatch: [ '4.0.8' ],
1571 silly audit   '@nodelib/fs.scandir': [ '2.1.5' ],
1571 silly audit   fastq: [ '1.20.1' ],
1571 silly audit   'run-parallel': [ '1.2.0' ],
1571 silly audit   reusify: [ '1.1.0' ],
1571 silly audit   'is-glob': [ '4.0.3' ],
1571 silly audit   'is-extglob': [ '2.1.1' ],
1571 silly audit   braces: [ '3.0.3' ],
1571 silly audit   picomatch: [ '2.3.2' ],
1571 silly audit   'fill-range': [ '7.1.1' ],
1571 silly audit   'to-regex-range': [ '5.0.1' ],
1571 silly audit   '@types/normalize-package-data': [ '2.4.4' ],
1571 silly audit   'normalize-package-data': [ '6.0.2' ],
1571 silly audit   'parse-json': [ '8.3.0' ],
1571 silly audit   'type-fest': [ '4.41.0' ],
1571 silly audit   'validate-npm-package-license': [ '3.0.4' ],
1571 silly audit   '@babel/code-frame': [ '7.29.7' ],
1571 silly audit   'index-to-position': [ '1.2.0' ],
1571 silly audit   '@babel/helper-validator-identifier': [ '7.29.7' ],
1571 silly audit   'js-tokens': [ '4.0.0' ],
1571 silly audit   picocolors: [ '1.1.1' ],
1571 silly audit   'queue-microtask': [ '1.2.3' ],
1571 silly audit   'decompress-response': [ '6.0.0' ],
1571 silly audit   'simple-concat': [ '1.0.1' ],
1571 silly audit   'mimic-response': [ '3.1.0' ],
1571 silly audit   'emoji-regex': [ '8.0.0' ],
1571 silly audit   'is-fullwidth-code-point': [ '3.0.0' ],
1571 silly audit   'ansi-regex': [ '6.3.0', '5.0.1' ],
1571 silly audit   boundary: [ '2.0.0' ],
1571 silly audit   'has-flag': [ '4.0.0' ],
1571 silly audit   'lodash.truncate': [ '4.4.2' ],
1571 silly audit   'slice-ansi': [ '4.0.0' ],
1571 silly audit   'astral-regex': [ '2.0.0' ],
1571 silly audit   chownr: [ '1.1.4' ],
1571 silly audit   'tar-stream': [ '2.2.0' ],
1571 silly audit   bl: [ '4.1.0' ],
1571 silly audit   'fs-constants': [ '1.0.0' ],
1571 silly audit   inherits: [ '2.0.4' ],
1571 silly audit   'readable-stream': [ '3.6.2' ],
1571 silly audit   buffer: [ '5.7.1' ],
1571 silly audit   'base64-js': [ '1.5.1' ],
1571 silly audit   ieee754: [ '1.2.1' ],
1571 silly audit   string_decoder: [ '1.3.0' ],
1571 silly audit   'util-deprecate': [ '1.0.2' ],
1571 silly audit   'ansi-escapes': [ '7.3.0' ],
1571 silly audit   'supports-hyperlinks': [ '3.2.0' ],
1571 silly audit   environment: [ '1.1.0' ],
1571 silly audit   'is-number': [ '7.0.0' ],
1571 silly audit   qs: [ '6.15.3' ],
1571 silly audit   underscore: [ '1.13.8' ],
1571 silly audit   'side-channel': [ '1.1.1' ],
1571 silly audit   'object-inspect': [ '1.13.4' ],
1571 silly audit   'side-channel-list': [ '1.0.1' ],
1571 silly audit   'side-channel-map': [ '1.0.1' ],
1571 silly audit   'side-channel-weakmap': [ '1.0.2' ],
1571 silly audit   'call-bound': [ '1.0.4' ],
1571 silly audit   'spdx-correct': [ '3.2.0' ],
1571 silly audit   'spdx-expression-parse': [ '3.0.1' ],
1571 silly audit   'spdx-license-ids': [ '3.0.23' ],
1571 silly audit   'spdx-exceptions': [ '2.5.0' ],
1571 silly audit   'is-wsl': [ '3.1.1' ],
1571 silly audit   sax: [ '1.6.1' ],
1571 silly audit   xmlbuilder: [ '11.0.1' ],
1571 silly audit   pend: [ '1.2.0' ],
1571 silly audit   'buffer-crc32': [ '0.2.13' ]
1571 silly audit }
1572 http fetch POST 404 https://registry.npmmirror.com/-/npm/v1/security/advisories/bulk 45ms
1573 verbose audit error HttpErrorGeneral: 404 Not Found - POST https://registry.npmmirror.com/-/npm/v1/security/advisories/bulk - [NOT_IMPLEMENTED] /-/npm/v1/security/* not implemented yet
1573 verbose audit error     at D:\x64\nodejs\node_modules\npm\node_modules\npm-registry-fetch\lib\check-response.js:103:15
1573 verbose audit error     at process.processTicksAndRejections (node:internal/process/task_queues:104:5)
1573 verbose audit error     at async #getReport (D:\x64\nodejs\node_modules\npm\node_modules\@npmcli\arborist\lib\audit-report.js:334:19)
1573 verbose audit error     at async AuditReport.run (D:\x64\nodejs\node_modules\npm\node_modules\@npmcli\arborist\lib\audit-report.js:101:19) {
1573 verbose audit error   headers: [Object: null prototype] {
1573 verbose audit error     server: [ 'Tengine' ],
1573 verbose audit error     date: [ 'Fri, 14 Aug 2026 03:54:14 GMT' ],
1573 verbose audit error     'content-type': [ 'application/json' ],
1573 verbose audit error     'transfer-encoding': [ 'chunked' ],
1573 verbose audit error     connection: [ 'keep-alive' ],
1573 verbose audit error     'strict-transport-security': [ 'max-age=5184000' ],
1573 verbose audit error     via: [ 'kunlun3.cn9041[,404666]' ],
1573 verbose audit error     'timing-allow-origin': [ '*' ],
1573 verbose audit error     eagleid: [ '7171640817866796545301463e' ],
1573 verbose audit error     'x-fetch-attempts': [ '1' ]
1573 verbose audit error   },
1573 verbose audit error   statusCode: 404,
1573 verbose audit error   code: 'E404',
1573 verbose audit error   method: 'POST',
1573 verbose audit error   uri: 'https://registry.npmmirror.com/-/npm/v1/security/advisories/bulk',
1573 verbose audit error   body: {
1573 verbose audit error     error: '[NOT_IMPLEMENTED] /-/npm/v1/security/* not implemented yet'
1573 verbose audit error   },
1573 verbose audit error   pkgid: undefined
1573 verbose audit error }
1574 silly audit error [object Object]
1575 silly audit report null
1576 http cache buffer-crc32@https://registry.npmmirror.com/buffer-crc32/-/buffer-crc32-0.2.13.tgz 0ms (cache hit)
1577 http cache pend@https://registry.npmmirror.com/pend/-/pend-1.2.0.tgz 0ms (cache hit)
1578 http cache xmlbuilder@https://registry.npmmirror.com/xmlbuilder/-/xmlbuilder-11.0.1.tgz 0ms (cache hit)
1579 http cache sax@https://registry.npmmirror.com/sax/-/sax-1.6.1.tgz 0ms (cache hit)
1580 http cache spdx-exceptions@https://registry.npmmirror.com/spdx-exceptions/-/spdx-exceptions-2.5.0.tgz 0ms (cache hit)
1581 http cache is-wsl@https://registry.npmmirror.com/is-wsl/-/is-wsl-3.1.1.tgz 0ms (cache hit)
1582 http cache spdx-expression-parse@https://registry.npmmirror.com/spdx-expression-parse/-/spdx-expression-parse-3.0.1.tgz 0ms (cache hit)
1583 http cache spdx-license-ids@https://registry.npmmirror.com/spdx-license-ids/-/spdx-license-ids-3.0.23.tgz 0ms (cache hit)
1584 http cache spdx-correct@https://registry.npmmirror.com/spdx-correct/-/spdx-correct-3.2.0.tgz 0ms (cache hit)
1585 http cache call-bound@https://registry.npmmirror.com/call-bound/-/call-bound-1.0.4.tgz 0ms (cache hit)
1586 http cache side-channel-weakmap@https://registry.npmmirror.com/side-channel-weakmap/-/side-channel-weakmap-1.0.2.tgz 0ms (cache hit)
1587 http cache side-channel-map@https://registry.npmmirror.com/side-channel-map/-/side-channel-map-1.0.1.tgz 0ms (cache hit)
1588 http cache side-channel-list@https://registry.npmmirror.com/side-channel-list/-/side-channel-list-1.0.1.tgz 0ms (cache hit)
1589 http cache object-inspect@https://registry.npmmirror.com/object-inspect/-/object-inspect-1.13.4.tgz 0ms (cache hit)
1590 http cache underscore@https://registry.npmmirror.com/underscore/-/underscore-1.13.8.tgz 0ms (cache hit)
1591 http cache qs@https://registry.npmmirror.com/qs/-/qs-6.15.3.tgz 0ms (cache hit)
1592 http cache side-channel@https://registry.npmmirror.com/side-channel/-/side-channel-1.1.1.tgz 0ms (cache hit)
1593 http cache environment@https://registry.npmmirror.com/environment/-/environment-1.1.0.tgz 0ms (cache hit)
1594 http cache is-number@https://registry.npmmirror.com/is-number/-/is-number-7.0.0.tgz 0ms (cache hit)
1595 http cache supports-hyperlinks@https://registry.npmmirror.com/supports-hyperlinks/-/supports-hyperlinks-3.2.0.tgz 0ms (cache hit)
1596 http cache ansi-escapes@https://registry.npmmirror.com/ansi-escapes/-/ansi-escapes-7.3.0.tgz 0ms (cache hit)
1597 http cache util-deprecate@https://registry.npmmirror.com/util-deprecate/-/util-deprecate-1.0.2.tgz 0ms (cache hit)
1598 http cache string_decoder@https://registry.npmmirror.com/string_decoder/-/string_decoder-1.3.0.tgz 0ms (cache hit)
1599 http cache ieee754@https://registry.npmmirror.com/ieee754/-/ieee754-1.2.1.tgz 0ms (cache hit)
1600 http cache base64-js@https://registry.npmmirror.com/base64-js/-/base64-js-1.5.1.tgz 0ms (cache hit)
1601 http cache buffer@https://registry.npmmirror.com/buffer/-/buffer-5.7.1.tgz 0ms (cache hit)
1602 http cache readable-stream@https://registry.npmmirror.com/readable-stream/-/readable-stream-3.6.2.tgz 0ms (cache hit)
1603 http cache inherits@https://registry.npmmirror.com/inherits/-/inherits-2.0.4.tgz 0ms (cache hit)
1604 http cache bl@https://registry.npmmirror.com/bl/-/bl-4.1.0.tgz 0ms (cache hit)
1605 http cache fs-constants@https://registry.npmmirror.com/fs-constants/-/fs-constants-1.0.0.tgz 0ms (cache hit)
1606 http cache tar-stream@https://registry.npmmirror.com/tar-stream/-/tar-stream-2.2.0.tgz 0ms (cache hit)
1607 http cache chownr@https://registry.npmmirror.com/chownr/-/chownr-1.1.4.tgz 0ms (cache hit)
1608 http cache astral-regex@https://registry.npmmirror.com/astral-regex/-/astral-regex-2.0.0.tgz 0ms (cache hit)
1609 http cache slice-ansi@https://registry.npmmirror.com/slice-ansi/-/slice-ansi-4.0.0.tgz 0ms (cache hit)
1610 http cache boundary@https://registry.npmmirror.com/boundary/-/boundary-2.0.0.tgz 0ms (cache hit)
1611 http cache has-flag@https://registry.npmmirror.com/has-flag/-/has-flag-4.0.0.tgz 0ms (cache hit)
1612 http cache ansi-regex@https://registry.npmmirror.com/ansi-regex/-/ansi-regex-6.3.0.tgz 0ms (cache hit)
1613 http cache lodash.truncate@https://registry.npmmirror.com/lodash.truncate/-/lodash.truncate-4.4.2.tgz 0ms (cache hit)
1614 http cache mimic-response@https://registry.npmmirror.com/mimic-response/-/mimic-response-3.1.0.tgz 0ms (cache hit)
1615 http cache emoji-regex@https://registry.npmmirror.com/emoji-regex/-/emoji-regex-8.0.0.tgz 0ms (cache hit)
1616 http cache is-fullwidth-code-point@https://registry.npmmirror.com/is-fullwidth-code-point/-/is-fullwidth-code-point-3.0.0.tgz 0ms (cache hit)
1617 http cache simple-concat@https://registry.npmmirror.com/simple-concat/-/simple-concat-1.0.1.tgz 0ms (cache hit)
1618 http cache decompress-response@https://registry.npmmirror.com/decompress-response/-/decompress-response-6.0.0.tgz 0ms (cache hit)
1619 http cache queue-microtask@https://registry.npmmirror.com/queue-microtask/-/queue-microtask-1.2.3.tgz 0ms (cache hit)
1620 http cache @babel/helper-validator-identifier@https://registry.npmmirror.com/@babel/helper-validator-identifier/-/helper-validator-identifier-7.29.7.tgz 0ms (cache hit)
1621 http cache js-tokens@https://registry.npmmirror.com/js-tokens/-/js-tokens-4.0.0.tgz 0ms (cache hit)
1622 http cache picocolors@https://registry.npmmirror.com/picocolors/-/picocolors-1.1.1.tgz 0ms (cache hit)
1623 http cache @babel/code-frame@https://registry.npmmirror.com/@babel/code-frame/-/code-frame-7.29.7.tgz 0ms (cache hit)
1624 http cache index-to-position@https://registry.npmmirror.com/index-to-position/-/index-to-position-1.2.0.tgz 0ms (cache hit)
1625 http cache @types/normalize-package-data@https://registry.npmmirror.com/@types/normalize-package-data/-/normalize-package-data-2.4.4.tgz 0ms (cache hit)
1626 http cache type-fest@https://registry.npmmirror.com/type-fest/-/type-fest-4.41.0.tgz 0ms (cache hit)
1627 http cache validate-npm-package-license@https://registry.npmmirror.com/validate-npm-package-license/-/validate-npm-package-license-3.0.4.tgz 0ms (cache hit)
1628 http cache parse-json@https://registry.npmmirror.com/parse-json/-/parse-json-8.3.0.tgz 0ms (cache hit)
1629 http cache normalize-package-data@https://registry.npmmirror.com/normalize-package-data/-/normalize-package-data-6.0.2.tgz 0ms (cache hit)
1630 http cache to-regex-range@https://registry.npmmirror.com/to-regex-range/-/to-regex-range-5.0.1.tgz 0ms (cache hit)
1631 http cache fill-range@https://registry.npmmirror.com/fill-range/-/fill-range-7.1.1.tgz 0ms (cache hit)
1632 http cache picomatch@https://registry.npmmirror.com/picomatch/-/picomatch-2.3.2.tgz 0ms (cache hit)
1633 http cache is-extglob@https://registry.npmmirror.com/is-extglob/-/is-extglob-2.1.1.tgz 0ms (cache hit)
1634 http cache is-glob@https://registry.npmmirror.com/is-glob/-/is-glob-4.0.3.tgz 0ms (cache hit)
1635 http cache braces@https://registry.npmmirror.com/braces/-/braces-3.0.3.tgz 0ms (cache hit)
1636 http cache reusify@https://registry.npmmirror.com/reusify/-/reusify-1.1.0.tgz 0ms (cache hit)
1637 http cache run-parallel@https://registry.npmmirror.com/run-parallel/-/run-parallel-1.2.0.tgz 0ms (cache hit)
1638 http cache @nodelib/fs.scandir@https://registry.npmmirror.com/@nodelib/fs.scandir/-/fs.scandir-2.1.5.tgz 0ms (cache hit)
1639 http cache micromatch@https://registry.npmmirror.com/micromatch/-/micromatch-4.0.8.tgz 0ms (cache hit)
1640 http cache fastq@https://registry.npmmirror.com/fastq/-/fastq-1.20.1.tgz 0ms (cache hit)
1641 http cache merge2@https://registry.npmmirror.com/merge2/-/merge2-1.4.1.tgz 0ms (cache hit)
1642 http cache unicorn-magic@https://registry.npmmirror.com/unicorn-magic/-/unicorn-magic-0.3.0.tgz 0ms (cache hit)
1643 http cache glob-parent@https://registry.npmmirror.com/glob-parent/-/glob-parent-5.1.2.tgz 0ms (cache hit)
1644 http cache path-type@https://registry.npmmirror.com/path-type/-/path-type-6.0.0.tgz 0ms (cache hit)
1645 http cache @sindresorhus/merge-streams@https://registry.npmmirror.com/@sindresorhus/merge-streams/-/merge-streams-2.3.0.tgz 0ms (cache hit)
1646 http cache slash@https://registry.npmmirror.com/slash/-/slash-5.1.0.tgz 0ms (cache hit)
1647 http cache ignore@https://registry.npmmirror.com/ignore/-/ignore-7.0.6.tgz 0ms (cache hit)
1648 http cache @secretlint/config-creator@https://registry.npmmirror.com/@secretlint/config-creator/-/config-creator-10.2.2.tgz 0ms (cache hit)
1649 http cache fast-glob@https://registry.npmmirror.com/fast-glob/-/fast-glob-3.3.3.tgz 0ms (cache hit)
1650 http cache globby@https://registry.npmmirror.com/globby/-/globby-14.1.0.tgz 0ms (cache hit)
1651 http cache mute-stream@https://registry.npmmirror.com/mute-stream/-/mute-stream-0.0.8.tgz 0ms (cache hit)
1652 http cache read-pkg@https://registry.npmmirror.com/read-pkg/-/read-pkg-9.0.1.tgz 0ms (cache hit)
1653 http cache json5@https://registry.npmmirror.com/json5/-/json5-2.2.3.tgz 0ms (cache hit)
1654 http cache strip-json-comments@https://registry.npmmirror.com/strip-json-comments/-/strip-json-comments-2.0.1.tgz 0ms (cache hit)
1655 http cache ini@https://registry.npmmirror.com/ini/-/ini-1.3.8.tgz 0ms (cache hit)
1656 http cache deep-extend@https://registry.npmmirror.com/deep-extend/-/deep-extend-0.6.0.tgz 0ms (cache hit)
1657 http cache wrappy@https://registry.npmmirror.com/wrappy/-/wrappy-1.0.2.tgz 0ms (cache hit)
1658 http cache once@https://registry.npmmirror.com/once/-/once-1.4.0.tgz 0ms (cache hit)
1659 http cache end-of-stream@https://registry.npmmirror.com/end-of-stream/-/end-of-stream-1.4.5.tgz 0ms (cache hit)
1660 http cache tunnel-agent@https://registry.npmmirror.com/tunnel-agent/-/tunnel-agent-0.6.0.tgz 0ms (cache hit)
1661 http cache @nodelib/fs.walk@https://registry.npmmirror.com/@nodelib/fs.walk/-/fs.walk-1.2.8.tgz 0ms (cache hit)
1662 http cache @nodelib/fs.stat@https://registry.npmmirror.com/@nodelib/fs.stat/-/fs.stat-2.0.5.tgz 0ms (cache hit)
1663 http cache tar-fs@https://registry.npmmirror.com/tar-fs/-/tar-fs-2.1.5.tgz 0ms (cache hit)
1664 http cache simple-get@https://registry.npmmirror.com/simple-get/-/simple-get-4.0.1.tgz 0ms (cache hit)
1665 http cache node-abi@https://registry.npmmirror.com/node-abi/-/node-abi-3.94.0.tgz 0ms (cache hit)
1666 http cache rc@https://registry.npmmirror.com/rc/-/rc-1.2.8.tgz 0ms (cache hit)
1667 http cache pump@https://registry.npmmirror.com/pump/-/pump-3.0.4.tgz 0ms (cache hit)
1668 http cache expand-template@https://registry.npmmirror.com/expand-template/-/expand-template-2.0.3.tgz 0ms (cache hit)
1669 http cache mkdirp-classic@https://registry.npmmirror.com/mkdirp-classic/-/mkdirp-classic-0.5.3.tgz 0ms (cache hit)
1670 http cache napi-build-utils@https://registry.npmmirror.com/napi-build-utils/-/napi-build-utils-1.0.2.tgz 0ms (cache hit)
1671 http cache github-from-package@https://registry.npmmirror.com/github-from-package/-/github-from-package-0.0.0.tgz 0ms (cache hit)
1672 http cache detect-libc@https://registry.npmmirror.com/detect-libc/-/detect-libc-2.1.2.tgz 0ms (cache hit)
1673 http cache minimist@https://registry.npmmirror.com/minimist/-/minimist-1.2.8.tgz 0ms (cache hit)
1674 http cache run-applescript@https://registry.npmmirror.com/run-applescript/-/run-applescript-7.1.0.tgz 0ms (cache hit)
1675 http cache is-docker@https://registry.npmmirror.com/is-docker/-/is-docker-3.0.0.tgz 0ms (cache hit)
1676 http cache default-browser-id@https://registry.npmmirror.com/default-browser-id/-/default-browser-id-5.0.1.tgz 0ms (cache hit)
1677 http cache wsl-utils@https://registry.npmmirror.com/wsl-utils/-/wsl-utils-0.1.0.tgz 0ms (cache hit)
1678 http cache bundle-name@https://registry.npmmirror.com/bundle-name/-/bundle-name-4.1.0.tgz 0ms (cache hit)
1679 http cache @types/sarif@https://registry.npmmirror.com/@types/sarif/-/sarif-2.1.7.tgz 0ms (cache hit)
1680 http cache define-lazy-prop@https://registry.npmmirror.com/define-lazy-prop/-/define-lazy-prop-3.0.0.tgz 0ms (cache hit)
1681 http cache default-browser@https://registry.npmmirror.com/default-browser/-/default-browser-5.5.0.tgz 0ms (cache hit)
1682 http cache is-inside-container@https://registry.npmmirror.com/is-inside-container/-/is-inside-container-1.0.0.tgz 0ms (cache hit)
1683 http cache universalify@https://registry.npmmirror.com/universalify/-/universalify-2.0.1.tgz 0ms (cache hit)
1684 http cache graceful-fs@https://registry.npmmirror.com/graceful-fs/-/graceful-fs-4.2.11.tgz 0ms (cache hit)
1685 http cache jsonfile@https://registry.npmmirror.com/jsonfile/-/jsonfile-6.2.1.tgz 0ms (cache hit)
1686 http cache balanced-match@https://registry.npmmirror.com/balanced-match/-/balanced-match-4.0.4.tgz 0ms (cache hit)
1687 http cache brace-expansion@https://registry.npmmirror.com/brace-expansion/-/brace-expansion-5.0.9.tgz 0ms (cache hit)
1688 http cache fs-extra@https://registry.npmmirror.com/fs-extra/-/fs-extra-11.4.0.tgz 0ms (cache hit)
1689 http cache mime-db@https://registry.npmmirror.com/mime-db/-/mime-db-1.52.0.tgz 0ms (cache hit)
1690 http cache uc.micro@https://registry.npmmirror.com/uc.micro/-/uc.micro-2.1.0.tgz 0ms (cache hit)
1691 http cache punycode.js@https://registry.npmmirror.com/punycode.js/-/punycode.js-2.3.1.tgz 0ms (cache hit)
1692 http cache linkify-it@https://registry.npmmirror.com/linkify-it/-/linkify-it-5.0.2.tgz 0ms (cache hit)
1693 http cache mdurl@https://registry.npmmirror.com/mdurl/-/mdurl-2.1.0.tgz 0ms (cache hit)
1694 http cache yallist@https://registry.npmmirror.com/yallist/-/yallist-4.0.0.tgz 0ms (cache hit)
1695 http cache prebuild-install@https://registry.npmmirror.com/prebuild-install/-/prebuild-install-7.1.2.tgz 0ms (cache hit)
1696 http cache ecdsa-sig-formatter@https://registry.npmmirror.com/ecdsa-sig-formatter/-/ecdsa-sig-formatter-1.0.11.tgz 0ms (cache hit)
1697 http cache node-addon-api@https://registry.npmmirror.com/node-addon-api/-/node-addon-api-4.3.0.tgz 0ms (cache hit)
1698 http cache buffer-equal-constant-time@https://registry.npmmirror.com/buffer-equal-constant-time/-/buffer-equal-constant-time-1.0.1.tgz 0ms (cache hit)
1699 http cache safe-buffer@https://registry.npmmirror.com/safe-buffer/-/safe-buffer-5.2.1.tgz 0ms (cache hit)
1700 http cache jwa@https://registry.npmmirror.com/jwa/-/jwa-2.0.1.tgz 0ms (cache hit)
1701 http cache lodash.isstring@https://registry.npmmirror.com/lodash.isstring/-/lodash.isstring-4.0.1.tgz 0ms (cache hit)
1702 http cache lodash.isnumber@https://registry.npmmirror.com/lodash.isnumber/-/lodash.isnumber-3.0.3.tgz 0ms (cache hit)
1703 http cache lodash.isinteger@https://registry.npmmirror.com/lodash.isinteger/-/lodash.isinteger-4.0.4.tgz 0ms (cache hit)
1704 http cache lodash.isboolean@https://registry.npmmirror.com/lodash.isboolean/-/lodash.isboolean-3.0.3.tgz 0ms (cache hit)
1705 http cache lodash.isplainobject@https://registry.npmmirror.com/lodash.isplainobject/-/lodash.isplainobject-4.0.6.tgz 0ms (cache hit)
1706 http cache lodash.includes@https://registry.npmmirror.com/lodash.includes/-/lodash.includes-4.3.0.tgz 0ms (cache hit)
1707 http cache jws@https://registry.npmmirror.com/jws/-/jws-4.0.1.tgz 0ms (cache hit)
1708 http cache version-range@https://registry.npmmirror.com/version-range/-/version-range-4.15.0.tgz 0ms (cache hit)
1709 http cache argparse@https://registry.npmmirror.com/argparse/-/argparse-2.0.1.tgz 0ms (cache hit)
1710 http cache textextensions@https://registry.npmmirror.com/textextensions/-/textextensions-6.11.0.tgz 0ms (cache hit)
1711 http cache editions@https://registry.npmmirror.com/editions/-/editions-6.22.0.tgz 0ms (cache hit)
1712 http cache binaryextensions@https://registry.npmmirror.com/binaryextensions/-/binaryextensions-6.11.0.tgz 0ms (cache hit)
1713 http cache lru-cache@https://registry.npmmirror.com/lru-cache/-/lru-cache-6.0.0.tgz 0ms (cache hit)
1714 http cache lodash.once@https://registry.npmmirror.com/lodash.once/-/lodash.once-4.1.1.tgz 0ms (cache hit)
1715 http cache safer-buffer@https://registry.npmmirror.com/safer-buffer/-/safer-buffer-2.1.2.tgz 0ms (cache hit)
1716 http cache agent-base@https://registry.npmmirror.com/agent-base/-/agent-base-7.1.4.tgz 0ms (cache hit)
1717 http cache path-scurry@https://registry.npmmirror.com/path-scurry/-/path-scurry-2.0.2.tgz 0ms (cache hit)
1718 http cache minipass@https://registry.npmmirror.com/minipass/-/minipass-7.1.3.tgz 0ms (cache hit)
1719 http cache dunder-proto@https://registry.npmmirror.com/dunder-proto/-/dunder-proto-1.0.1.tgz 0ms (cache hit)
1720 http cache math-intrinsics@https://registry.npmmirror.com/math-intrinsics/-/math-intrinsics-1.1.0.tgz 0ms (cache hit)
1721 http cache gopd@https://registry.npmmirror.com/gopd/-/gopd-1.2.0.tgz 0ms (cache hit)
1722 http cache has-symbols@https://registry.npmmirror.com/has-symbols/-/has-symbols-1.1.0.tgz 0ms (cache hit)
1723 http cache get-proto@https://registry.npmmirror.com/get-proto/-/get-proto-1.0.1.tgz 0ms (cache hit)
1724 http cache es-object-atoms@https://registry.npmmirror.com/es-object-atoms/-/es-object-atoms-1.1.2.tgz 0ms (cache hit)
1725 http cache function-bind@https://registry.npmmirror.com/function-bind/-/function-bind-1.1.2.tgz 0ms (cache hit)
1726 http cache es-define-property@https://registry.npmmirror.com/es-define-property/-/es-define-property-1.0.1.tgz 0ms (cache hit)
1727 http cache has-tostringtag@https://registry.npmmirror.com/has-tostringtag/-/has-tostringtag-1.0.2.tgz 0ms (cache hit)
1728 http cache call-bind-apply-helpers@https://registry.npmmirror.com/call-bind-apply-helpers/-/call-bind-apply-helpers-1.0.2.tgz 0ms (cache hit)
1729 http cache get-intrinsic@https://registry.npmmirror.com/get-intrinsic/-/get-intrinsic-1.3.0.tgz 0ms (cache hit)
1730 http cache delayed-stream@https://registry.npmmirror.com/delayed-stream/-/delayed-stream-1.0.0.tgz 0ms (cache hit)
1731 http cache es-set-tostringtag@https://registry.npmmirror.com/es-set-tostringtag/-/es-set-tostringtag-2.1.0.tgz 0ms (cache hit)
1732 http cache es-errors@https://registry.npmmirror.com/es-errors/-/es-errors-1.3.0.tgz 0ms (cache hit)
1733 http cache mime-types@https://registry.npmmirror.com/mime-types/-/mime-types-2.1.35.tgz 0ms (cache hit)
1734 http cache combined-stream@https://registry.npmmirror.com/combined-stream/-/combined-stream-1.0.8.tgz 0ms (cache hit)
1735 http cache iconv-lite@https://registry.npmmirror.com/iconv-lite/-/iconv-lite-0.6.3.tgz 0ms (cache hit)
1736 http cache asynckit@https://registry.npmmirror.com/asynckit/-/asynckit-0.4.0.tgz 0ms (cache hit)
1737 http cache entities@https://registry.npmmirror.com/entities/-/entities-4.5.0.tgz 0ms (cache hit)
1738 http cache hasown@https://registry.npmmirror.com/hasown/-/hasown-2.0.4.tgz 0ms (cache hit)
1739 http cache ms@https://registry.npmmirror.com/ms/-/ms-2.1.3.tgz 0ms (cache hit)
1740 http cache nth-check@https://registry.npmmirror.com/nth-check/-/nth-check-2.1.1.tgz 0ms (cache hit)
1741 http cache whatwg-encoding@https://registry.npmmirror.com/whatwg-encoding/-/whatwg-encoding-3.1.1.tgz 0ms (cache hit)
1742 http cache domelementtype@https://registry.npmmirror.com/domelementtype/-/domelementtype-2.3.0.tgz 0ms (cache hit)
1743 http cache color-name@https://registry.npmmirror.com/color-name/-/color-name-1.1.4.tgz 0ms (cache hit)
1744 http cache parse5-parser-stream@https://registry.npmmirror.com/parse5-parser-stream/-/parse5-parser-stream-7.1.2.tgz 0ms (cache hit)
1745 http cache css-what@https://registry.npmmirror.com/css-what/-/css-what-6.2.2.tgz 0ms (cache hit)
1746 http cache css-select@https://registry.npmmirror.com/css-select/-/css-select-5.2.2.tgz 0ms (cache hit)
1747 http cache boolbase@https://registry.npmmirror.com/boolbase/-/boolbase-1.0.0.tgz 0ms (cache hit)
1748 http cache whatwg-mimetype@https://registry.npmmirror.com/whatwg-mimetype/-/whatwg-mimetype-4.0.0.tgz 0ms (cache hit)
1749 http cache parse5@https://registry.npmmirror.com/parse5/-/parse5-7.3.0.tgz 0ms (cache hit)
1750 http cache undici@https://registry.npmmirror.com/undici/-/undici-7.29.0.tgz 0ms (cache hit)
1751 http cache htmlparser2@https://registry.npmmirror.com/htmlparser2/-/htmlparser2-10.1.0.tgz 0ms (cache hit)
1752 http cache parse5-htmlparser2-tree-adapter@https://registry.npmmirror.com/parse5-htmlparser2-tree-adapter/-/parse5-htmlparser2-tree-adapter-7.1.0.tgz 0ms (cache hit)
1753 http cache domutils@https://registry.npmmirror.com/domutils/-/domutils-3.2.2.tgz 0ms (cache hit)
1754 http cache encoding-sniffer@https://registry.npmmirror.com/encoding-sniffer/-/encoding-sniffer-0.2.1.tgz 0ms (cache hit)
1755 http cache dom-serializer@https://registry.npmmirror.com/dom-serializer/-/dom-serializer-2.0.0.tgz 0ms (cache hit)
1756 http cache domhandler@https://registry.npmmirror.com/domhandler/-/domhandler-5.0.3.tgz 0ms (cache hit)
1757 http cache color-convert@https://registry.npmmirror.com/color-convert/-/color-convert-2.0.1.tgz 0ms (cache hit)
1758 http cache cheerio-select@https://registry.npmmirror.com/cheerio-select/-/cheerio-select-2.1.0.tgz 0ms (cache hit)
1759 http cache supports-color@https://registry.npmmirror.com/supports-color/-/supports-color-7.2.0.tgz 0ms (cache hit)
1760 http cache tunnel@https://registry.npmmirror.com/tunnel/-/tunnel-0.0.6.tgz 0ms (cache hit)
1761 http cache ansi-styles@https://registry.npmmirror.com/ansi-styles/-/ansi-styles-4.3.0.tgz 0ms (cache hit)
1762 http cache @vscode/vsce-sign-win32-x64@https://registry.npmmirror.com/@vscode/vsce-sign-win32-x64/-/vsce-sign-win32-x64-2.0.6.tgz 0ms (cache hit)
1763 http cache fast-deep-equal@https://registry.npmmirror.com/fast-deep-equal/-/fast-deep-equal-3.1.3.tgz 0ms (cache hit)
1764 http cache json-schema-traverse@https://registry.npmmirror.com/json-schema-traverse/-/json-schema-traverse-1.0.0.tgz 0ms (cache hit)
1765 http cache require-from-string@https://registry.npmmirror.com/require-from-string/-/require-from-string-2.0.2.tgz 0ms (cache hit)
1766 http cache fast-uri@https://registry.npmmirror.com/fast-uri/-/fast-uri-3.1.5.tgz 0ms (cache hit)
1767 http cache @textlint/ast-node-types@https://registry.npmmirror.com/@textlint/ast-node-types/-/ast-node-types-15.8.0.tgz 0ms (cache hit)
1768 http cache text-table@https://registry.npmmirror.com/text-table/-/text-table-0.2.0.tgz 0ms (cache hit)
1769 http cache @textlint/resolver@https://registry.npmmirror.com/@textlint/resolver/-/resolver-15.8.0.tgz 0ms (cache hit)
1770 http cache http-proxy-agent@https://registry.npmmirror.com/http-proxy-agent/-/http-proxy-agent-7.0.2.tgz 0ms (cache hit)
1771 http cache https-proxy-agent@https://registry.npmmirror.com/https-proxy-agent/-/https-proxy-agent-7.0.6.tgz 0ms (cache hit)
1772 http cache @azu/style-format@https://registry.npmmirror.com/@azu/style-format/-/style-format-1.0.1.tgz 0ms (cache hit)
1773 http cache string-width@https://registry.npmmirror.com/string-width/-/string-width-4.2.3.tgz 0ms (cache hit)
1774 http cache node-sarif-builder@https://registry.npmmirror.com/node-sarif-builder/-/node-sarif-builder-3.4.0.tgz 0ms (cache hit)
1775 http cache @azu/format-text@https://registry.npmmirror.com/@azu/format-text/-/format-text-1.0.2.tgz 0ms (cache hit)
1776 http cache js-yaml@https://registry.npmmirror.com/js-yaml/-/js-yaml-4.3.1.tgz 0ms (cache hit)
1777 http cache istextorbinary@https://registry.npmmirror.com/istextorbinary/-/istextorbinary-9.5.0.tgz 0ms (cache hit)
1778 http cache terminal-link@https://registry.npmmirror.com/terminal-link/-/terminal-link-4.0.0.tgz 0ms (cache hit)
1779 http cache @textlint/types@https://registry.npmmirror.com/@textlint/types/-/types-15.8.0.tgz 0ms (cache hit)
1780 http cache @textlint/module-interop@https://registry.npmmirror.com/@textlint/module-interop/-/module-interop-15.8.0.tgz 0ms (cache hit)
1781 http cache table@https://registry.npmmirror.com/table/-/table-6.9.0.tgz 0ms (cache hit)
1782 http cache lodash@https://registry.npmmirror.com/lodash/-/lodash-4.18.1.tgz 0ms (cache hit)
1783 http cache pluralize@https://registry.npmmirror.com/pluralize/-/pluralize-8.0.0.tgz 0ms (cache hit)
1784 http cache strip-ansi@https://registry.npmmirror.com/strip-ansi/-/strip-ansi-7.2.0.tgz 0ms (cache hit)
1785 http cache @secretlint/resolver@https://registry.npmmirror.com/@secretlint/resolver/-/resolver-10.2.2.tgz 0ms (cache hit)
1786 http cache @textlint/linter-formatter@https://registry.npmmirror.com/@textlint/linter-formatter/-/linter-formatter-15.8.0.tgz 0ms (cache hit)
1787 http cache structured-source@https://registry.npmmirror.com/structured-source/-/structured-source-4.0.0.tgz 0ms (cache hit)
1788 http cache rc-config-loader@https://registry.npmmirror.com/rc-config-loader/-/rc-config-loader-4.1.4.tgz 0ms (cache hit)
1789 http cache ajv@https://registry.npmmirror.com/ajv/-/ajv-8.20.0.tgz 0ms (cache hit)
1790 http cache @secretlint/types@https://registry.npmmirror.com/@secretlint/types/-/types-10.2.2.tgz 0ms (cache hit)
1791 http cache p-map@https://registry.npmmirror.com/p-map/-/p-map-7.0.6.tgz 0ms (cache hit)
1792 http cache @secretlint/source-creator@https://registry.npmmirror.com/@secretlint/source-creator/-/source-creator-10.2.2.tgz 0ms (cache hit)
1793 http cache @secretlint/profiler@https://registry.npmmirror.com/@secretlint/profiler/-/profiler-10.2.2.tgz 0ms (cache hit)
1794 http cache debug@https://registry.npmmirror.com/debug/-/debug-4.4.3.tgz 0ms (cache hit)
1795 http cache @azure/msal-common@https://registry.npmmirror.com/@azure/msal-common/-/msal-common-16.12.0.tgz 0ms (cache hit)
1796 http cache @secretlint/core@https://registry.npmmirror.com/@secretlint/core/-/core-10.2.2.tgz 0ms (cache hit)
1797 http cache jsonwebtoken@https://registry.npmmirror.com/jsonwebtoken/-/jsonwebtoken-9.0.3.tgz 0ms (cache hit)
1798 http cache @secretlint/formatter@https://registry.npmmirror.com/@secretlint/formatter/-/formatter-10.2.2.tgz 0ms (cache hit)
1799 http cache @secretlint/config-loader@https://registry.npmmirror.com/@secretlint/config-loader/-/config-loader-10.2.2.tgz 0ms (cache hit)
1800 http cache tslib@https://registry.npmmirror.com/tslib/-/tslib-2.8.1.tgz 0ms (cache hit)
1801 http cache @typespec/ts-http-runtime@https://registry.npmmirror.com/@typespec/ts-http-runtime/-/ts-http-runtime-0.3.8.tgz 0ms (cache hit)
1802 http cache open@https://registry.npmmirror.com/open/-/open-10.2.0.tgz 0ms (cache hit)
1803 http cache @azure/msal-browser@https://registry.npmmirror.com/@azure/msal-browser/-/msal-browser-5.18.0.tgz 0ms (cache hit)
1804 http cache @azure/msal-node@https://registry.npmmirror.com/@azure/msal-node/-/msal-node-5.5.0.tgz 0ms (cache hit)
1805 http cache @azure/logger@https://registry.npmmirror.com/@azure/logger/-/logger-1.4.0.tgz 0ms (cache hit)
1806 http cache @azure/core-util@https://registry.npmmirror.com/@azure/core-util/-/core-util-1.14.0.tgz 0ms (cache hit)
1807 http cache @azure/core-tracing@https://registry.npmmirror.com/@azure/core-tracing/-/core-tracing-1.4.0.tgz 0ms (cache hit)
1808 http cache @azure/core-rest-pipeline@https://registry.npmmirror.com/@azure/core-rest-pipeline/-/core-rest-pipeline-1.25.0.tgz 0ms (cache hit)
1809 http cache @azure/core-client@https://registry.npmmirror.com/@azure/core-client/-/core-client-1.11.0.tgz 0ms (cache hit)
1810 http cache yauzl@https://registry.npmmirror.com/yauzl/-/yauzl-3.4.0.tgz 0ms (cache hit)
1811 http cache @azure/abort-controller@https://registry.npmmirror.com/@azure/abort-controller/-/abort-controller-2.2.0.tgz 0ms (cache hit)
1812 http cache yazl@https://registry.npmmirror.com/yazl/-/yazl-2.5.1.tgz 0ms (cache hit)
1813 http cache @azure/core-auth@https://registry.npmmirror.com/@azure/core-auth/-/core-auth-1.11.0.tgz 0ms (cache hit)
1814 http cache url-join@https://registry.npmmirror.com/url-join/-/url-join-4.0.1.tgz 0ms (cache hit)
1815 http cache xml2js@https://registry.npmmirror.com/xml2js/-/xml2js-0.5.0.tgz 0ms (cache hit)
1816 http cache typed-rest-client@https://registry.npmmirror.com/typed-rest-client/-/typed-rest-client-1.8.11.tgz 0ms (cache hit)
1817 http cache tmp@https://registry.npmmirror.com/tmp/-/tmp-0.2.7.tgz 0ms (cache hit)
1818 http cache semver@https://registry.npmmirror.com/semver/-/semver-7.8.5.tgz 0ms (cache hit)
1819 http cache secretlint@https://registry.npmmirror.com/secretlint/-/secretlint-10.2.2.tgz 0ms (cache hit)
1820 http cache parse-semver@https://registry.npmmirror.com/parse-semver/-/parse-semver-1.1.1.tgz 0ms (cache hit)
1821 http cache read@https://registry.npmmirror.com/read/-/read-1.0.7.tgz 0ms (cache hit)
1822 http cache minimatch@https://registry.npmmirror.com/minimatch/-/minimatch-10.2.6.tgz 0ms (cache hit)
1823 http cache mime@https://registry.npmmirror.com/mime/-/mime-1.6.0.tgz 0ms (cache hit)
1824 http cache markdown-it@https://registry.npmmirror.com/markdown-it/-/markdown-it-14.3.0.tgz 0ms (cache hit)
1825 http cache keytar@https://registry.npmmirror.com/keytar/-/keytar-7.9.0.tgz 0ms (cache hit)
1826 http cache jsonc-parser@https://registry.npmmirror.com/jsonc-parser/-/jsonc-parser-3.3.1.tgz 0ms (cache hit)
1827 http cache leven@https://registry.npmmirror.com/leven/-/leven-3.1.0.tgz 0ms (cache hit)
1828 http cache hosted-git-info@https://registry.npmmirror.com/hosted-git-info/-/hosted-git-info-4.1.0.tgz 0ms (cache hit)
1829 http cache glob@https://registry.npmmirror.com/glob/-/glob-13.0.6.tgz 0ms (cache hit)
1830 http cache @vscode/vsce-sign@https://registry.npmmirror.com/@vscode/vsce-sign/-/vsce-sign-2.0.9.tgz 0ms (cache hit)
1831 http cache cockatiel@https://registry.npmmirror.com/cockatiel/-/cockatiel-3.2.1.tgz 0ms (cache hit)
1832 http cache form-data@https://registry.npmmirror.com/form-data/-/form-data-4.0.6.tgz 0ms (cache hit)
1833 http cache commander@https://registry.npmmirror.com/commander/-/commander-12.1.0.tgz 0ms (cache hit)
1834 http cache cheerio@https://registry.npmmirror.com/cheerio/-/cheerio-1.2.0.tgz 0ms (cache hit)
1835 http cache chalk@https://registry.npmmirror.com/chalk/-/chalk-4.1.2.tgz 0ms (cache hit)
1836 http cache @azure/identity@https://registry.npmmirror.com/@azure/identity/-/identity-4.13.1.tgz 0ms (cache hit)
1837 http cache azure-devops-node-api@https://registry.npmmirror.com/azure-devops-node-api/-/azure-devops-node-api-12.5.0.tgz 0ms (cache hit)
1838 http cache @secretlint/secretlint-rule-preset-recommend@https://registry.npmmirror.com/@secretlint/secretlint-rule-preset-recommend/-/secretlint-rule-preset-recommend-10.2.2.tgz 0ms (cache hit)
1839 http cache @secretlint/secretlint-rule-no-dotenv@https://registry.npmmirror.com/@secretlint/secretlint-rule-no-dotenv/-/secretlint-rule-no-dotenv-10.2.2.tgz 0ms (cache hit)
1840 http cache @vscode/vsce@https://registry.npmmirror.com/@vscode/vsce/-/vsce-3.9.2.tgz 0ms (cache hit)
1841 http cache lru-cache@https://registry.npmmirror.com/lru-cache/-/lru-cache-10.4.3.tgz 0ms (cache hit)
1842 http cache @secretlint/node@https://registry.npmmirror.com/@secretlint/node/-/node-10.2.2.tgz 0ms (cache hit)
1843 http cache @secretlint/secretlint-formatter-sarif@https://registry.npmmirror.com/@secretlint/secretlint-formatter-sarif/-/secretlint-formatter-sarif-10.2.2.tgz 0ms (cache hit)
1844 http cache entities@https://registry.npmmirror.com/entities/-/entities-6.0.1.tgz 0ms (cache hit)
1845 http cache unicorn-magic@https://registry.npmmirror.com/unicorn-magic/-/unicorn-magic-0.1.0.tgz 0ms (cache hit)
1846 http cache entities@https://registry.npmmirror.com/entities/-/entities-7.0.1.tgz 0ms (cache hit)
1847 http cache lru-cache@https://registry.npmmirror.com/lru-cache/-/lru-cache-11.5.2.tgz 0ms (cache hit)
1848 http cache ansi-regex@https://registry.npmmirror.com/ansi-regex/-/ansi-regex-5.0.1.tgz 0ms (cache hit)
1849 http cache ansi-regex@https://registry.npmmirror.com/ansi-regex/-/ansi-regex-5.0.1.tgz 0ms (cache hit)
1850 http cache hosted-git-info@https://registry.npmmirror.com/hosted-git-info/-/hosted-git-info-7.0.2.tgz 0ms (cache hit)
1851 http cache strip-ansi@https://registry.npmmirror.com/strip-ansi/-/strip-ansi-6.0.1.tgz 0ms (cache hit)
1852 http cache strip-ansi@https://registry.npmmirror.com/strip-ansi/-/strip-ansi-6.0.1.tgz 0ms (cache hit)
1853 http cache semver@https://registry.npmmirror.com/semver/-/semver-5.7.2.tgz 0ms (cache hit)
1854 http cache chalk@https://registry.npmmirror.com/chalk/-/chalk-5.6.2.tgz 0ms (cache hit)
1855 silly tarball no local data for buffer-crc32@https://registry.npmmirror.com/buffer-crc32/-/buffer-crc32-0.2.13.tgz. Extracting by manifest.
1856 http cache ansi-regex@https://registry.npmmirror.com/ansi-regex/-/ansi-regex-5.0.1.tgz 0ms (cache hit)
1857 silly tarball no local data for pend@https://registry.npmmirror.com/pend/-/pend-1.2.0.tgz. Extracting by manifest.
1858 silly tarball no local data for xmlbuilder@https://registry.npmmirror.com/xmlbuilder/-/xmlbuilder-11.0.1.tgz. Extracting by manifest.
1859 http cache pluralize@https://registry.npmmirror.com/pluralize/-/pluralize-2.0.0.tgz 0ms (cache hit)
1860 silly tarball no local data for sax@https://registry.npmmirror.com/sax/-/sax-1.6.1.tgz. Extracting by manifest.
1861 silly tarball no local data for spdx-exceptions@https://registry.npmmirror.com/spdx-exceptions/-/spdx-exceptions-2.5.0.tgz. Extracting by manifest.
1862 http cache strip-ansi@https://registry.npmmirror.com/strip-ansi/-/strip-ansi-6.0.1.tgz 0ms (cache hit)
1863 silly tarball no local data for spdx-expression-parse@https://registry.npmmirror.com/spdx-expression-parse/-/spdx-expression-parse-3.0.1.tgz. Extracting by manifest.
1864 silly tarball no local data for is-wsl@https://registry.npmmirror.com/is-wsl/-/is-wsl-3.1.1.tgz. Extracting by manifest.
1865 silly tarball no local data for spdx-license-ids@https://registry.npmmirror.com/spdx-license-ids/-/spdx-license-ids-3.0.23.tgz. Extracting by manifest.
1866 silly tarball no local data for side-channel-weakmap@https://registry.npmmirror.com/side-channel-weakmap/-/side-channel-weakmap-1.0.2.tgz. Extracting by manifest.
1867 silly tarball no local data for side-channel-map@https://registry.npmmirror.com/side-channel-map/-/side-channel-map-1.0.1.tgz. Extracting by manifest.
1868 silly tarball no local data for call-bound@https://registry.npmmirror.com/call-bound/-/call-bound-1.0.4.tgz. Extracting by manifest.
1869 silly tarball no local data for spdx-correct@https://registry.npmmirror.com/spdx-correct/-/spdx-correct-3.2.0.tgz. Extracting by manifest.
1870 silly tarball no local data for side-channel-list@https://registry.npmmirror.com/side-channel-list/-/side-channel-list-1.0.1.tgz. Extracting by manifest.
1871 silly tarball no local data for object-inspect@https://registry.npmmirror.com/object-inspect/-/object-inspect-1.13.4.tgz. Extracting by manifest.
1872 silly tarball no local data for underscore@https://registry.npmmirror.com/underscore/-/underscore-1.13.8.tgz. Extracting by manifest.
1873 silly tarball no local data for qs@https://registry.npmmirror.com/qs/-/qs-6.15.3.tgz. Extracting by manifest.
1874 silly tarball no local data for supports-hyperlinks@https://registry.npmmirror.com/supports-hyperlinks/-/supports-hyperlinks-3.2.0.tgz. Extracting by manifest.
1875 silly tarball no local data for is-number@https://registry.npmmirror.com/is-number/-/is-number-7.0.0.tgz. Extracting by manifest.
1876 silly tarball no local data for side-channel@https://registry.npmmirror.com/side-channel/-/side-channel-1.1.1.tgz. Extracting by manifest.
1877 silly tarball no local data for environment@https://registry.npmmirror.com/environment/-/environment-1.1.0.tgz. Extracting by manifest.
1878 silly tarball no local data for ansi-escapes@https://registry.npmmirror.com/ansi-escapes/-/ansi-escapes-7.3.0.tgz. Extracting by manifest.
1879 silly tarball no local data for string_decoder@https://registry.npmmirror.com/string_decoder/-/string_decoder-1.3.0.tgz. Extracting by manifest.
1880 silly tarball no local data for ieee754@https://registry.npmmirror.com/ieee754/-/ieee754-1.2.1.tgz. Extracting by manifest.
1881 silly tarball no local data for util-deprecate@https://registry.npmmirror.com/util-deprecate/-/util-deprecate-1.0.2.tgz. Extracting by manifest.
1882 silly tarball no local data for base64-js@https://registry.npmmirror.com/base64-js/-/base64-js-1.5.1.tgz. Extracting by manifest.
1883 silly tarball no local data for readable-stream@https://registry.npmmirror.com/readable-stream/-/readable-stream-3.6.2.tgz. Extracting by manifest.
1884 silly tarball no local data for buffer@https://registry.npmmirror.com/buffer/-/buffer-5.7.1.tgz. Extracting by manifest.
1885 silly tarball no local data for inherits@https://registry.npmmirror.com/inherits/-/inherits-2.0.4.tgz. Extracting by manifest.
1886 silly tarball no local data for bl@https://registry.npmmirror.com/bl/-/bl-4.1.0.tgz. Extracting by manifest.
1887 silly tarball no local data for chownr@https://registry.npmmirror.com/chownr/-/chownr-1.1.4.tgz. Extracting by manifest.
1888 silly tarball no local data for tar-stream@https://registry.npmmirror.com/tar-stream/-/tar-stream-2.2.0.tgz. Extracting by manifest.
1889 silly tarball no local data for fs-constants@https://registry.npmmirror.com/fs-constants/-/fs-constants-1.0.0.tgz. Extracting by manifest.
1890 silly tarball no local data for astral-regex@https://registry.npmmirror.com/astral-regex/-/astral-regex-2.0.0.tgz. Extracting by manifest.
1891 silly tarball no local data for slice-ansi@https://registry.npmmirror.com/slice-ansi/-/slice-ansi-4.0.0.tgz. Extracting by manifest.
1892 silly tarball no local data for has-flag@https://registry.npmmirror.com/has-flag/-/has-flag-4.0.0.tgz. Extracting by manifest.
1893 silly tarball no local data for boundary@https://registry.npmmirror.com/boundary/-/boundary-2.0.0.tgz. Extracting by manifest.
1894 silly tarball no local data for ansi-regex@https://registry.npmmirror.com/ansi-regex/-/ansi-regex-6.3.0.tgz. Extracting by manifest.
1895 silly tarball no local data for lodash.truncate@https://registry.npmmirror.com/lodash.truncate/-/lodash.truncate-4.4.2.tgz. Extracting by manifest.
1896 silly tarball no local data for is-fullwidth-code-point@https://registry.npmmirror.com/is-fullwidth-code-point/-/is-fullwidth-code-point-3.0.0.tgz. Extracting by manifest.
1897 silly tarball no local data for simple-concat@https://registry.npmmirror.com/simple-concat/-/simple-concat-1.0.1.tgz. Extracting by manifest.
1898 silly tarball no local data for mimic-response@https://registry.npmmirror.com/mimic-response/-/mimic-response-3.1.0.tgz. Extracting by manifest.
1899 silly tarball no local data for decompress-response@https://registry.npmmirror.com/decompress-response/-/decompress-response-6.0.0.tgz. Extracting by manifest.
1900 silly tarball no local data for emoji-regex@https://registry.npmmirror.com/emoji-regex/-/emoji-regex-8.0.0.tgz. Extracting by manifest.
1901 silly tarball no local data for queue-microtask@https://registry.npmmirror.com/queue-microtask/-/queue-microtask-1.2.3.tgz. Extracting by manifest.
1902 silly tarball no local data for @babel/helper-validator-identifier@https://registry.npmmirror.com/@babel/helper-validator-identifier/-/helper-validator-identifier-7.29.7.tgz. Extracting by manifest.
1903 silly tarball no local data for js-tokens@https://registry.npmmirror.com/js-tokens/-/js-tokens-4.0.0.tgz. Extracting by manifest.
1904 silly tarball no local data for picocolors@https://registry.npmmirror.com/picocolors/-/picocolors-1.1.1.tgz. Extracting by manifest.
1905 silly tarball no local data for @babel/code-frame@https://registry.npmmirror.com/@babel/code-frame/-/code-frame-7.29.7.tgz. Extracting by manifest.
1906 silly tarball no local data for index-to-position@https://registry.npmmirror.com/index-to-position/-/index-to-position-1.2.0.tgz. Extracting by manifest.
1907 silly tarball no local data for @types/normalize-package-data@https://registry.npmmirror.com/@types/normalize-package-data/-/normalize-package-data-2.4.4.tgz. Extracting by manifest.
1908 silly tarball no local data for type-fest@https://registry.npmmirror.com/type-fest/-/type-fest-4.41.0.tgz. Extracting by manifest.
1909 silly tarball no local data for validate-npm-package-license@https://registry.npmmirror.com/validate-npm-package-license/-/validate-npm-package-license-3.0.4.tgz. Extracting by manifest.
1910 silly tarball no local data for parse-json@https://registry.npmmirror.com/parse-json/-/parse-json-8.3.0.tgz. Extracting by manifest.
1911 silly tarball no local data for normalize-package-data@https://registry.npmmirror.com/normalize-package-data/-/normalize-package-data-6.0.2.tgz. Extracting by manifest.
1912 silly tarball no local data for to-regex-range@https://registry.npmmirror.com/to-regex-range/-/to-regex-range-5.0.1.tgz. Extracting by manifest.
1913 silly tarball no local data for fill-range@https://registry.npmmirror.com/fill-range/-/fill-range-7.1.1.tgz. Extracting by manifest.
1914 silly tarball no local data for picomatch@https://registry.npmmirror.com/picomatch/-/picomatch-2.3.2.tgz. Extracting by manifest.
1915 silly tarball no local data for is-extglob@https://registry.npmmirror.com/is-extglob/-/is-extglob-2.1.1.tgz. Extracting by manifest.
1916 silly tarball no local data for is-glob@https://registry.npmmirror.com/is-glob/-/is-glob-4.0.3.tgz. Extracting by manifest.
1917 silly tarball no local data for braces@https://registry.npmmirror.com/braces/-/braces-3.0.3.tgz. Extracting by manifest.
1918 silly tarball no local data for reusify@https://registry.npmmirror.com/reusify/-/reusify-1.1.0.tgz. Extracting by manifest.
1919 silly tarball no local data for run-parallel@https://registry.npmmirror.com/run-parallel/-/run-parallel-1.2.0.tgz. Extracting by manifest.
1920 silly tarball no local data for @nodelib/fs.scandir@https://registry.npmmirror.com/@nodelib/fs.scandir/-/fs.scandir-2.1.5.tgz. Extracting by manifest.
1921 silly tarball no local data for micromatch@https://registry.npmmirror.com/micromatch/-/micromatch-4.0.8.tgz. Extracting by manifest.
1922 silly tarball no local data for fastq@https://registry.npmmirror.com/fastq/-/fastq-1.20.1.tgz. Extracting by manifest.
1923 silly tarball no local data for merge2@https://registry.npmmirror.com/merge2/-/merge2-1.4.1.tgz. Extracting by manifest.
1924 silly tarball no local data for unicorn-magic@https://registry.npmmirror.com/unicorn-magic/-/unicorn-magic-0.3.0.tgz. Extracting by manifest.
1925 silly tarball no local data for glob-parent@https://registry.npmmirror.com/glob-parent/-/glob-parent-5.1.2.tgz. Extracting by manifest.
1926 silly tarball no local data for path-type@https://registry.npmmirror.com/path-type/-/path-type-6.0.0.tgz. Extracting by manifest.
1927 silly tarball no local data for @sindresorhus/merge-streams@https://registry.npmmirror.com/@sindresorhus/merge-streams/-/merge-streams-2.3.0.tgz. Extracting by manifest.
1928 silly tarball no local data for slash@https://registry.npmmirror.com/slash/-/slash-5.1.0.tgz. Extracting by manifest.
1929 silly tarball no local data for ignore@https://registry.npmmirror.com/ignore/-/ignore-7.0.6.tgz. Extracting by manifest.
1930 silly tarball no local data for @secretlint/config-creator@https://registry.npmmirror.com/@secretlint/config-creator/-/config-creator-10.2.2.tgz. Extracting by manifest.
1931 silly tarball no local data for fast-glob@https://registry.npmmirror.com/fast-glob/-/fast-glob-3.3.3.tgz. Extracting by manifest.
1932 silly tarball no local data for globby@https://registry.npmmirror.com/globby/-/globby-14.1.0.tgz. Extracting by manifest.
1933 silly tarball no local data for mute-stream@https://registry.npmmirror.com/mute-stream/-/mute-stream-0.0.8.tgz. Extracting by manifest.
1934 silly tarball no local data for read-pkg@https://registry.npmmirror.com/read-pkg/-/read-pkg-9.0.1.tgz. Extracting by manifest.
1935 silly tarball no local data for json5@https://registry.npmmirror.com/json5/-/json5-2.2.3.tgz. Extracting by manifest.
1936 silly tarball no local data for strip-json-comments@https://registry.npmmirror.com/strip-json-comments/-/strip-json-comments-2.0.1.tgz. Extracting by manifest.
1937 silly tarball no local data for ini@https://registry.npmmirror.com/ini/-/ini-1.3.8.tgz. Extracting by manifest.
1938 silly tarball no local data for deep-extend@https://registry.npmmirror.com/deep-extend/-/deep-extend-0.6.0.tgz. Extracting by manifest.
1939 silly tarball no local data for wrappy@https://registry.npmmirror.com/wrappy/-/wrappy-1.0.2.tgz. Extracting by manifest.
1940 silly tarball no local data for once@https://registry.npmmirror.com/once/-/once-1.4.0.tgz. Extracting by manifest.
1941 silly tarball no local data for end-of-stream@https://registry.npmmirror.com/end-of-stream/-/end-of-stream-1.4.5.tgz. Extracting by manifest.
1942 silly tarball no local data for tunnel-agent@https://registry.npmmirror.com/tunnel-agent/-/tunnel-agent-0.6.0.tgz. Extracting by manifest.
1943 silly tarball no local data for @nodelib/fs.walk@https://registry.npmmirror.com/@nodelib/fs.walk/-/fs.walk-1.2.8.tgz. Extracting by manifest.
1944 silly tarball no local data for @nodelib/fs.stat@https://registry.npmmirror.com/@nodelib/fs.stat/-/fs.stat-2.0.5.tgz. Extracting by manifest.
1945 silly tarball no local data for tar-fs@https://registry.npmmirror.com/tar-fs/-/tar-fs-2.1.5.tgz. Extracting by manifest.
1946 silly tarball no local data for simple-get@https://registry.npmmirror.com/simple-get/-/simple-get-4.0.1.tgz. Extracting by manifest.
1947 silly tarball no local data for node-abi@https://registry.npmmirror.com/node-abi/-/node-abi-3.94.0.tgz. Extracting by manifest.
1948 silly tarball no local data for rc@https://registry.npmmirror.com/rc/-/rc-1.2.8.tgz. Extracting by manifest.
1949 silly tarball no local data for pump@https://registry.npmmirror.com/pump/-/pump-3.0.4.tgz. Extracting by manifest.
1950 silly tarball no local data for expand-template@https://registry.npmmirror.com/expand-template/-/expand-template-2.0.3.tgz. Extracting by manifest.
1951 silly tarball no local data for mkdirp-classic@https://registry.npmmirror.com/mkdirp-classic/-/mkdirp-classic-0.5.3.tgz. Extracting by manifest.
1952 silly tarball no local data for napi-build-utils@https://registry.npmmirror.com/napi-build-utils/-/napi-build-utils-1.0.2.tgz. Extracting by manifest.
1953 silly tarball no local data for github-from-package@https://registry.npmmirror.com/github-from-package/-/github-from-package-0.0.0.tgz. Extracting by manifest.
1954 silly tarball no local data for detect-libc@https://registry.npmmirror.com/detect-libc/-/detect-libc-2.1.2.tgz. Extracting by manifest.
1955 silly tarball no local data for minimist@https://registry.npmmirror.com/minimist/-/minimist-1.2.8.tgz. Extracting by manifest.
1956 silly tarball no local data for run-applescript@https://registry.npmmirror.com/run-applescript/-/run-applescript-7.1.0.tgz. Extracting by manifest.
1957 silly tarball no local data for is-docker@https://registry.npmmirror.com/is-docker/-/is-docker-3.0.0.tgz. Extracting by manifest.
1958 silly tarball no local data for default-browser-id@https://registry.npmmirror.com/default-browser-id/-/default-browser-id-5.0.1.tgz. Extracting by manifest.
1959 silly tarball no local data for wsl-utils@https://registry.npmmirror.com/wsl-utils/-/wsl-utils-0.1.0.tgz. Extracting by manifest.
1960 silly tarball no local data for bundle-name@https://registry.npmmirror.com/bundle-name/-/bundle-name-4.1.0.tgz. Extracting by manifest.
1961 silly tarball no local data for @types/sarif@https://registry.npmmirror.com/@types/sarif/-/sarif-2.1.7.tgz. Extracting by manifest.
1962 silly tarball no local data for define-lazy-prop@https://registry.npmmirror.com/define-lazy-prop/-/define-lazy-prop-3.0.0.tgz. Extracting by manifest.
1963 silly tarball no local data for default-browser@https://registry.npmmirror.com/default-browser/-/default-browser-5.5.0.tgz. Extracting by manifest.
1964 silly tarball no local data for is-inside-container@https://registry.npmmirror.com/is-inside-container/-/is-inside-container-1.0.0.tgz. Extracting by manifest.
1965 silly tarball no local data for universalify@https://registry.npmmirror.com/universalify/-/universalify-2.0.1.tgz. Extracting by manifest.
1966 silly tarball no local data for graceful-fs@https://registry.npmmirror.com/graceful-fs/-/graceful-fs-4.2.11.tgz. Extracting by manifest.
1967 silly tarball no local data for jsonfile@https://registry.npmmirror.com/jsonfile/-/jsonfile-6.2.1.tgz. Extracting by manifest.
1968 silly tarball no local data for balanced-match@https://registry.npmmirror.com/balanced-match/-/balanced-match-4.0.4.tgz. Extracting by manifest.
1969 silly tarball no local data for brace-expansion@https://registry.npmmirror.com/brace-expansion/-/brace-expansion-5.0.9.tgz. Extracting by manifest.
1970 silly tarball no local data for fs-extra@https://registry.npmmirror.com/fs-extra/-/fs-extra-11.4.0.tgz. Extracting by manifest.
1971 silly tarball no local data for mime-db@https://registry.npmmirror.com/mime-db/-/mime-db-1.52.0.tgz. Extracting by manifest.
1972 silly tarball no local data for uc.micro@https://registry.npmmirror.com/uc.micro/-/uc.micro-2.1.0.tgz. Extracting by manifest.
1973 silly tarball no local data for punycode.js@https://registry.npmmirror.com/punycode.js/-/punycode.js-2.3.1.tgz. Extracting by manifest.
1974 silly tarball no local data for linkify-it@https://registry.npmmirror.com/linkify-it/-/linkify-it-5.0.2.tgz. Extracting by manifest.
1975 silly tarball no local data for mdurl@https://registry.npmmirror.com/mdurl/-/mdurl-2.1.0.tgz. Extracting by manifest.
1976 silly tarball no local data for yallist@https://registry.npmmirror.com/yallist/-/yallist-4.0.0.tgz. Extracting by manifest.
1977 silly tarball no local data for ecdsa-sig-formatter@https://registry.npmmirror.com/ecdsa-sig-formatter/-/ecdsa-sig-formatter-1.0.11.tgz. Extracting by manifest.
1978 silly tarball no local data for node-addon-api@https://registry.npmmirror.com/node-addon-api/-/node-addon-api-4.3.0.tgz. Extracting by manifest.
1979 silly tarball no local data for buffer-equal-constant-time@https://registry.npmmirror.com/buffer-equal-constant-time/-/buffer-equal-constant-time-1.0.1.tgz. Extracting by manifest.
1980 silly tarball no local data for safe-buffer@https://registry.npmmirror.com/safe-buffer/-/safe-buffer-5.2.1.tgz. Extracting by manifest.
1981 silly tarball no local data for prebuild-install@https://registry.npmmirror.com/prebuild-install/-/prebuild-install-7.1.2.tgz. Extracting by manifest.
1982 silly tarball no local data for jwa@https://registry.npmmirror.com/jwa/-/jwa-2.0.1.tgz. Extracting by manifest.
1983 silly tarball no local data for lodash.isstring@https://registry.npmmirror.com/lodash.isstring/-/lodash.isstring-4.0.1.tgz. Extracting by manifest.
1984 silly tarball no local data for lodash.isnumber@https://registry.npmmirror.com/lodash.isnumber/-/lodash.isnumber-3.0.3.tgz. Extracting by manifest.
1985 silly tarball no local data for lodash.isinteger@https://registry.npmmirror.com/lodash.isinteger/-/lodash.isinteger-4.0.4.tgz. Extracting by manifest.
1986 silly tarball no local data for lodash.isboolean@https://registry.npmmirror.com/lodash.isboolean/-/lodash.isboolean-3.0.3.tgz. Extracting by manifest.
1987 silly tarball no local data for lodash.isplainobject@https://registry.npmmirror.com/lodash.isplainobject/-/lodash.isplainobject-4.0.6.tgz. Extracting by manifest.
1988 silly tarball no local data for lodash.includes@https://registry.npmmirror.com/lodash.includes/-/lodash.includes-4.3.0.tgz. Extracting by manifest.
1989 silly tarball no local data for jws@https://registry.npmmirror.com/jws/-/jws-4.0.1.tgz. Extracting by manifest.
1990 silly tarball no local data for version-range@https://registry.npmmirror.com/version-range/-/version-range-4.15.0.tgz. Extracting by manifest.
1991 silly tarball no local data for argparse@https://registry.npmmirror.com/argparse/-/argparse-2.0.1.tgz. Extracting by manifest.
1992 silly tarball no local data for textextensions@https://registry.npmmirror.com/textextensions/-/textextensions-6.11.0.tgz. Extracting by manifest.
1993 silly tarball no local data for editions@https://registry.npmmirror.com/editions/-/editions-6.22.0.tgz. Extracting by manifest.
1994 silly tarball no local data for binaryextensions@https://registry.npmmirror.com/binaryextensions/-/binaryextensions-6.11.0.tgz. Extracting by manifest.
1995 silly tarball no local data for lru-cache@https://registry.npmmirror.com/lru-cache/-/lru-cache-6.0.0.tgz. Extracting by manifest.
1996 silly tarball no local data for lodash.once@https://registry.npmmirror.com/lodash.once/-/lodash.once-4.1.1.tgz. Extracting by manifest.
1997 silly tarball no local data for safer-buffer@https://registry.npmmirror.com/safer-buffer/-/safer-buffer-2.1.2.tgz. Extracting by manifest.
1998 silly tarball no local data for agent-base@https://registry.npmmirror.com/agent-base/-/agent-base-7.1.4.tgz. Extracting by manifest.
1999 silly tarball no local data for path-scurry@https://registry.npmmirror.com/path-scurry/-/path-scurry-2.0.2.tgz. Extracting by manifest.
2000 silly tarball no local data for minipass@https://registry.npmmirror.com/minipass/-/minipass-7.1.3.tgz. Extracting by manifest.
2001 silly tarball no local data for dunder-proto@https://registry.npmmirror.com/dunder-proto/-/dunder-proto-1.0.1.tgz. Extracting by manifest.
2002 silly tarball no local data for math-intrinsics@https://registry.npmmirror.com/math-intrinsics/-/math-intrinsics-1.1.0.tgz. Extracting by manifest.
2003 silly tarball no local data for gopd@https://registry.npmmirror.com/gopd/-/gopd-1.2.0.tgz. Extracting by manifest.
2004 silly tarball no local data for has-symbols@https://registry.npmmirror.com/has-symbols/-/has-symbols-1.1.0.tgz. Extracting by manifest.
2005 silly tarball no local data for get-proto@https://registry.npmmirror.com/get-proto/-/get-proto-1.0.1.tgz. Extracting by manifest.
2006 silly tarball no local data for es-object-atoms@https://registry.npmmirror.com/es-object-atoms/-/es-object-atoms-1.1.2.tgz. Extracting by manifest.
2007 silly tarball no local data for function-bind@https://registry.npmmirror.com/function-bind/-/function-bind-1.1.2.tgz. Extracting by manifest.
2008 silly tarball no local data for es-define-property@https://registry.npmmirror.com/es-define-property/-/es-define-property-1.0.1.tgz. Extracting by manifest.
2009 silly tarball no local data for has-tostringtag@https://registry.npmmirror.com/has-tostringtag/-/has-tostringtag-1.0.2.tgz. Extracting by manifest.
2010 silly tarball no local data for call-bind-apply-helpers@https://registry.npmmirror.com/call-bind-apply-helpers/-/call-bind-apply-helpers-1.0.2.tgz. Extracting by manifest.
2011 silly tarball no local data for get-intrinsic@https://registry.npmmirror.com/get-intrinsic/-/get-intrinsic-1.3.0.tgz. Extracting by manifest.
2012 silly tarball no local data for delayed-stream@https://registry.npmmirror.com/delayed-stream/-/delayed-stream-1.0.0.tgz. Extracting by manifest.
2013 silly tarball no local data for es-set-tostringtag@https://registry.npmmirror.com/es-set-tostringtag/-/es-set-tostringtag-2.1.0.tgz. Extracting by manifest.
2014 silly tarball no local data for es-errors@https://registry.npmmirror.com/es-errors/-/es-errors-1.3.0.tgz. Extracting by manifest.
2015 silly tarball no local data for mime-types@https://registry.npmmirror.com/mime-types/-/mime-types-2.1.35.tgz. Extracting by manifest.
2016 silly tarball no local data for combined-stream@https://registry.npmmirror.com/combined-stream/-/combined-stream-1.0.8.tgz. Extracting by manifest.
2017 silly tarball no local data for iconv-lite@https://registry.npmmirror.com/iconv-lite/-/iconv-lite-0.6.3.tgz. Extracting by manifest.
2018 silly tarball no local data for asynckit@https://registry.npmmirror.com/asynckit/-/asynckit-0.4.0.tgz. Extracting by manifest.
2019 silly tarball no local data for entities@https://registry.npmmirror.com/entities/-/entities-4.5.0.tgz. Extracting by manifest.
2020 silly tarball no local data for hasown@https://registry.npmmirror.com/hasown/-/hasown-2.0.4.tgz. Extracting by manifest.
2021 silly tarball no local data for ms@https://registry.npmmirror.com/ms/-/ms-2.1.3.tgz. Extracting by manifest.
2022 silly tarball no local data for nth-check@https://registry.npmmirror.com/nth-check/-/nth-check-2.1.1.tgz. Extracting by manifest.
2023 silly tarball no local data for whatwg-encoding@https://registry.npmmirror.com/whatwg-encoding/-/whatwg-encoding-3.1.1.tgz. Extracting by manifest.
2024 silly tarball no local data for domelementtype@https://registry.npmmirror.com/domelementtype/-/domelementtype-2.3.0.tgz. Extracting by manifest.
2025 silly tarball no local data for color-name@https://registry.npmmirror.com/color-name/-/color-name-1.1.4.tgz. Extracting by manifest.
2026 silly tarball no local data for parse5-parser-stream@https://registry.npmmirror.com/parse5-parser-stream/-/parse5-parser-stream-7.1.2.tgz. Extracting by manifest.
2027 silly tarball no local data for css-what@https://registry.npmmirror.com/css-what/-/css-what-6.2.2.tgz. Extracting by manifest.
2028 silly tarball no local data for css-select@https://registry.npmmirror.com/css-select/-/css-select-5.2.2.tgz. Extracting by manifest.
2029 silly tarball no local data for boolbase@https://registry.npmmirror.com/boolbase/-/boolbase-1.0.0.tgz. Extracting by manifest.
2030 silly tarball no local data for whatwg-mimetype@https://registry.npmmirror.com/whatwg-mimetype/-/whatwg-mimetype-4.0.0.tgz. Extracting by manifest.
2031 silly tarball no local data for parse5@https://registry.npmmirror.com/parse5/-/parse5-7.3.0.tgz. Extracting by manifest.
2032 silly tarball no local data for undici@https://registry.npmmirror.com/undici/-/undici-7.29.0.tgz. Extracting by manifest.
2033 silly tarball no local data for htmlparser2@https://registry.npmmirror.com/htmlparser2/-/htmlparser2-10.1.0.tgz. Extracting by manifest.
2034 silly tarball no local data for parse5-htmlparser2-tree-adapter@https://registry.npmmirror.com/parse5-htmlparser2-tree-adapter/-/parse5-htmlparser2-tree-adapter-7.1.0.tgz. Extracting by manifest.
2035 silly tarball no local data for domutils@https://registry.npmmirror.com/domutils/-/domutils-3.2.2.tgz. Extracting by manifest.
2036 silly tarball no local data for encoding-sniffer@https://registry.npmmirror.com/encoding-sniffer/-/encoding-sniffer-0.2.1.tgz. Extracting by manifest.
2037 silly tarball no local data for dom-serializer@https://registry.npmmirror.com/dom-serializer/-/dom-serializer-2.0.0.tgz. Extracting by manifest.
2038 silly tarball no local data for domhandler@https://registry.npmmirror.com/domhandler/-/domhandler-5.0.3.tgz. Extracting by manifest.
2039 silly tarball no local data for color-convert@https://registry.npmmirror.com/color-convert/-/color-convert-2.0.1.tgz. Extracting by manifest.
2040 silly tarball no local data for cheerio-select@https://registry.npmmirror.com/cheerio-select/-/cheerio-select-2.1.0.tgz. Extracting by manifest.
2041 silly tarball no local data for supports-color@https://registry.npmmirror.com/supports-color/-/supports-color-7.2.0.tgz. Extracting by manifest.
2042 silly tarball no local data for tunnel@https://registry.npmmirror.com/tunnel/-/tunnel-0.0.6.tgz. Extracting by manifest.
2043 silly tarball no local data for ansi-styles@https://registry.npmmirror.com/ansi-styles/-/ansi-styles-4.3.0.tgz. Extracting by manifest.
2044 silly tarball no local data for @vscode/vsce-sign-win32-x64@https://registry.npmmirror.com/@vscode/vsce-sign-win32-x64/-/vsce-sign-win32-x64-2.0.6.tgz. Extracting by manifest.
2045 silly tarball no local data for fast-deep-equal@https://registry.npmmirror.com/fast-deep-equal/-/fast-deep-equal-3.1.3.tgz. Extracting by manifest.
2046 silly tarball no local data for json-schema-traverse@https://registry.npmmirror.com/json-schema-traverse/-/json-schema-traverse-1.0.0.tgz. Extracting by manifest.
2047 silly tarball no local data for require-from-string@https://registry.npmmirror.com/require-from-string/-/require-from-string-2.0.2.tgz. Extracting by manifest.
2048 silly tarball no local data for fast-uri@https://registry.npmmirror.com/fast-uri/-/fast-uri-3.1.5.tgz. Extracting by manifest.
2049 silly tarball no local data for @textlint/ast-node-types@https://registry.npmmirror.com/@textlint/ast-node-types/-/ast-node-types-15.8.0.tgz. Extracting by manifest.
2050 silly tarball no local data for text-table@https://registry.npmmirror.com/text-table/-/text-table-0.2.0.tgz. Extracting by manifest.
2051 silly tarball no local data for @textlint/resolver@https://registry.npmmirror.com/@textlint/resolver/-/resolver-15.8.0.tgz. Extracting by manifest.
2052 silly tarball no local data for http-proxy-agent@https://registry.npmmirror.com/http-proxy-agent/-/http-proxy-agent-7.0.2.tgz. Extracting by manifest.
2053 silly tarball no local data for https-proxy-agent@https://registry.npmmirror.com/https-proxy-agent/-/https-proxy-agent-7.0.6.tgz. Extracting by manifest.
2054 silly tarball no local data for @azu/style-format@https://registry.npmmirror.com/@azu/style-format/-/style-format-1.0.1.tgz. Extracting by manifest.
2055 silly tarball no local data for string-width@https://registry.npmmirror.com/string-width/-/string-width-4.2.3.tgz. Extracting by manifest.
2056 silly tarball no local data for node-sarif-builder@https://registry.npmmirror.com/node-sarif-builder/-/node-sarif-builder-3.4.0.tgz. Extracting by manifest.
2057 silly tarball no local data for @azu/format-text@https://registry.npmmirror.com/@azu/format-text/-/format-text-1.0.2.tgz. Extracting by manifest.
2058 silly tarball no local data for js-yaml@https://registry.npmmirror.com/js-yaml/-/js-yaml-4.3.1.tgz. Extracting by manifest.
2059 silly tarball no local data for istextorbinary@https://registry.npmmirror.com/istextorbinary/-/istextorbinary-9.5.0.tgz. Extracting by manifest.
2060 silly tarball no local data for terminal-link@https://registry.npmmirror.com/terminal-link/-/terminal-link-4.0.0.tgz. Extracting by manifest.
2061 silly tarball no local data for @textlint/types@https://registry.npmmirror.com/@textlint/types/-/types-15.8.0.tgz. Extracting by manifest.
2062 silly tarball no local data for @textlint/module-interop@https://registry.npmmirror.com/@textlint/module-interop/-/module-interop-15.8.0.tgz. Extracting by manifest.
2063 silly tarball no local data for table@https://registry.npmmirror.com/table/-/table-6.9.0.tgz. Extracting by manifest.
2064 silly tarball no local data for lodash@https://registry.npmmirror.com/lodash/-/lodash-4.18.1.tgz. Extracting by manifest.
2065 silly tarball no local data for pluralize@https://registry.npmmirror.com/pluralize/-/pluralize-8.0.0.tgz. Extracting by manifest.
2066 silly tarball no local data for strip-ansi@https://registry.npmmirror.com/strip-ansi/-/strip-ansi-7.2.0.tgz. Extracting by manifest.
2067 silly tarball no local data for @secretlint/resolver@https://registry.npmmirror.com/@secretlint/resolver/-/resolver-10.2.2.tgz. Extracting by manifest.
2068 silly tarball no local data for @textlint/linter-formatter@https://registry.npmmirror.com/@textlint/linter-formatter/-/linter-formatter-15.8.0.tgz. Extracting by manifest.
2069 silly tarball no local data for structured-source@https://registry.npmmirror.com/structured-source/-/structured-source-4.0.0.tgz. Extracting by manifest.
2070 silly tarball no local data for rc-config-loader@https://registry.npmmirror.com/rc-config-loader/-/rc-config-loader-4.1.4.tgz. Extracting by manifest.
2071 silly tarball no local data for ajv@https://registry.npmmirror.com/ajv/-/ajv-8.20.0.tgz. Extracting by manifest.
2072 silly tarball no local data for @secretlint/types@https://registry.npmmirror.com/@secretlint/types/-/types-10.2.2.tgz. Extracting by manifest.
2073 silly tarball no local data for p-map@https://registry.npmmirror.com/p-map/-/p-map-7.0.6.tgz. Extracting by manifest.
2074 silly tarball no local data for @secretlint/source-creator@https://registry.npmmirror.com/@secretlint/source-creator/-/source-creator-10.2.2.tgz. Extracting by manifest.
2075 silly tarball no local data for @secretlint/profiler@https://registry.npmmirror.com/@secretlint/profiler/-/profiler-10.2.2.tgz. Extracting by manifest.
2076 silly tarball no local data for debug@https://registry.npmmirror.com/debug/-/debug-4.4.3.tgz. Extracting by manifest.
2077 silly tarball no local data for @azure/msal-common@https://registry.npmmirror.com/@azure/msal-common/-/msal-common-16.12.0.tgz. Extracting by manifest.
2078 silly tarball no local data for @secretlint/core@https://registry.npmmirror.com/@secretlint/core/-/core-10.2.2.tgz. Extracting by manifest.
2079 silly tarball no local data for jsonwebtoken@https://registry.npmmirror.com/jsonwebtoken/-/jsonwebtoken-9.0.3.tgz. Extracting by manifest.
2080 silly tarball no local data for @secretlint/formatter@https://registry.npmmirror.com/@secretlint/formatter/-/formatter-10.2.2.tgz. Extracting by manifest.
2081 silly tarball no local data for @secretlint/config-loader@https://registry.npmmirror.com/@secretlint/config-loader/-/config-loader-10.2.2.tgz. Extracting by manifest.
2082 silly tarball no local data for tslib@https://registry.npmmirror.com/tslib/-/tslib-2.8.1.tgz. Extracting by manifest.
2083 silly tarball no local data for @typespec/ts-http-runtime@https://registry.npmmirror.com/@typespec/ts-http-runtime/-/ts-http-runtime-0.3.8.tgz. Extracting by manifest.
2084 silly tarball no local data for open@https://registry.npmmirror.com/open/-/open-10.2.0.tgz. Extracting by manifest.
2085 silly tarball no local data for @azure/msal-browser@https://registry.npmmirror.com/@azure/msal-browser/-/msal-browser-5.18.0.tgz. Extracting by manifest.
2086 silly tarball no local data for @azure/msal-node@https://registry.npmmirror.com/@azure/msal-node/-/msal-node-5.5.0.tgz. Extracting by manifest.
2087 silly tarball no local data for @azure/logger@https://registry.npmmirror.com/@azure/logger/-/logger-1.4.0.tgz. Extracting by manifest.
2088 silly tarball no local data for @azure/core-util@https://registry.npmmirror.com/@azure/core-util/-/core-util-1.14.0.tgz. Extracting by manifest.
2089 silly tarball no local data for @azure/core-tracing@https://registry.npmmirror.com/@azure/core-tracing/-/core-tracing-1.4.0.tgz. Extracting by manifest.
2090 silly tarball no local data for @azure/core-rest-pipeline@https://registry.npmmirror.com/@azure/core-rest-pipeline/-/core-rest-pipeline-1.25.0.tgz. Extracting by manifest.
2091 silly tarball no local data for @azure/core-client@https://registry.npmmirror.com/@azure/core-client/-/core-client-1.11.0.tgz. Extracting by manifest.
2092 silly tarball no local data for yauzl@https://registry.npmmirror.com/yauzl/-/yauzl-3.4.0.tgz. Extracting by manifest.
2093 silly tarball no local data for @azure/abort-controller@https://registry.npmmirror.com/@azure/abort-controller/-/abort-controller-2.2.0.tgz. Extracting by manifest.
2094 silly tarball no local data for yazl@https://registry.npmmirror.com/yazl/-/yazl-2.5.1.tgz. Extracting by manifest.
2095 silly tarball no local data for @azure/core-auth@https://registry.npmmirror.com/@azure/core-auth/-/core-auth-1.11.0.tgz. Extracting by manifest.
2096 silly tarball no local data for url-join@https://registry.npmmirror.com/url-join/-/url-join-4.0.1.tgz. Extracting by manifest.
2097 silly tarball no local data for xml2js@https://registry.npmmirror.com/xml2js/-/xml2js-0.5.0.tgz. Extracting by manifest.
2098 silly tarball no local data for typed-rest-client@https://registry.npmmirror.com/typed-rest-client/-/typed-rest-client-1.8.11.tgz. Extracting by manifest.
2099 silly tarball no local data for tmp@https://registry.npmmirror.com/tmp/-/tmp-0.2.7.tgz. Extracting by manifest.
2100 silly tarball no local data for semver@https://registry.npmmirror.com/semver/-/semver-7.8.5.tgz. Extracting by manifest.
2101 silly tarball no local data for secretlint@https://registry.npmmirror.com/secretlint/-/secretlint-10.2.2.tgz. Extracting by manifest.
2102 silly tarball no local data for parse-semver@https://registry.npmmirror.com/parse-semver/-/parse-semver-1.1.1.tgz. Extracting by manifest.
2103 silly tarball no local data for read@https://registry.npmmirror.com/read/-/read-1.0.7.tgz. Extracting by manifest.
2104 silly tarball no local data for minimatch@https://registry.npmmirror.com/minimatch/-/minimatch-10.2.6.tgz. Extracting by manifest.
2105 silly tarball no local data for mime@https://registry.npmmirror.com/mime/-/mime-1.6.0.tgz. Extracting by manifest.
2106 silly tarball no local data for markdown-it@https://registry.npmmirror.com/markdown-it/-/markdown-it-14.3.0.tgz. Extracting by manifest.
2107 silly tarball no local data for keytar@https://registry.npmmirror.com/keytar/-/keytar-7.9.0.tgz. Extracting by manifest.
2108 silly tarball no local data for jsonc-parser@https://registry.npmmirror.com/jsonc-parser/-/jsonc-parser-3.3.1.tgz. Extracting by manifest.
2109 silly tarball no local data for leven@https://registry.npmmirror.com/leven/-/leven-3.1.0.tgz. Extracting by manifest.
2110 silly tarball no local data for hosted-git-info@https://registry.npmmirror.com/hosted-git-info/-/hosted-git-info-4.1.0.tgz. Extracting by manifest.
2111 silly tarball no local data for glob@https://registry.npmmirror.com/glob/-/glob-13.0.6.tgz. Extracting by manifest.
2112 silly tarball no local data for @vscode/vsce-sign@https://registry.npmmirror.com/@vscode/vsce-sign/-/vsce-sign-2.0.9.tgz. Extracting by manifest.
2113 silly tarball no local data for cockatiel@https://registry.npmmirror.com/cockatiel/-/cockatiel-3.2.1.tgz. Extracting by manifest.
2114 silly tarball no local data for form-data@https://registry.npmmirror.com/form-data/-/form-data-4.0.6.tgz. Extracting by manifest.
2115 silly tarball no local data for commander@https://registry.npmmirror.com/commander/-/commander-12.1.0.tgz. Extracting by manifest.
2116 silly tarball no local data for cheerio@https://registry.npmmirror.com/cheerio/-/cheerio-1.2.0.tgz. Extracting by manifest.
2117 silly tarball no local data for chalk@https://registry.npmmirror.com/chalk/-/chalk-4.1.2.tgz. Extracting by manifest.
2118 silly tarball no local data for @azure/identity@https://registry.npmmirror.com/@azure/identity/-/identity-4.13.1.tgz. Extracting by manifest.
2119 silly tarball no local data for azure-devops-node-api@https://registry.npmmirror.com/azure-devops-node-api/-/azure-devops-node-api-12.5.0.tgz. Extracting by manifest.
2120 silly tarball no local data for @secretlint/secretlint-rule-preset-recommend@https://registry.npmmirror.com/@secretlint/secretlint-rule-preset-recommend/-/secretlint-rule-preset-recommend-10.2.2.tgz. Extracting by manifest.
2121 silly tarball no local data for @secretlint/secretlint-rule-no-dotenv@https://registry.npmmirror.com/@secretlint/secretlint-rule-no-dotenv/-/secretlint-rule-no-dotenv-10.2.2.tgz. Extracting by manifest.
2122 silly tarball no local data for @vscode/vsce@https://registry.npmmirror.com/@vscode/vsce/-/vsce-3.9.2.tgz. Extracting by manifest.
2123 silly tarball no local data for lru-cache@https://registry.npmmirror.com/lru-cache/-/lru-cache-10.4.3.tgz. Extracting by manifest.
2124 silly tarball no local data for @secretlint/node@https://registry.npmmirror.com/@secretlint/node/-/node-10.2.2.tgz. Extracting by manifest.
2125 silly tarball no local data for @secretlint/secretlint-formatter-sarif@https://registry.npmmirror.com/@secretlint/secretlint-formatter-sarif/-/secretlint-formatter-sarif-10.2.2.tgz. Extracting by manifest.
2126 silly tarball no local data for entities@https://registry.npmmirror.com/entities/-/entities-6.0.1.tgz. Extracting by manifest.
2127 silly tarball no local data for unicorn-magic@https://registry.npmmirror.com/unicorn-magic/-/unicorn-magic-0.1.0.tgz. Extracting by manifest.
2128 silly tarball no local data for entities@https://registry.npmmirror.com/entities/-/entities-7.0.1.tgz. Extracting by manifest.
2129 silly tarball no local data for lru-cache@https://registry.npmmirror.com/lru-cache/-/lru-cache-11.5.2.tgz. Extracting by manifest.
2130 silly tarball no local data for ansi-regex@https://registry.npmmirror.com/ansi-regex/-/ansi-regex-5.0.1.tgz. Extracting by manifest.
2131 silly tarball no local data for ansi-regex@https://registry.npmmirror.com/ansi-regex/-/ansi-regex-5.0.1.tgz. Extracting by manifest.
2132 silly tarball no local data for hosted-git-info@https://registry.npmmirror.com/hosted-git-info/-/hosted-git-info-7.0.2.tgz. Extracting by manifest.
2133 silly tarball no local data for strip-ansi@https://registry.npmmirror.com/strip-ansi/-/strip-ansi-6.0.1.tgz. Extracting by manifest.
2134 silly tarball no local data for strip-ansi@https://registry.npmmirror.com/strip-ansi/-/strip-ansi-6.0.1.tgz. Extracting by manifest.
2135 silly tarball no local data for semver@https://registry.npmmirror.com/semver/-/semver-5.7.2.tgz. Extracting by manifest.
2136 silly tarball no local data for chalk@https://registry.npmmirror.com/chalk/-/chalk-5.6.2.tgz. Extracting by manifest.
2137 silly tarball no local data for ansi-regex@https://registry.npmmirror.com/ansi-regex/-/ansi-regex-5.0.1.tgz. Extracting by manifest.
2138 silly tarball no local data for pluralize@https://registry.npmmirror.com/pluralize/-/pluralize-2.0.0.tgz. Extracting by manifest.
2139 silly tarball no local data for strip-ansi@https://registry.npmmirror.com/strip-ansi/-/strip-ansi-6.0.1.tgz. Extracting by manifest.
2140 http fetch GET 200 https://cdn.npmmirror.com/packages/buffer-crc32/0.2.13/buffer-crc32-0.2.13.tgz 182ms (cache miss)
2141 http fetch GET 200 https://cdn.npmmirror.com/packages/spdx-license-ids/3.0.23/spdx-license-ids-3.0.23.tgz 190ms (cache miss)
2142 http fetch GET 200 https://cdn.npmmirror.com/packages/side-channel-map/1.0.1/side-channel-map-1.0.1.tgz 194ms (cache miss)
2143 http fetch GET 200 https://cdn.npmmirror.com/packages/spdx-expression-parse/3.0.1/spdx-expression-parse-3.0.1.tgz 198ms (cache miss)
2144 http fetch GET 200 https://cdn.npmmirror.com/packages/call-bound/1.0.4/call-bound-1.0.4.tgz 198ms (cache miss)
2145 http fetch GET 200 https://cdn.npmmirror.com/packages/spdx-correct/3.2.0/spdx-correct-3.2.0.tgz 201ms (cache miss)
2146 http fetch GET 200 https://cdn.npmmirror.com/packages/pend/1.2.0/pend-1.2.0.tgz 204ms (cache miss)
2147 http fetch GET 200 https://cdn.npmmirror.com/packages/is-wsl/3.1.1/is-wsl-3.1.1.tgz 205ms (cache miss)
2148 http fetch GET 200 https://cdn.npmmirror.com/packages/ieee754/1.2.1/ieee754-1.2.1.tgz 204ms (cache miss)
2149 http fetch GET 200 https://cdn.npmmirror.com/packages/environment/1.1.0/environment-1.1.0.tgz 213ms (cache miss)
2150 http fetch GET 200 https://cdn.npmmirror.com/packages/side-channel/1.1.1/side-channel-1.1.1.tgz 213ms (cache miss)
2151 http fetch GET 200 https://cdn.npmmirror.com/packages/inherits/2.0.4/inherits-2.0.4.tgz 211ms (cache miss)
2152 http fetch GET 200 https://cdn.npmmirror.com/packages/sax/1.6.1/sax-1.6.1.tgz 217ms (cache miss)
2153 http fetch GET 200 https://cdn.npmmirror.com/packages/util-deprecate/1.0.2/util-deprecate-1.0.2.tgz 212ms (cache miss)
2154 http fetch GET 200 https://cdn.npmmirror.com/packages/supports-hyperlinks/3.2.0/supports-hyperlinks-3.2.0.tgz 217ms (cache miss)
2155 http fetch GET 200 https://cdn.npmmirror.com/packages/base64-js/1.5.1/base64-js-1.5.1.tgz 218ms (cache miss)
2156 http fetch GET 200 https://cdn.npmmirror.com/packages/buffer/5.7.1/buffer-5.7.1.tgz 220ms (cache miss)
2157 http fetch GET 200 https://cdn.npmmirror.com/packages/side-channel-weakmap/1.0.2/side-channel-weakmap-1.0.2.tgz 223ms (cache miss)
2158 http fetch GET 200 https://cdn.npmmirror.com/packages/ansi-escapes/7.3.0/ansi-escapes-7.3.0.tgz 226ms (cache miss)
2159 http fetch GET 200 https://cdn.npmmirror.com/packages/side-channel-list/1.0.1/side-channel-list-1.0.1.tgz 233ms (cache miss)
2160 http fetch GET 200 https://cdn.npmmirror.com/packages/spdx-exceptions/2.5.0/spdx-exceptions-2.5.0.tgz 247ms (cache miss)
2161 http fetch GET 200 https://cdn.npmmirror.com/packages/is-number/7.0.0/is-number-7.0.0.tgz 244ms (cache miss)
2162 http fetch GET 200 https://cdn.npmmirror.com/packages/string_decoder/1.3.0/string_decoder-1.3.0.tgz 244ms (cache miss)
2163 http fetch GET 200 https://cdn.npmmirror.com/packages/tar-stream/2.2.0/tar-stream-2.2.0.tgz 243ms (cache miss)
2164 http fetch GET 200 https://cdn.npmmirror.com/packages/slice-ansi/4.0.0/slice-ansi-4.0.0.tgz 245ms (cache miss)
2165 http fetch GET 200 https://cdn.npmmirror.com/packages/astral-regex/2.0.0/astral-regex-2.0.0.tgz 245ms (cache miss)
2166 http fetch GET 200 https://cdn.npmmirror.com/packages/chownr/1.1.4/chownr-1.1.4.tgz 250ms (cache miss)
2167 http fetch GET 200 https://cdn.npmmirror.com/packages/fs-constants/1.0.0/fs-constants-1.0.0.tgz 249ms (cache miss)
2168 http fetch GET 200 https://cdn.npmmirror.com/packages/has-flag/4.0.0/has-flag-4.0.0.tgz 248ms (cache miss)
2169 http fetch GET 200 https://cdn.npmmirror.com/packages/is-fullwidth-code-point/3.0.0/is-fullwidth-code-point-3.0.0.tgz 250ms (cache miss)
2170 http fetch GET 200 https://cdn.npmmirror.com/packages/bl/4.1.0/bl-4.1.0.tgz 257ms (cache miss)
2171 http fetch GET 200 https://cdn.npmmirror.com/packages/boundary/2.0.0/boundary-2.0.0.tgz 256ms (cache miss)
2172 http fetch GET 200 https://cdn.npmmirror.com/packages/lodash.truncate/4.4.2/lodash.truncate-4.4.2.tgz 256ms (cache miss)
2173 http fetch GET 200 https://cdn.npmmirror.com/packages/qs/6.15.3/qs-6.15.3.tgz 268ms (cache miss)
2174 http fetch GET 200 https://cdn.npmmirror.com/packages/mimic-response/3.1.0/mimic-response-3.1.0.tgz 269ms (cache miss)
2175 http fetch GET 200 https://cdn.npmmirror.com/packages/ansi-regex/6.3.0/ansi-regex-6.3.0.tgz 271ms (cache miss)
2176 http fetch GET 200 https://cdn.npmmirror.com/packages/object-inspect/1.13.4/object-inspect-1.13.4.tgz 284ms (cache miss)
2177 http fetch GET 200 https://cdn.npmmirror.com/packages/picocolors/1.1.1/picocolors-1.1.1.tgz 292ms (cache miss)
2178 http fetch GET 200 https://cdn.npmmirror.com/packages/js-tokens/4.0.0/js-tokens-4.0.0.tgz 294ms (cache miss)
2179 http fetch GET 200 https://cdn.npmmirror.com/packages/%40babel/helper-validator-identifier/7.29.7/helper-validator-identifier-7.29.7.tgz 299ms (cache miss)
2180 http fetch GET 200 https://cdn.npmmirror.com/packages/%40types/normalize-package-data/2.4.4/normalize-package-data-2.4.4.tgz 303ms (cache miss)
2181 http fetch GET 200 https://cdn.npmmirror.com/packages/emoji-regex/8.0.0/emoji-regex-8.0.0.tgz 304ms (cache miss)
2182 http fetch GET 200 https://cdn.npmmirror.com/packages/validate-npm-package-license/3.0.4/validate-npm-package-license-3.0.4.tgz 305ms (cache miss)
2183 http fetch GET 200 https://cdn.npmmirror.com/packages/queue-microtask/1.2.3/queue-microtask-1.2.3.tgz 308ms (cache miss)
2184 http fetch GET 200 https://cdn.npmmirror.com/packages/xmlbuilder/11.0.1/xmlbuilder-11.0.1.tgz 323ms (cache miss)
2185 http fetch GET 200 https://cdn.npmmirror.com/packages/%40babel/code-frame/7.29.7/code-frame-7.29.7.tgz 317ms (cache miss)
2186 http fetch GET 200 https://cdn.npmmirror.com/packages/normalize-package-data/6.0.2/normalize-package-data-6.0.2.tgz 317ms (cache miss)
2187 http fetch GET 200 https://cdn.npmmirror.com/packages/parse-json/8.3.0/parse-json-8.3.0.tgz 318ms (cache miss)
2188 http fetch GET 200 https://cdn.npmmirror.com/packages/index-to-position/1.2.0/index-to-position-1.2.0.tgz 321ms (cache miss)
2189 http fetch GET 200 https://cdn.npmmirror.com/packages/readable-stream/3.6.2/readable-stream-3.6.2.tgz 347ms (cache miss)
2190 http fetch GET 200 https://cdn.npmmirror.com/packages/fill-range/7.1.1/fill-range-7.1.1.tgz 348ms (cache miss)
2191 http fetch GET 200 https://cdn.npmmirror.com/packages/to-regex-range/5.0.1/to-regex-range-5.0.1.tgz 350ms (cache miss)
2192 http fetch GET 200 https://cdn.npmmirror.com/packages/is-extglob/2.1.1/is-extglob-2.1.1.tgz 350ms (cache miss)
2193 http fetch GET 200 https://cdn.npmmirror.com/packages/is-glob/4.0.3/is-glob-4.0.3.tgz 355ms (cache miss)
2194 http fetch GET 200 https://cdn.npmmirror.com/packages/run-parallel/1.2.0/run-parallel-1.2.0.tgz 360ms (cache miss)
2195 http fetch GET 200 https://cdn.npmmirror.com/packages/unicorn-magic/0.3.0/unicorn-magic-0.3.0.tgz 363ms (cache miss)
2196 http fetch GET 200 https://cdn.npmmirror.com/packages/fastq/1.20.1/fastq-1.20.1.tgz 365ms (cache miss)
2197 http fetch GET 200 https://cdn.npmmirror.com/packages/picomatch/2.3.2/picomatch-2.3.2.tgz 366ms (cache miss)
2198 http fetch GET 200 https://cdn.npmmirror.com/packages/simple-concat/1.0.1/simple-concat-1.0.1.tgz 371ms (cache miss)
2199 http fetch GET 200 https://cdn.npmmirror.com/packages/reusify/1.1.0/reusify-1.1.0.tgz 371ms (cache miss)
2200 http fetch GET 200 https://cdn.npmmirror.com/packages/merge2/1.4.1/merge2-1.4.1.tgz 371ms (cache miss)
2201 http fetch GET 200 https://cdn.npmmirror.com/packages/braces/3.0.3/braces-3.0.3.tgz 378ms (cache miss)
2202 http fetch GET 200 https://cdn.npmmirror.com/packages/micromatch/4.0.8/micromatch-4.0.8.tgz 387ms (cache miss)
2203 http fetch GET 200 https://cdn.npmmirror.com/packages/decompress-response/6.0.0/decompress-response-6.0.0.tgz 390ms (cache miss)
2204 http fetch GET 200 https://cdn.npmmirror.com/packages/glob-parent/5.1.2/glob-parent-5.1.2.tgz 394ms (cache miss)
2205 http fetch GET 200 https://cdn.npmmirror.com/packages/%40sindresorhus/merge-streams/2.3.0/merge-streams-2.3.0.tgz 398ms (cache miss)
2206 http fetch GET 200 https://cdn.npmmirror.com/packages/slash/5.1.0/slash-5.1.0.tgz 400ms (cache miss)
2207 http fetch GET 200 https://cdn.npmmirror.com/packages/path-type/6.0.0/path-type-6.0.0.tgz 401ms (cache miss)
2208 http fetch GET 200 https://cdn.npmmirror.com/packages/%40secretlint/config-creator/10.2.2/config-creator-10.2.2.tgz 414ms (cache miss)
2209 http fetch GET 200 https://cdn.npmmirror.com/packages/%40nodelib/fs.scandir/2.1.5/fs.scandir-2.1.5.tgz 419ms (cache miss)
2210 http fetch GET 200 https://cdn.npmmirror.com/packages/globby/14.1.0/globby-14.1.0.tgz 417ms (cache miss)
2211 http fetch GET 200 https://cdn.npmmirror.com/packages/mute-stream/0.0.8/mute-stream-0.0.8.tgz 418ms (cache miss)
2212 http fetch GET 200 https://cdn.npmmirror.com/packages/read-pkg/9.0.1/read-pkg-9.0.1.tgz 418ms (cache miss)
2213 http fetch GET 200 https://cdn.npmmirror.com/packages/ignore/7.0.6/ignore-7.0.6.tgz 419ms (cache miss)
2214 http fetch GET 200 https://cdn.npmmirror.com/packages/ini/1.3.8/ini-1.3.8.tgz 420ms (cache miss)
2215 http fetch GET 200 https://cdn.npmmirror.com/packages/deep-extend/0.6.0/deep-extend-0.6.0.tgz 429ms (cache miss)
2216 http fetch GET 200 https://cdn.npmmirror.com/packages/wrappy/1.0.2/wrappy-1.0.2.tgz 436ms (cache miss)
2217 http fetch GET 200 https://cdn.npmmirror.com/packages/json5/2.2.3/json5-2.2.3.tgz 439ms (cache miss)
2218 http fetch GET 200 https://cdn.npmmirror.com/packages/strip-json-comments/2.0.1/strip-json-comments-2.0.1.tgz 442ms (cache miss)
2219 http fetch GET 200 https://cdn.npmmirror.com/packages/once/1.4.0/once-1.4.0.tgz 442ms (cache miss)
2220 http fetch GET 200 https://cdn.npmmirror.com/packages/end-of-stream/1.4.5/end-of-stream-1.4.5.tgz 447ms (cache miss)
2221 http fetch GET 200 https://cdn.npmmirror.com/packages/%40nodelib/fs.walk/1.2.8/fs.walk-1.2.8.tgz 458ms (cache miss)
2222 http fetch GET 200 https://cdn.npmmirror.com/packages/%40nodelib/fs.stat/2.0.5/fs.stat-2.0.5.tgz 458ms (cache miss)
2223 http fetch GET 200 https://cdn.npmmirror.com/packages/rc/1.2.8/rc-1.2.8.tgz 457ms (cache miss)
2224 http fetch GET 200 https://cdn.npmmirror.com/packages/tunnel-agent/0.6.0/tunnel-agent-0.6.0.tgz 458ms (cache miss)
2225 http fetch GET 200 https://cdn.npmmirror.com/packages/node-abi/3.94.0/node-abi-3.94.0.tgz 477ms (cache miss)
2226 http fetch GET 200 https://cdn.npmmirror.com/packages/simple-get/4.0.1/simple-get-4.0.1.tgz 479ms (cache miss)
2227 http fetch GET 200 https://cdn.npmmirror.com/packages/mkdirp-classic/0.5.3/mkdirp-classic-0.5.3.tgz 478ms (cache miss)
2228 http fetch GET 200 https://cdn.npmmirror.com/packages/napi-build-utils/1.0.2/napi-build-utils-1.0.2.tgz 480ms (cache miss)
2229 http fetch GET 200 https://cdn.npmmirror.com/packages/pump/3.0.4/pump-3.0.4.tgz 481ms (cache miss)
2230 http fetch GET 200 https://cdn.npmmirror.com/packages/github-from-package/0.0.0/github-from-package-0.0.0.tgz 486ms (cache miss)
2231 http fetch GET 200 https://cdn.npmmirror.com/packages/detect-libc/2.1.2/detect-libc-2.1.2.tgz 502ms (cache miss)
2232 http fetch GET 200 https://cdn.npmmirror.com/packages/tar-fs/2.1.5/tar-fs-2.1.5.tgz 505ms (cache miss)
2233 http fetch GET 200 https://cdn.npmmirror.com/packages/expand-template/2.0.3/expand-template-2.0.3.tgz 504ms (cache miss)
2234 http fetch GET 200 https://cdn.npmmirror.com/packages/is-docker/3.0.0/is-docker-3.0.0.tgz 508ms (cache miss)
2235 http fetch GET 200 https://cdn.npmmirror.com/packages/bundle-name/4.1.0/bundle-name-4.1.0.tgz 511ms (cache miss)
2236 http fetch GET 200 https://cdn.npmmirror.com/packages/default-browser-id/5.0.1/default-browser-id-5.0.1.tgz 514ms (cache miss)
2237 http fetch GET 200 https://cdn.npmmirror.com/packages/run-applescript/7.1.0/run-applescript-7.1.0.tgz 515ms (cache miss)
2238 http fetch GET 200 https://cdn.npmmirror.com/packages/wsl-utils/0.1.0/wsl-utils-0.1.0.tgz 518ms (cache miss)
2239 http fetch GET 200 https://cdn.npmmirror.com/packages/is-inside-container/1.0.0/is-inside-container-1.0.0.tgz 519ms (cache miss)
2240 http fetch GET 200 https://cdn.npmmirror.com/packages/fast-glob/3.3.3/fast-glob-3.3.3.tgz 525ms (cache miss)
2241 http fetch GET 200 https://cdn.npmmirror.com/packages/%40types/sarif/2.1.7/sarif-2.1.7.tgz 523ms (cache miss)
2242 http fetch GET 200 https://cdn.npmmirror.com/packages/default-browser/5.5.0/default-browser-5.5.0.tgz 529ms (cache miss)
2243 http fetch GET 200 https://cdn.npmmirror.com/packages/universalify/2.0.1/universalify-2.0.1.tgz 529ms (cache miss)
2244 http fetch GET 200 https://cdn.npmmirror.com/packages/define-lazy-prop/3.0.0/define-lazy-prop-3.0.0.tgz 531ms (cache miss)
2245 http fetch GET 200 https://cdn.npmmirror.com/packages/minimist/1.2.8/minimist-1.2.8.tgz 538ms (cache miss)
2246 http fetch GET 200 https://cdn.npmmirror.com/packages/graceful-fs/4.2.11/graceful-fs-4.2.11.tgz 537ms (cache miss)
2247 http fetch GET 200 https://cdn.npmmirror.com/packages/balanced-match/4.0.4/balanced-match-4.0.4.tgz 544ms (cache miss)
2248 http fetch GET 200 https://cdn.npmmirror.com/packages/jsonfile/6.2.1/jsonfile-6.2.1.tgz 548ms (cache miss)
2249 http fetch GET 200 https://cdn.npmmirror.com/packages/brace-expansion/5.0.9/brace-expansion-5.0.9.tgz 556ms (cache miss)
2250 http fetch GET 200 https://cdn.npmmirror.com/packages/yallist/4.0.0/yallist-4.0.0.tgz 562ms (cache miss)
2251 http fetch GET 200 https://cdn.npmmirror.com/packages/mdurl/2.1.0/mdurl-2.1.0.tgz 566ms (cache miss)
2252 http fetch GET 200 https://cdn.npmmirror.com/packages/uc.micro/2.1.0/uc.micro-2.1.0.tgz 568ms (cache miss)
2253 http fetch GET 200 https://cdn.npmmirror.com/packages/linkify-it/5.0.2/linkify-it-5.0.2.tgz 568ms (cache miss)
2254 http fetch GET 200 https://cdn.npmmirror.com/packages/punycode.js/2.3.1/punycode.js-2.3.1.tgz 575ms (cache miss)
2255 http fetch GET 200 https://cdn.npmmirror.com/packages/safe-buffer/5.2.1/safe-buffer-5.2.1.tgz 574ms (cache miss)
2256 http fetch GET 200 https://cdn.npmmirror.com/packages/buffer-equal-constant-time/1.0.1/buffer-equal-constant-time-1.0.1.tgz 584ms (cache miss)
2257 http fetch GET 200 https://cdn.npmmirror.com/packages/jwa/2.0.1/jwa-2.0.1.tgz 593ms (cache miss)
2258 http fetch GET 200 https://cdn.npmmirror.com/packages/lodash.isstring/4.0.1/lodash.isstring-4.0.1.tgz 593ms (cache miss)
2259 http fetch GET 200 https://cdn.npmmirror.com/packages/type-fest/4.41.0/type-fest-4.41.0.tgz 616ms (cache miss)
2260 http fetch GET 200 https://cdn.npmmirror.com/packages/lodash.isinteger/4.0.4/lodash.isinteger-4.0.4.tgz 600ms (cache miss)
2261 http fetch GET 200 https://cdn.npmmirror.com/packages/fs-extra/11.4.0/fs-extra-11.4.0.tgz 605ms (cache miss)
2262 http fetch GET 200 https://cdn.npmmirror.com/packages/prebuild-install/7.1.2/prebuild-install-7.1.2.tgz 605ms (cache miss)
2263 http fetch GET 200 https://cdn.npmmirror.com/packages/ecdsa-sig-formatter/1.0.11/ecdsa-sig-formatter-1.0.11.tgz 607ms (cache miss)
2264 http fetch GET 200 https://cdn.npmmirror.com/packages/lodash.isnumber/3.0.3/lodash.isnumber-3.0.3.tgz 610ms (cache miss)
2265 http fetch GET 200 https://cdn.npmmirror.com/packages/lodash.includes/4.3.0/lodash.includes-4.3.0.tgz 617ms (cache miss)
2266 http fetch GET 200 https://cdn.npmmirror.com/packages/lodash.isplainobject/4.0.6/lodash.isplainobject-4.0.6.tgz 617ms (cache miss)
2267 http fetch GET 200 https://cdn.npmmirror.com/packages/mime-db/1.52.0/mime-db-1.52.0.tgz 621ms (cache miss)
2268 http fetch GET 200 https://cdn.npmmirror.com/packages/lodash.isboolean/3.0.3/lodash.isboolean-3.0.3.tgz 620ms (cache miss)
2269 http fetch GET 200 https://cdn.npmmirror.com/packages/version-range/4.15.0/version-range-4.15.0.tgz 630ms (cache miss)
2270 http fetch GET 200 https://cdn.npmmirror.com/packages/textextensions/6.11.0/textextensions-6.11.0.tgz 639ms (cache miss)
2271 http fetch GET 200 https://cdn.npmmirror.com/packages/jws/4.0.1/jws-4.0.1.tgz 641ms (cache miss)
2272 http fetch GET 200 https://cdn.npmmirror.com/packages/argparse/2.0.1/argparse-2.0.1.tgz 659ms (cache miss)
2273 http fetch GET 200 https://cdn.npmmirror.com/packages/lru-cache/6.0.0/lru-cache-6.0.0.tgz 659ms (cache miss)
2274 http fetch GET 200 https://cdn.npmmirror.com/packages/safer-buffer/2.1.2/safer-buffer-2.1.2.tgz 670ms (cache miss)
2275 http fetch GET 200 https://cdn.npmmirror.com/packages/node-addon-api/4.3.0/node-addon-api-4.3.0.tgz 674ms (cache miss)
2276 http fetch GET 200 https://cdn.npmmirror.com/packages/lodash.once/4.1.1/lodash.once-4.1.1.tgz 677ms (cache miss)
2277 http fetch GET 200 https://cdn.npmmirror.com/packages/binaryextensions/6.11.0/binaryextensions-6.11.0.tgz 684ms (cache miss)
2278 http fetch GET 200 https://cdn.npmmirror.com/packages/get-proto/1.0.1/get-proto-1.0.1.tgz 686ms (cache miss)
2279 http fetch GET 200 https://cdn.npmmirror.com/packages/editions/6.22.0/editions-6.22.0.tgz 691ms (cache miss)
2280 http fetch GET 200 https://cdn.npmmirror.com/packages/function-bind/1.1.2/function-bind-1.1.2.tgz 691ms (cache miss)
2281 http fetch GET 200 https://cdn.npmmirror.com/packages/dunder-proto/1.0.1/dunder-proto-1.0.1.tgz 693ms (cache miss)
2282 http fetch GET 200 https://cdn.npmmirror.com/packages/es-object-atoms/1.1.2/es-object-atoms-1.1.2.tgz 693ms (cache miss)
2283 http fetch GET 200 https://cdn.npmmirror.com/packages/gopd/1.2.0/gopd-1.2.0.tgz 697ms (cache miss)
2284 http fetch GET 200 https://cdn.npmmirror.com/packages/es-define-property/1.0.1/es-define-property-1.0.1.tgz 704ms (cache miss)
2285 http fetch GET 200 https://cdn.npmmirror.com/packages/has-symbols/1.1.0/has-symbols-1.1.0.tgz 710ms (cache miss)
2286 http fetch GET 200 https://cdn.npmmirror.com/packages/call-bind-apply-helpers/1.0.2/call-bind-apply-helpers-1.0.2.tgz 710ms (cache miss)
2287 http fetch GET 200 https://cdn.npmmirror.com/packages/minipass/7.1.3/minipass-7.1.3.tgz 717ms (cache miss)
2288 http fetch GET 200 https://cdn.npmmirror.com/packages/mime-types/2.1.35/mime-types-2.1.35.tgz 718ms (cache miss)
2289 http fetch GET 200 https://cdn.npmmirror.com/packages/math-intrinsics/1.1.0/math-intrinsics-1.1.0.tgz 729ms (cache miss)
2290 http fetch GET 200 https://cdn.npmmirror.com/packages/agent-base/7.1.4/agent-base-7.1.4.tgz 730ms (cache miss)
2291 http fetch GET 200 https://cdn.npmmirror.com/packages/es-set-tostringtag/2.1.0/es-set-tostringtag-2.1.0.tgz 729ms (cache miss)
2292 http fetch GET 200 https://cdn.npmmirror.com/packages/es-errors/1.3.0/es-errors-1.3.0.tgz 735ms (cache miss)
2293 http fetch GET 200 https://cdn.npmmirror.com/packages/combined-stream/1.0.8/combined-stream-1.0.8.tgz 737ms (cache miss)
2294 http fetch GET 200 https://cdn.npmmirror.com/packages/path-scurry/2.0.2/path-scurry-2.0.2.tgz 740ms (cache miss)
2295 http fetch GET 200 https://cdn.npmmirror.com/packages/asynckit/0.4.0/asynckit-0.4.0.tgz 740ms (cache miss)
2296 http fetch GET 200 https://cdn.npmmirror.com/packages/hasown/2.0.4/hasown-2.0.4.tgz 752ms (cache miss)
2297 http fetch GET 200 https://cdn.npmmirror.com/packages/nth-check/2.1.1/nth-check-2.1.1.tgz 756ms (cache miss)
2298 http fetch GET 200 https://cdn.npmmirror.com/packages/whatwg-encoding/3.1.1/whatwg-encoding-3.1.1.tgz 771ms (cache miss)
2299 http fetch GET 200 https://cdn.npmmirror.com/packages/has-tostringtag/1.0.2/has-tostringtag-1.0.2.tgz 775ms (cache miss)
2300 warn deprecated whatwg-encoding@3.1.1: Use @exodus/bytes instead for a more spec-conformant and faster implementation
2301 http fetch GET 200 https://cdn.npmmirror.com/packages/domelementtype/2.3.0/domelementtype-2.3.0.tgz 778ms (cache miss)
2302 http fetch GET 200 https://cdn.npmmirror.com/packages/delayed-stream/1.0.0/delayed-stream-1.0.0.tgz 781ms (cache miss)
2303 http fetch GET 200 https://cdn.npmmirror.com/packages/color-name/1.1.4/color-name-1.1.4.tgz 784ms (cache miss)
2304 http fetch GET 200 https://cdn.npmmirror.com/packages/get-intrinsic/1.3.0/get-intrinsic-1.3.0.tgz 791ms (cache miss)
2305 http fetch GET 200 https://cdn.npmmirror.com/packages/ms/2.1.3/ms-2.1.3.tgz 793ms (cache miss)
2306 http fetch GET 200 https://cdn.npmmirror.com/packages/whatwg-mimetype/4.0.0/whatwg-mimetype-4.0.0.tgz 804ms (cache miss)
2307 http fetch GET 200 https://cdn.npmmirror.com/packages/parse5-parser-stream/7.1.2/parse5-parser-stream-7.1.2.tgz 808ms (cache miss)
2308 http fetch GET 200 https://cdn.npmmirror.com/packages/iconv-lite/0.6.3/iconv-lite-0.6.3.tgz 814ms (cache miss)
2309 http fetch GET 200 https://cdn.npmmirror.com/packages/dom-serializer/2.0.0/dom-serializer-2.0.0.tgz 832ms (cache miss)
2310 http fetch GET 200 https://cdn.npmmirror.com/packages/css-what/6.2.2/css-what-6.2.2.tgz 846ms (cache miss)
2311 http fetch GET 200 https://cdn.npmmirror.com/packages/color-convert/2.0.1/color-convert-2.0.1.tgz 847ms (cache miss)
2312 http fetch GET 200 https://cdn.npmmirror.com/packages/ansi-styles/4.3.0/ansi-styles-4.3.0.tgz 847ms (cache miss)
2313 http fetch GET 200 https://cdn.npmmirror.com/packages/supports-color/7.2.0/supports-color-7.2.0.tgz 848ms (cache miss)
2314 http fetch GET 200 https://cdn.npmmirror.com/packages/boolbase/1.0.0/boolbase-1.0.0.tgz 852ms (cache miss)
2315 http fetch GET 200 https://cdn.npmmirror.com/packages/domhandler/5.0.3/domhandler-5.0.3.tgz 861ms (cache miss)
2316 http fetch GET 200 https://cdn.npmmirror.com/packages/parse5-htmlparser2-tree-adapter/7.1.0/parse5-htmlparser2-tree-adapter-7.1.0.tgz 882ms (cache miss)
2317 http fetch GET 200 https://cdn.npmmirror.com/packages/cheerio-select/2.1.0/cheerio-select-2.1.0.tgz 882ms (cache miss)
2318 http fetch GET 200 https://cdn.npmmirror.com/packages/json-schema-traverse/1.0.0/json-schema-traverse-1.0.0.tgz 884ms (cache miss)
2319 http fetch GET 200 https://cdn.npmmirror.com/packages/fast-deep-equal/3.1.3/fast-deep-equal-3.1.3.tgz 888ms (cache miss)
2320 http fetch GET 200 https://cdn.npmmirror.com/packages/require-from-string/2.0.2/require-from-string-2.0.2.tgz 897ms (cache miss)
2321 http fetch GET 200 https://cdn.npmmirror.com/packages/http-proxy-agent/7.0.2/http-proxy-agent-7.0.2.tgz 913ms (cache miss)
2322 http fetch GET 200 https://cdn.npmmirror.com/packages/%40textlint/resolver/15.8.0/resolver-15.8.0.tgz 914ms (cache miss)
2323 http fetch GET 200 https://cdn.npmmirror.com/packages/tunnel/0.0.6/tunnel-0.0.6.tgz 922ms (cache miss)
2324 http fetch GET 200 https://cdn.npmmirror.com/packages/%40azu/style-format/1.0.1/style-format-1.0.1.tgz 926ms (cache miss)
2325 http fetch GET 200 https://cdn.npmmirror.com/packages/string-width/4.2.3/string-width-4.2.3.tgz 930ms (cache miss)
2326 http fetch GET 200 https://cdn.npmmirror.com/packages/https-proxy-agent/7.0.6/https-proxy-agent-7.0.6.tgz 932ms (cache miss)
2327 http fetch GET 200 https://cdn.npmmirror.com/packages/%40azu/format-text/1.0.2/format-text-1.0.2.tgz 940ms (cache miss)
2328 http fetch GET 200 https://cdn.npmmirror.com/packages/text-table/0.2.0/text-table-0.2.0.tgz 950ms (cache miss)
2329 http fetch GET 200 https://cdn.npmmirror.com/packages/terminal-link/4.0.0/terminal-link-4.0.0.tgz 962ms (cache miss)
2330 http fetch GET 200 https://cdn.npmmirror.com/packages/strip-ansi/7.2.0/strip-ansi-7.2.0.tgz 963ms (cache miss)
2331 http fetch GET 200 https://cdn.npmmirror.com/packages/%40textlint/module-interop/15.8.0/module-interop-15.8.0.tgz 966ms (cache miss)
2332 http fetch GET 200 https://cdn.npmmirror.com/packages/%40textlint/types/15.8.0/types-15.8.0.tgz 967ms (cache miss)
2333 http fetch GET 200 https://cdn.npmmirror.com/packages/pluralize/8.0.0/pluralize-8.0.0.tgz 970ms (cache miss)
2334 http fetch GET 200 https://cdn.npmmirror.com/packages/%40secretlint/resolver/10.2.2/resolver-10.2.2.tgz 973ms (cache miss)
2335 http fetch GET 200 https://cdn.npmmirror.com/packages/htmlparser2/10.1.0/htmlparser2-10.1.0.tgz 983ms (cache miss)
2336 http fetch GET 200 https://cdn.npmmirror.com/packages/structured-source/4.0.0/structured-source-4.0.0.tgz 987ms (cache miss)
2337 http fetch GET 200 https://cdn.npmmirror.com/packages/rc-config-loader/4.1.4/rc-config-loader-4.1.4.tgz 995ms (cache miss)
2338 http fetch GET 200 https://cdn.npmmirror.com/packages/%40textlint/ast-node-types/15.8.0/ast-node-types-15.8.0.tgz 1013ms (cache miss)
2339 http fetch GET 200 https://cdn.npmmirror.com/packages/%40secretlint/source-creator/10.2.2/source-creator-10.2.2.tgz 1011ms (cache miss)
2340 http fetch GET 200 https://cdn.npmmirror.com/packages/%40secretlint/types/10.2.2/types-10.2.2.tgz 1012ms (cache miss)
2341 http fetch GET 200 https://cdn.npmmirror.com/packages/jsonwebtoken/9.0.3/jsonwebtoken-9.0.3.tgz 1015ms (cache miss)
2342 http fetch GET 200 https://cdn.npmmirror.com/packages/debug/4.4.3/debug-4.4.3.tgz 1016ms (cache miss)
2343 http fetch GET 200 https://cdn.npmmirror.com/packages/p-map/7.0.6/p-map-7.0.6.tgz 1023ms (cache miss)
2344 http fetch GET 200 https://cdn.npmmirror.com/packages/%40secretlint/formatter/10.2.2/formatter-10.2.2.tgz 1025ms (cache miss)
2345 http fetch GET 200 https://cdn.npmmirror.com/packages/entities/4.5.0/entities-4.5.0.tgz 1038ms (cache miss)
2346 http fetch GET 200 https://cdn.npmmirror.com/packages/%40secretlint/profiler/10.2.2/profiler-10.2.2.tgz 1029ms (cache miss)
2347 http fetch GET 200 https://cdn.npmmirror.com/packages/istextorbinary/9.5.0/istextorbinary-9.5.0.tgz 1035ms (cache miss)
2348 http fetch GET 200 https://cdn.npmmirror.com/packages/fast-uri/3.1.5/fast-uri-3.1.5.tgz 1054ms (cache miss)
2349 http fetch GET 200 https://cdn.npmmirror.com/packages/open/10.2.0/open-10.2.0.tgz 1048ms (cache miss)
2350 http fetch GET 200 https://cdn.npmmirror.com/packages/%40azure/logger/1.4.0/logger-1.4.0.tgz 1057ms (cache miss)
2351 http fetch GET 200 https://cdn.npmmirror.com/packages/node-sarif-builder/3.4.0/node-sarif-builder-3.4.0.tgz 1066ms (cache miss)
2352 http fetch GET 200 https://cdn.npmmirror.com/packages/tslib/2.8.1/tslib-2.8.1.tgz 1078ms (cache miss)
2353 http fetch GET 200 https://cdn.npmmirror.com/packages/domutils/3.2.2/domutils-3.2.2.tgz 1105ms (cache miss)
2354 http fetch GET 200 https://cdn.npmmirror.com/packages/yauzl/3.4.0/yauzl-3.4.0.tgz 1099ms (cache miss)
2355 http fetch GET 200 https://cdn.npmmirror.com/packages/encoding-sniffer/0.2.1/encoding-sniffer-0.2.1.tgz 1110ms (cache miss)
2356 http fetch GET 200 https://cdn.npmmirror.com/packages/url-join/4.0.1/url-join-4.0.1.tgz 1102ms (cache miss)
2357 http fetch GET 200 https://cdn.npmmirror.com/packages/yazl/2.5.1/yazl-2.5.1.tgz 1112ms (cache miss)
2358 http fetch GET 200 https://cdn.npmmirror.com/packages/parse-semver/1.1.1/parse-semver-1.1.1.tgz 1112ms (cache miss)
2359 http fetch GET 200 https://cdn.npmmirror.com/packages/xml2js/0.5.0/xml2js-0.5.0.tgz 1113ms (cache miss)
2360 http fetch GET 200 https://cdn.npmmirror.com/packages/tmp/0.2.7/tmp-0.2.7.tgz 1121ms (cache miss)
2361 http fetch GET 200 https://cdn.npmmirror.com/packages/read/1.0.7/read-1.0.7.tgz 1124ms (cache miss)
2362 http fetch GET 200 https://cdn.npmmirror.com/packages/parse5/7.3.0/parse5-7.3.0.tgz 1137ms (cache miss)
2363 http fetch GET 200 https://cdn.npmmirror.com/packages/mime/1.6.0/mime-1.6.0.tgz 1169ms (cache miss)
2364 http fetch GET 200 https://cdn.npmmirror.com/packages/leven/3.1.0/leven-3.1.0.tgz 1171ms (cache miss)
2365 http fetch GET 200 https://cdn.npmmirror.com/packages/hosted-git-info/4.1.0/hosted-git-info-4.1.0.tgz 1175ms (cache miss)
2366 http fetch GET 200 https://cdn.npmmirror.com/packages/%40vscode/vsce-sign/2.0.9/vsce-sign-2.0.9.tgz 1183ms (cache miss)
2367 http fetch GET 200 https://cdn.npmmirror.com/packages/chalk/4.1.2/chalk-4.1.2.tgz 1192ms (cache miss)
2368 http fetch GET 200 https://cdn.npmmirror.com/packages/form-data/4.0.6/form-data-4.0.6.tgz 1214ms (cache miss)
2369 http fetch GET 200 https://cdn.npmmirror.com/packages/keytar/7.9.0/keytar-7.9.0.tgz 1227ms (cache miss)
2370 http fetch GET 200 https://cdn.npmmirror.com/packages/js-yaml/4.3.1/js-yaml-4.3.1.tgz 1248ms (cache miss)
2371 http fetch GET 200 https://cdn.npmmirror.com/packages/ansi-regex/5.0.1/ansi-regex-5.0.1.tgz 1267ms (cache miss)
2372 http fetch GET 200 https://cdn.npmmirror.com/packages/%40secretlint/node/10.2.2/node-10.2.2.tgz 1269ms (cache miss)
2373 http fetch GET 200 https://cdn.npmmirror.com/packages/%40secretlint/secretlint-rule-no-dotenv/10.2.2/secretlint-rule-no-dotenv-10.2.2.tgz 1271ms (cache miss)
2374 http fetch GET 200 https://cdn.npmmirror.com/packages/unicorn-magic/0.1.0/unicorn-magic-0.1.0.tgz 1274ms (cache miss)
2375 http fetch GET 200 https://cdn.npmmirror.com/packages/commander/12.1.0/commander-12.1.0.tgz 1278ms (cache miss)
2376 http fetch GET 200 https://cdn.npmmirror.com/packages/strip-ansi/6.0.1/strip-ansi-6.0.1.tgz 1279ms (cache miss)
2377 http fetch GET 200 https://cdn.npmmirror.com/packages/hosted-git-info/7.0.2/hosted-git-info-7.0.2.tgz 1289ms (cache miss)
2378 http fetch GET 200 https://cdn.npmmirror.com/packages/%40secretlint/secretlint-formatter-sarif/10.2.2/secretlint-formatter-sarif-10.2.2.tgz 1295ms (cache miss)
2379 http fetch GET 200 https://cdn.npmmirror.com/packages/%40secretlint/config-loader/10.2.2/config-loader-10.2.2.tgz 1306ms (cache miss)
2380 http fetch GET 200 https://cdn.npmmirror.com/packages/ansi-regex/5.0.1/ansi-regex-5.0.1.tgz 1297ms (cache miss)
2381 http fetch GET 200 https://cdn.npmmirror.com/packages/strip-ansi/6.0.1/strip-ansi-6.0.1.tgz 1300ms (cache miss)
2382 http fetch GET 200 https://cdn.npmmirror.com/packages/pluralize/2.0.0/pluralize-2.0.0.tgz 1302ms (cache miss)
2383 http cache https://cdn.npmmirror.com/packages/ansi-regex/5.0.1/ansi-regex-5.0.1.tgz 1304ms (cache hit)
2384 http fetch GET 200 https://cdn.npmmirror.com/packages/secretlint/10.2.2/secretlint-10.2.2.tgz 1310ms (cache miss)
2385 http fetch GET 200 https://cdn.npmmirror.com/packages/semver/5.7.2/semver-5.7.2.tgz 1306ms (cache miss)
2386 http cache https://cdn.npmmirror.com/packages/strip-ansi/6.0.1/strip-ansi-6.0.1.tgz 1304ms (cache hit)
2387 http fetch GET 200 https://cdn.npmmirror.com/packages/typed-rest-client/1.8.11/typed-rest-client-1.8.11.tgz 1347ms (cache miss)
2388 http fetch GET 200 https://cdn.npmmirror.com/packages/jsonc-parser/3.3.1/jsonc-parser-3.3.1.tgz 1348ms (cache miss)
2389 http fetch GET 200 https://cdn.npmmirror.com/packages/chalk/5.6.2/chalk-5.6.2.tgz 1366ms (cache miss)
2390 http fetch GET 200 https://cdn.npmmirror.com/packages/%40vscode/vsce/3.9.2/vsce-3.9.2.tgz 1398ms (cache miss)
2391 http fetch GET 200 https://cdn.npmmirror.com/packages/lru-cache/10.4.3/lru-cache-10.4.3.tgz 1425ms (cache miss)
2392 http fetch GET 200 https://cdn.npmmirror.com/packages/%40vscode/vsce-sign-win32-x64/2.0.6/vsce-sign-win32-x64-2.0.6.tgz 1446ms (cache miss)
2393 http fetch GET 200 https://cdn.npmmirror.com/packages/semver/7.8.5/semver-7.8.5.tgz 1459ms (cache miss)
2394 http fetch GET 200 https://cdn.npmmirror.com/packages/underscore/1.13.8/underscore-1.13.8.tgz 1514ms (cache miss)
2395 http fetch GET 200 https://cdn.npmmirror.com/packages/%40secretlint/secretlint-rule-preset-recommend/10.2.2/secretlint-rule-preset-recommend-10.2.2.tgz 1476ms (cache miss)
2396 http fetch GET 200 https://cdn.npmmirror.com/packages/css-select/5.2.2/css-select-5.2.2.tgz 1496ms (cache miss)
2397 http fetch GET 200 https://cdn.npmmirror.com/packages/%40azure/abort-controller/2.2.0/abort-controller-2.2.0.tgz 1496ms (cache miss)
2398 http fetch GET 200 https://cdn.npmmirror.com/packages/minimatch/10.2.6/minimatch-10.2.6.tgz 1540ms (cache miss)
2399 http fetch GET 200 https://cdn.npmmirror.com/packages/%40textlint/linter-formatter/15.8.0/linter-formatter-15.8.0.tgz 1552ms (cache miss)
2400 http fetch GET 200 https://cdn.npmmirror.com/packages/%40azure/core-util/1.14.0/core-util-1.14.0.tgz 1606ms (cache miss)
2401 http fetch GET 200 https://cdn.npmmirror.com/packages/%40secretlint/core/10.2.2/core-10.2.2.tgz 1612ms (cache miss)
2402 http fetch GET 200 https://cdn.npmmirror.com/packages/%40azure/core-tracing/1.4.0/core-tracing-1.4.0.tgz 1628ms (cache miss)
2403 http fetch GET 200 https://cdn.npmmirror.com/packages/markdown-it/14.3.0/markdown-it-14.3.0.tgz 1626ms (cache miss)
2404 http fetch GET 200 https://cdn.npmmirror.com/packages/glob/13.0.6/glob-13.0.6.tgz 1649ms (cache miss)
2405 http fetch GET 200 https://cdn.npmmirror.com/packages/%40azure/core-auth/1.11.0/core-auth-1.11.0.tgz 1663ms (cache miss)
2406 http fetch GET 200 https://cdn.npmmirror.com/packages/table/6.9.0/table-6.9.0.tgz 1679ms (cache miss)
2407 http fetch GET 200 https://cdn.npmmirror.com/packages/entities/6.0.1/entities-6.0.1.tgz 1714ms (cache miss)
2408 http fetch GET 200 https://cdn.npmmirror.com/packages/entities/7.0.1/entities-7.0.1.tgz 1793ms (cache miss)
2409 http fetch GET 200 https://cdn.npmmirror.com/packages/lru-cache/11.5.2/lru-cache-11.5.2.tgz 1816ms (cache miss)
2410 http fetch GET 200 https://cdn.npmmirror.com/packages/azure-devops-node-api/12.5.0/azure-devops-node-api-12.5.0.tgz 1864ms (cache miss)
2411 http fetch GET 200 https://cdn.npmmirror.com/packages/undici/7.29.0/undici-7.29.0.tgz 1976ms (cache miss)
2412 http fetch GET 200 https://cdn.npmmirror.com/packages/cockatiel/3.2.1/cockatiel-3.2.1.tgz 1965ms (cache miss)
2413 http fetch GET 200 https://cdn.npmmirror.com/packages/%40azure/core-client/1.11.0/core-client-1.11.0.tgz 2023ms (cache miss)
2414 http fetch GET 200 https://cdn.npmmirror.com/packages/cheerio/1.2.0/cheerio-1.2.0.tgz 2085ms (cache miss)
2415 http fetch GET 200 https://cdn.npmmirror.com/packages/%40azure/msal-node/5.5.0/msal-node-5.5.0.tgz 2259ms (cache miss)
2416 http fetch GET 200 https://cdn.npmmirror.com/packages/%40azure/core-rest-pipeline/1.25.0/core-rest-pipeline-1.25.0.tgz 2439ms (cache miss)
2417 http fetch GET 200 https://cdn.npmmirror.com/packages/ajv/8.20.0/ajv-8.20.0.tgz 2455ms (cache miss)
2418 http fetch GET 200 https://cdn.npmmirror.com/packages/lodash/4.18.1/lodash-4.18.1.tgz 2590ms (cache miss)
2419 http fetch GET 200 https://cdn.npmmirror.com/packages/%40azure/msal-common/16.12.0/msal-common-16.12.0.tgz 2608ms (cache miss)
2420 http fetch GET 200 https://cdn.npmmirror.com/packages/%40typespec/ts-http-runtime/0.3.8/ts-http-runtime-0.3.8.tgz 2958ms (cache miss)
2421 http fetch GET 200 https://cdn.npmmirror.com/packages/%40azure/msal-browser/5.18.0/msal-browser-5.18.0.tgz 3294ms (cache miss)
2422 http fetch GET 200 https://cdn.npmmirror.com/packages/%40azure/identity/4.13.1/identity-4.13.1.tgz 3301ms (cache miss)
2423 info run keytar@7.9.0 install node_modules/keytar prebuild-install || npm run build
2424 info run keytar@7.9.0 install { code: 'EPERM', signal: undefined }
2425 verbose reify failed optional dependency D:\Developments\ext\DSH for VSC\.npm-cache\_npx\66fbc91407e86cd3\node_modules\keytar
2426 silly reify mark deleted [
2426 silly reify   'D:\\Developments\\ext\\DSH for VSC\\.npm-cache\\_npx\\66fbc91407e86cd3\\node_modules\\keytar'
2426 silly reify ]
2427 verbose reify failed optional dependency D:\Developments\ext\DSH for VSC\.npm-cache\_npx\66fbc91407e86cd3\node_modules\node-addon-api
2428 silly reify mark deleted [
2428 silly reify   'D:\\Developments\\ext\\DSH for VSC\\.npm-cache\\_npx\\66fbc91407e86cd3\\node_modules\\node-addon-api'
2428 silly reify ]
2429 verbose reify failed optional dependency D:\Developments\ext\DSH for VSC\.npm-cache\_npx\66fbc91407e86cd3\node_modules\prebuild-install
2430 silly reify mark deleted [
2430 silly reify   'D:\\Developments\\ext\\DSH for VSC\\.npm-cache\\_npx\\66fbc91407e86cd3\\node_modules\\prebuild-install',
2430 silly reify   'D:\\Developments\\ext\\DSH for VSC\\.npm-cache\\_npx\\66fbc91407e86cd3\\node_modules\\.bin\\prebuild-install',
2430 silly reify   'D:\\Developments\\ext\\DSH for VSC\\.npm-cache\\_npx\\66fbc91407e86cd3\\node_modules\\.bin\\prebuild-install.cmd',
2430 silly reify   'D:\\Developments\\ext\\DSH for VSC\\.npm-cache\\_npx\\66fbc91407e86cd3\\node_modules\\.bin\\prebuild-install.ps1'
2430 silly reify ]
2431 verbose reify failed optional dependency D:\Developments\ext\DSH for VSC\.npm-cache\_npx\66fbc91407e86cd3\node_modules\detect-libc
2432 silly reify mark deleted [
2432 silly reify   'D:\\Developments\\ext\\DSH for VSC\\.npm-cache\\_npx\\66fbc91407e86cd3\\node_modules\\detect-libc'
2432 silly reify ]
2433 verbose reify failed optional dependency D:\Developments\ext\DSH for VSC\.npm-cache\_npx\66fbc91407e86cd3\node_modules\expand-template
2434 silly reify mark deleted [
2434 silly reify   'D:\\Developments\\ext\\DSH for VSC\\.npm-cache\\_npx\\66fbc91407e86cd3\\node_modules\\expand-template'
2434 silly reify ]
2435 verbose reify failed optional dependency D:\Developments\ext\DSH for VSC\.npm-cache\_npx\66fbc91407e86cd3\node_modules\github-from-package
2436 silly reify mark deleted [
2436 silly reify   'D:\\Developments\\ext\\DSH for VSC\\.npm-cache\\_npx\\66fbc91407e86cd3\\node_modules\\github-from-package'
2436 silly reify ]
2437 verbose reify failed optional dependency D:\Developments\ext\DSH for VSC\.npm-cache\_npx\66fbc91407e86cd3\node_modules\minimist
2438 silly reify mark deleted [
2438 silly reify   'D:\\Developments\\ext\\DSH for VSC\\.npm-cache\\_npx\\66fbc91407e86cd3\\node_modules\\minimist'
2438 silly reify ]
2439 verbose reify failed optional dependency D:\Developments\ext\DSH for VSC\.npm-cache\_npx\66fbc91407e86cd3\node_modules\mkdirp-classic
2440 silly reify mark deleted [
2440 silly reify   'D:\\Developments\\ext\\DSH for VSC\\.npm-cache\\_npx\\66fbc91407e86cd3\\node_modules\\mkdirp-classic'
2440 silly reify ]
2441 verbose reify failed optional dependency D:\Developments\ext\DSH for VSC\.npm-cache\_npx\66fbc91407e86cd3\node_modules\napi-build-utils
2442 silly reify mark deleted [
2442 silly reify   'D:\\Developments\\ext\\DSH for VSC\\.npm-cache\\_npx\\66fbc91407e86cd3\\node_modules\\napi-build-utils'
2442 silly reify ]
2443 verbose reify failed optional dependency D:\Developments\ext\DSH for VSC\.npm-cache\_npx\66fbc91407e86cd3\node_modules\node-abi
2444 silly reify mark deleted [
2444 silly reify   'D:\\Developments\\ext\\DSH for VSC\\.npm-cache\\_npx\\66fbc91407e86cd3\\node_modules\\node-abi'
2444 silly reify ]
2445 verbose reify failed optional dependency D:\Developments\ext\DSH for VSC\.npm-cache\_npx\66fbc91407e86cd3\node_modules\pump
2446 silly reify mark deleted [
2446 silly reify   'D:\\Developments\\ext\\DSH for VSC\\.npm-cache\\_npx\\66fbc91407e86cd3\\node_modules\\pump'
2446 silly reify ]
2447 verbose reify failed optional dependency D:\Developments\ext\DSH for VSC\.npm-cache\_npx\66fbc91407e86cd3\node_modules\rc
2448 silly reify mark deleted [
2448 silly reify   'D:\\Developments\\ext\\DSH for VSC\\.npm-cache\\_npx\\66fbc91407e86cd3\\node_modules\\rc',
2448 silly reify   'D:\\Developments\\ext\\DSH for VSC\\.npm-cache\\_npx\\66fbc91407e86cd3\\node_modules\\.bin\\rc',
2448 silly reify   'D:\\Developments\\ext\\DSH for VSC\\.npm-cache\\_npx\\66fbc91407e86cd3\\node_modules\\.bin\\rc.cmd',
2448 silly reify   'D:\\Developments\\ext\\DSH for VSC\\.npm-cache\\_npx\\66fbc91407e86cd3\\node_modules\\.bin\\rc.ps1'
2448 silly reify ]
2449 verbose reify failed optional dependency D:\Developments\ext\DSH for VSC\.npm-cache\_npx\66fbc91407e86cd3\node_modules\simple-get
2450 silly reify mark deleted [
2450 silly reify   'D:\\Developments\\ext\\DSH for VSC\\.npm-cache\\_npx\\66fbc91407e86cd3\\node_modules\\simple-get'
2450 silly reify ]
2451 verbose reify failed optional dependency D:\Developments\ext\DSH for VSC\.npm-cache\_npx\66fbc91407e86cd3\node_modules\tar-fs
2452 silly reify mark deleted [
2452 silly reify   'D:\\Developments\\ext\\DSH for VSC\\.npm-cache\\_npx\\66fbc91407e86cd3\\node_modules\\tar-fs'
2452 silly reify ]
2453 verbose reify failed optional dependency D:\Developments\ext\DSH for VSC\.npm-cache\_npx\66fbc91407e86cd3\node_modules\tunnel-agent
2454 silly reify mark deleted [
2454 silly reify   'D:\\Developments\\ext\\DSH for VSC\\.npm-cache\\_npx\\66fbc91407e86cd3\\node_modules\\tunnel-agent'
2454 silly reify ]
2455 verbose reify failed optional dependency D:\Developments\ext\DSH for VSC\.npm-cache\_npx\66fbc91407e86cd3\node_modules\end-of-stream
2456 silly reify mark deleted [
2456 silly reify   'D:\\Developments\\ext\\DSH for VSC\\.npm-cache\\_npx\\66fbc91407e86cd3\\node_modules\\end-of-stream'
2456 silly reify ]
2457 verbose reify failed optional dependency D:\Developments\ext\DSH for VSC\.npm-cache\_npx\66fbc91407e86cd3\node_modules\once
2458 silly reify mark deleted [
2458 silly reify   'D:\\Developments\\ext\\DSH for VSC\\.npm-cache\\_npx\\66fbc91407e86cd3\\node_modules\\once'
2458 silly reify ]
2459 verbose reify failed optional dependency D:\Developments\ext\DSH for VSC\.npm-cache\_npx\66fbc91407e86cd3\node_modules\deep-extend
2460 silly reify mark deleted [
2460 silly reify   'D:\\Developments\\ext\\DSH for VSC\\.npm-cache\\_npx\\66fbc91407e86cd3\\node_modules\\deep-extend'
2460 silly reify ]
2461 verbose reify failed optional dependency D:\Developments\ext\DSH for VSC\.npm-cache\_npx\66fbc91407e86cd3\node_modules\ini
2462 silly reify mark deleted [
2462 silly reify   'D:\\Developments\\ext\\DSH for VSC\\.npm-cache\\_npx\\66fbc91407e86cd3\\node_modules\\ini'
2462 silly reify ]
2463 verbose reify failed optional dependency D:\Developments\ext\DSH for VSC\.npm-cache\_npx\66fbc91407e86cd3\node_modules\strip-json-comments
2464 silly reify mark deleted [
2464 silly reify   'D:\\Developments\\ext\\DSH for VSC\\.npm-cache\\_npx\\66fbc91407e86cd3\\node_modules\\strip-json-comments'
2464 silly reify ]
2465 verbose reify failed optional dependency D:\Developments\ext\DSH for VSC\.npm-cache\_npx\66fbc91407e86cd3\node_modules\decompress-response
2466 silly reify mark deleted [
2466 silly reify   'D:\\Developments\\ext\\DSH for VSC\\.npm-cache\\_npx\\66fbc91407e86cd3\\node_modules\\decompress-response'
2466 silly reify ]
2467 verbose reify failed optional dependency D:\Developments\ext\DSH for VSC\.npm-cache\_npx\66fbc91407e86cd3\node_modules\simple-concat
2468 silly reify mark deleted [
2468 silly reify   'D:\\Developments\\ext\\DSH for VSC\\.npm-cache\\_npx\\66fbc91407e86cd3\\node_modules\\simple-concat'
2468 silly reify ]
2469 verbose reify failed optional dependency D:\Developments\ext\DSH for VSC\.npm-cache\_npx\66fbc91407e86cd3\node_modules\chownr
2470 silly reify mark deleted [
2470 silly reify   'D:\\Developments\\ext\\DSH for VSC\\.npm-cache\\_npx\\66fbc91407e86cd3\\node_modules\\chownr'
2470 silly reify ]
2471 verbose reify failed optional dependency D:\Developments\ext\DSH for VSC\.npm-cache\_npx\66fbc91407e86cd3\node_modules\tar-stream
2472 silly reify mark deleted [
2472 silly reify   'D:\\Developments\\ext\\DSH for VSC\\.npm-cache\\_npx\\66fbc91407e86cd3\\node_modules\\tar-stream'
2472 silly reify ]
2473 verbose reify failed optional dependency D:\Developments\ext\DSH for VSC\.npm-cache\_npx\66fbc91407e86cd3\node_modules\wrappy
2474 silly reify mark deleted [
2474 silly reify   'D:\\Developments\\ext\\DSH for VSC\\.npm-cache\\_npx\\66fbc91407e86cd3\\node_modules\\wrappy'
2474 silly reify ]
2475 verbose reify failed optional dependency D:\Developments\ext\DSH for VSC\.npm-cache\_npx\66fbc91407e86cd3\node_modules\mimic-response
2476 silly reify mark deleted [
2476 silly reify   'D:\\Developments\\ext\\DSH for VSC\\.npm-cache\\_npx\\66fbc91407e86cd3\\node_modules\\mimic-response'
2476 silly reify ]
2477 verbose reify failed optional dependency D:\Developments\ext\DSH for VSC\.npm-cache\_npx\66fbc91407e86cd3\node_modules\bl
2478 silly reify mark deleted [
2478 silly reify   'D:\\Developments\\ext\\DSH for VSC\\.npm-cache\\_npx\\66fbc91407e86cd3\\node_modules\\bl'
2478 silly reify ]
2479 verbose reify failed optional dependency D:\Developments\ext\DSH for VSC\.npm-cache\_npx\66fbc91407e86cd3\node_modules\fs-constants
2480 silly reify mark deleted [
2480 silly reify   'D:\\Developments\\ext\\DSH for VSC\\.npm-cache\\_npx\\66fbc91407e86cd3\\node_modules\\fs-constants'
2480 silly reify ]
2481 verbose reify failed optional dependency D:\Developments\ext\DSH for VSC\.npm-cache\_npx\66fbc91407e86cd3\node_modules\inherits
2482 silly reify mark deleted [
2482 silly reify   'D:\\Developments\\ext\\DSH for VSC\\.npm-cache\\_npx\\66fbc91407e86cd3\\node_modules\\inherits'
2482 silly reify ]
2483 verbose reify failed optional dependency D:\Developments\ext\DSH for VSC\.npm-cache\_npx\66fbc91407e86cd3\node_modules\readable-stream
2484 silly reify mark deleted [
2484 silly reify   'D:\\Developments\\ext\\DSH for VSC\\.npm-cache\\_npx\\66fbc91407e86cd3\\node_modules\\readable-stream'
2484 silly reify ]
2485 verbose reify failed optional dependency D:\Developments\ext\DSH for VSC\.npm-cache\_npx\66fbc91407e86cd3\node_modules\buffer
2486 silly reify mark deleted [
2486 silly reify   'D:\\Developments\\ext\\DSH for VSC\\.npm-cache\\_npx\\66fbc91407e86cd3\\node_modules\\buffer'
2486 silly reify ]
2487 verbose reify failed optional dependency D:\Developments\ext\DSH for VSC\.npm-cache\_npx\66fbc91407e86cd3\node_modules\string_decoder
2488 silly reify mark deleted [
2488 silly reify   'D:\\Developments\\ext\\DSH for VSC\\.npm-cache\\_npx\\66fbc91407e86cd3\\node_modules\\string_decoder'
2488 silly reify ]
2489 verbose reify failed optional dependency D:\Developments\ext\DSH for VSC\.npm-cache\_npx\66fbc91407e86cd3\node_modules\util-deprecate
2490 silly reify mark deleted [
2490 silly reify   'D:\\Developments\\ext\\DSH for VSC\\.npm-cache\\_npx\\66fbc91407e86cd3\\node_modules\\util-deprecate'
2490 silly reify ]
2491 verbose reify failed optional dependency D:\Developments\ext\DSH for VSC\.npm-cache\_npx\66fbc91407e86cd3\node_modules\base64-js
2492 silly reify mark deleted [
2492 silly reify   'D:\\Developments\\ext\\DSH for VSC\\.npm-cache\\_npx\\66fbc91407e86cd3\\node_modules\\base64-js'
2492 silly reify ]
2493 verbose reify failed optional dependency D:\Developments\ext\DSH for VSC\.npm-cache\_npx\66fbc91407e86cd3\node_modules\ieee754
2494 silly reify mark deleted [
2494 silly reify   'D:\\Developments\\ext\\DSH for VSC\\.npm-cache\\_npx\\66fbc91407e86cd3\\node_modules\\ieee754'
2494 silly reify ]
2495 info run @vscode/vsce-sign@2.0.9 postinstall node_modules/@vscode/vsce-sign node ./src/postinstall.js
2496 info run @vscode/vsce-sign@2.0.9 postinstall { code: 'EPERM', signal: undefined }
2497 warn cleanup Failed to remove some directories [
2497 warn cleanup   [
2497 warn cleanup     '\\\\?\\D:\\Developments\\ext\\DSH for VSC\\.npm-cache\\_npx\\66fbc91407e86cd3\\node_modules\\@secretlint',
2497 warn cleanup     [Error: EPERM: operation not permitted, rmdir 'D:\Developments\ext\DSH for VSC\.npm-cache\_npx\66fbc91407e86cd3\node_modules\@secretlint'] {
2497 warn cleanup       errno: -4048,
2497 warn cleanup       code: 'EPERM',
2497 warn cleanup       syscall: 'rmdir',
2497 warn cleanup       path: 'D:\\Developments\\ext\\DSH for VSC\\.npm-cache\\_npx\\66fbc91407e86cd3\\node_modules\\@secretlint'
2497 warn cleanup     }
2497 warn cleanup   ],
2497 warn cleanup   [
2497 warn cleanup     '\\\\?\\D:\\Developments\\ext\\DSH for VSC\\.npm-cache\\_npx\\66fbc91407e86cd3\\node_modules\\@azure\\msal-browser',
2497 warn cleanup     [Error: EPERM: operation not permitted, rmdir 'D:\Developments\ext\DSH for VSC\.npm-cache\_npx\66fbc91407e86cd3\node_modules\@azure\msal-browser\dist\custom_auth'] {
2497 warn cleanup       errno: -4048,
2497 warn cleanup       code: 'EPERM',
2497 warn cleanup       syscall: 'rmdir',
2497 warn cleanup       path: 'D:\\Developments\\ext\\DSH for VSC\\.npm-cache\\_npx\\66fbc91407e86cd3\\node_modules\\@azure\\msal-browser\\dist\\custom_auth'
2497 warn cleanup     }
2497 warn cleanup   ],
2497 warn cleanup   [
2497 warn cleanup     '\\\\?\\D:\\Developments\\ext\\DSH for VSC\\.npm-cache\\_npx\\66fbc91407e86cd3\\node_modules',
2497 warn cleanup     [Error: EPERM: operation not permitted, rmdir 'D:\Developments\ext\DSH for VSC\.npm-cache\_npx\66fbc91407e86cd3\node_modules\@azure\msal-browser\src'] {
2497 warn cleanup       errno: -4048,
2497 warn cleanup       code: 'EPERM',
2497 warn cleanup       syscall: 'rmdir',
2497 warn cleanup       path: 'D:\\Developments\\ext\\DSH for VSC\\.npm-cache\\_npx\\66fbc91407e86cd3\\node_modules\\@azure\\msal-browser\\src'
2497 warn cleanup     }
2497 warn cleanup   ],
2497 warn cleanup   [
2497 warn cleanup     '\\\\?\\D:\\Developments\\ext\\DSH for VSC\\.npm-cache\\_npx\\66fbc91407e86cd3\\node_modules\\@azure',
2497 warn cleanup     [Error: EPERM: operation not permitted, rmdir 'D:\Developments\ext\DSH for VSC\.npm-cache\_npx\66fbc91407e86cd3\node_modules\@azure\msal-browser\src'] {
2497 warn cleanup       errno: -4048,
2497 warn cleanup       code: 'EPERM',
2497 warn cleanup       syscall: 'rmdir',
2497 warn cleanup       path: 'D:\\Developments\\ext\\DSH for VSC\\.npm-cache\\_npx\\66fbc91407e86cd3\\node_modules\\@azure\\msal-browser\\src'
2497 warn cleanup     }
2497 warn cleanup   ]
2497 warn cleanup ]
2498 verbose stack Error: spawn EPERM
2498 verbose stack     at ChildProcess.spawn (node:internal/child_process:457:11)
2498 verbose stack     at spawn (node:child_process:813:9)
2498 verbose stack     at promiseSpawn (D:\x64\nodejs\node_modules\npm\node_modules\@npmcli\promise-spawn\lib\index.js:39:16)
2498 verbose stack     at spawnWithShell (D:\x64\nodejs\node_modules\npm\node_modules\@npmcli\promise-spawn\lib\index.js:124:10)
2498 verbose stack     at promiseSpawn (D:\x64\nodejs\node_modules\npm\node_modules\@npmcli\promise-spawn\lib\index.js:12:12)
2498 verbose stack     at runScriptPkg (D:\x64\nodejs\node_modules\npm\node_modules\@npmcli\run-script\lib\run-script-pkg.js:79:13)
2498 verbose stack     at runScript (D:\x64\nodejs\node_modules\npm\node_modules\@npmcli\run-script\lib\run-script.js:9:12)
2498 verbose stack     at D:\x64\nodejs\node_modules\npm\node_modules\@npmcli\arborist\lib\arborist\rebuild.js:348:17
2498 verbose stack     at run (D:\x64\nodejs\node_modules\npm\node_modules\promise-call-limit\dist\commonjs\index.js:67:22)
2498 verbose stack     at D:\x64\nodejs\node_modules\npm\node_modules\promise-call-limit\dist\commonjs\index.js:84:9
2499 error code EPERM
2500 error syscall spawn
2501 error errno -4048
2502 error Error: spawn EPERM
2502 error     at ChildProcess.spawn (node:internal/child_process:457:11)
2502 error     at spawn (node:child_process:813:9)
2502 error     at promiseSpawn (D:\x64\nodejs\node_modules\npm\node_modules\@npmcli\promise-spawn\lib\index.js:39:16)
2502 error     at spawnWithShell (D:\x64\nodejs\node_modules\npm\node_modules\@npmcli\promise-spawn\lib\index.js:124:10)
2502 error     at promiseSpawn (D:\x64\nodejs\node_modules\npm\node_modules\@npmcli\promise-spawn\lib\index.js:12:12)
2502 error     at runScriptPkg (D:\x64\nodejs\node_modules\npm\node_modules\@npmcli\run-script\lib\run-script-pkg.js:79:13)
2502 error     at runScript (D:\x64\nodejs\node_modules\npm\node_modules\@npmcli\run-script\lib\run-script.js:9:12)
2502 error     at D:\x64\nodejs\node_modules\npm\node_modules\@npmcli\arborist\lib\arborist\rebuild.js:348:17
2502 error     at run (D:\x64\nodejs\node_modules\npm\node_modules\promise-call-limit\dist\commonjs\index.js:67:22)
2502 error     at D:\x64\nodejs\node_modules\npm\node_modules\promise-call-limit\dist\commonjs\index.js:84:9 {
2502 error   errno: -4048,
2502 error   code: 'EPERM',
2502 error   syscall: 'spawn'
2502 error }
2503 error
2503 error The operation was rejected by your operating system.
2503 error It's possible that the file was already in use (by a text editor or antivirus), or that you lack permissions to access it.
2503 error
2503 error If you believe this might be a permissions issue, please double-check the permissions of the file and its containing directories, or try running the command again as root/Administrator.
2504 silly unfinished npm timer reify 1786679646698
2505 silly unfinished npm timer reify:build 1786679653649
2506 silly unfinished npm timer build 1786679653650
2507 silly unfinished npm timer build:deps 1786679653650
2508 silly unfinished npm timer build:run:postinstall 1786679653677
2509 silly unfinished npm timer build:run:postinstall:node_modules/@vscode/vsce-sign 1786679653677
2510 verbose cwd D:\Developments\ext\DSH for VSC
2511 verbose os Windows_NT 10.0.26100
2512 verbose node v26.7.0
2513 verbose npm  v11.19.0
2514 verbose exit -4048
2515 verbose code -4048
2516 error A complete log of this run can be found in: D:\Developments\ext\DSH for VSC\.npm-cache\_logs\2026-08-14T03_54_06_291Z-debug-0.log
