0 verbose cli D:\x64\nodejs\node.exe D:\x64\nodejs\node_modules\npm\bin\npm-cli.js
1 info using npm@11.19.0
2 info using node@v26.7.0
3 silly config load:file:D:\x64\nodejs\node_modules\npm\npmrc
4 silly config load:file:D:\Developments\ext\DSH for VSC\.npmrc
5 silly config load:file:C:\Users\yaunt\.npmrc
6 silly config load:file:C:\Users\yaunt\AppData\Roaming\npm\etc\npmrc
7 verbose title npm install @vscode/vsce
8 verbose argv "install" "--save-dev" "@vscode/vsce" "--no-audit" "--no-fund" "--cache" "D:\\Developments\\ext\\DSH for VSC\\.npm-cache"
9 verbose logfile logs-max:10 dir:D:\Developments\ext\DSH for VSC\.npm-cache\_logs\2026-08-14T03_54_37_492Z-
10 verbose logfile D:\Developments\ext\DSH for VSC\.npm-cache\_logs\2026-08-14T03_54_37_492Z-debug-0.log
11 silly logfile done cleaning log files
12 silly packumentCache heap:4395630592 maxSize:1098907648 maxEntrySize:549453824
13 silly idealTree buildDeps
14 silly fetch manifest @vscode/vsce@*
15 silly packumentCache full:https://registry.npmmirror.com/@vscode%2fvsce cache-miss
16 http cache https://registry.npmmirror.com/@vscode%2fvsce 10ms (cache hit)
17 silly packumentCache full:https://registry.npmmirror.com/@vscode%2fvsce set size:707216 disposed:false
18 silly placeDep ROOT @vscode/vsce@3.9.2 OK for: dsh-for-vsc@0.1.0 want: *
19 silly fetch manifest @azure/identity@^4.1.0
20 silly packumentCache full:https://registry.npmmirror.com/@azure%2fidentity cache-miss
21 silly fetch manifest @secretlint/node@^10.1.2
22 silly packumentCache full:https://registry.npmmirror.com/@secretlint%2fnode cache-miss
23 silly fetch manifest @secretlint/secretlint-formatter-sarif@^10.1.2
24 silly packumentCache full:https://registry.npmmirror.com/@secretlint%2fsecretlint-formatter-sarif cache-miss
25 silly fetch manifest @secretlint/secretlint-rule-no-dotenv@^10.1.2
26 silly packumentCache full:https://registry.npmmirror.com/@secretlint%2fsecretlint-rule-no-dotenv cache-miss
27 silly fetch manifest @secretlint/secretlint-rule-preset-recommend@^10.1.2
28 silly packumentCache full:https://registry.npmmirror.com/@secretlint%2fsecretlint-rule-preset-recommend cache-miss
29 silly fetch manifest @vscode/vsce-sign@^2.0.0
30 silly packumentCache full:https://registry.npmmirror.com/@vscode%2fvsce-sign cache-miss
31 silly fetch manifest azure-devops-node-api@^12.5.0
32 silly packumentCache full:https://registry.npmmirror.com/azure-devops-node-api cache-miss
33 silly fetch manifest chalk@^4.1.2
34 silly packumentCache full:https://registry.npmmirror.com/chalk cache-miss
35 silly fetch manifest cheerio@^1.0.0-rc.9
36 silly packumentCache full:https://registry.npmmirror.com/cheerio cache-miss
37 silly fetch manifest cockatiel@^3.1.2
38 silly packumentCache full:https://registry.npmmirror.com/cockatiel cache-miss
39 silly fetch manifest commander@^12.1.0
40 silly packumentCache full:https://registry.npmmirror.com/commander cache-miss
41 silly fetch manifest form-data@^4.0.0
42 silly packumentCache full:https://registry.npmmirror.com/form-data cache-miss
43 silly fetch manifest glob@^13.0.6
44 silly packumentCache full:https://registry.npmmirror.com/glob cache-miss
45 silly fetch manifest hosted-git-info@^4.0.2
46 silly packumentCache full:https://registry.npmmirror.com/hosted-git-info cache-miss
47 silly fetch manifest jsonc-parser@^3.2.0
48 silly packumentCache full:https://registry.npmmirror.com/jsonc-parser cache-miss
49 silly fetch manifest leven@^3.1.0
50 silly packumentCache full:https://registry.npmmirror.com/leven cache-miss
51 silly fetch manifest markdown-it@^14.1.0
52 silly packumentCache full:https://registry.npmmirror.com/markdown-it cache-miss
53 silly fetch manifest mime@^1.3.4
54 silly packumentCache full:https://registry.npmmirror.com/mime cache-miss
55 silly fetch manifest minimatch@^10.2.2
56 silly packumentCache full:https://registry.npmmirror.com/minimatch cache-miss
57 silly fetch manifest parse-semver@^1.1.1
58 silly packumentCache full:https://registry.npmmirror.com/parse-semver cache-miss
59 silly fetch manifest read@^1.0.7
60 silly packumentCache full:https://registry.npmmirror.com/read cache-miss
61 silly fetch manifest secretlint@^10.1.2
62 silly packumentCache full:https://registry.npmmirror.com/secretlint cache-miss
63 silly fetch manifest semver@^7.5.2
64 silly packumentCache full:https://registry.npmmirror.com/semver cache-miss
65 http cache https://registry.npmmirror.com/@secretlint%2fsecretlint-rule-preset-recommend 23ms (cache hit)
66 silly packumentCache full:https://registry.npmmirror.com/@secretlint%2fsecretlint-rule-preset-recommend set size:507544 disposed:false
67 silly fetch manifest tmp@^0.2.3
68 silly packumentCache full:https://registry.npmmirror.com/tmp cache-miss
69 http cache https://registry.npmmirror.com/@vscode%2fvsce-sign 26ms (cache hit)
70 silly packumentCache full:https://registry.npmmirror.com/@vscode%2fvsce-sign set size:28370 disposed:false
71 silly fetch manifest typed-rest-client@^1.8.4
72 silly packumentCache full:https://registry.npmmirror.com/typed-rest-client cache-miss
73 http cache https://registry.npmmirror.com/azure-devops-node-api 27ms (cache hit)
74 silly packumentCache full:https://registry.npmmirror.com/azure-devops-node-api set size:98512 disposed:false
75 silly fetch manifest url-join@^4.0.1
76 silly packumentCache full:https://registry.npmmirror.com/url-join cache-miss
77 http cache https://registry.npmmirror.com/@secretlint%2fsecretlint-formatter-sarif 28ms (cache hit)
78 silly packumentCache full:https://registry.npmmirror.com/@secretlint%2fsecretlint-formatter-sarif set size:277113 disposed:false
79 silly fetch manifest xml2js@^0.5.0
80 silly packumentCache full:https://registry.npmmirror.com/xml2js cache-miss
81 http cache https://registry.npmmirror.com/chalk 29ms (cache hit)
82 silly packumentCache full:https://registry.npmmirror.com/chalk set size:110176 disposed:false
83 silly fetch manifest yauzl@^3.2.1
84 silly packumentCache full:https://registry.npmmirror.com/yauzl cache-miss
85 http cache https://registry.npmmirror.com/@secretlint%2fnode 31ms (cache hit)
86 silly packumentCache full:https://registry.npmmirror.com/@secretlint%2fnode set size:363379 disposed:false
87 silly fetch manifest yazl@^2.2.2
88 silly packumentCache full:https://registry.npmmirror.com/yazl cache-miss
89 http cache https://registry.npmmirror.com/hosted-git-info 31ms (cache hit)
90 silly packumentCache full:https://registry.npmmirror.com/hosted-git-info set size:163833 disposed:false
91 silly fetch manifest keytar@^7.7.0
92 silly packumentCache full:https://registry.npmmirror.com/keytar cache-miss
93 http cache https://registry.npmmirror.com/cheerio 33ms (cache hit)
94 silly packumentCache full:https://registry.npmmirror.com/cheerio set size:149760 disposed:false
95 http cache https://registry.npmmirror.com/leven 34ms (cache hit)
96 silly packumentCache full:https://registry.npmmirror.com/leven set size:19994 disposed:false
97 http cache https://registry.npmmirror.com/cockatiel 36ms (cache hit)
98 silly packumentCache full:https://registry.npmmirror.com/cockatiel set size:120750 disposed:false
99 http cache https://registry.npmmirror.com/commander 37ms (cache hit)
100 silly packumentCache full:https://registry.npmmirror.com/commander set size:293130 disposed:false
101 http cache https://registry.npmmirror.com/form-data 38ms (cache hit)
102 silly packumentCache full:https://registry.npmmirror.com/form-data set size:155594 disposed:false
103 http cache https://registry.npmmirror.com/jsonc-parser 38ms (cache hit)
104 silly packumentCache full:https://registry.npmmirror.com/jsonc-parser set size:101398 disposed:false
105 http cache https://registry.npmmirror.com/glob 40ms (cache hit)
106 silly packumentCache full:https://registry.npmmirror.com/glob set size:432587 disposed:false
107 http cache https://registry.npmmirror.com/read 41ms (cache hit)
108 silly packumentCache full:https://registry.npmmirror.com/read set size:45104 disposed:false
109 http cache https://registry.npmmirror.com/markdown-it 41ms (cache hit)
110 silly packumentCache full:https://registry.npmmirror.com/markdown-it set size:208608 disposed:false
111 http cache https://registry.npmmirror.com/@secretlint%2fsecretlint-rule-no-dotenv 44ms (cache hit)
112 silly packumentCache full:https://registry.npmmirror.com/@secretlint%2fsecretlint-rule-no-dotenv set size:298022 disposed:false
113 http cache https://registry.npmmirror.com/@azure%2fidentity 50ms (cache hit)
114 silly packumentCache full:https://registry.npmmirror.com/@azure%2fidentity set size:5896325 disposed:false
115 http cache https://registry.npmmirror.com/secretlint 66ms (cache hit)
116 silly packumentCache full:https://registry.npmmirror.com/secretlint set size:401460 disposed:false
117 http cache https://registry.npmmirror.com/parse-semver 68ms (cache hit)
118 silly packumentCache full:https://registry.npmmirror.com/parse-semver set size:14500 disposed:false
119 http cache https://registry.npmmirror.com/mime 69ms (cache hit)
120 silly packumentCache full:https://registry.npmmirror.com/mime set size:107819 disposed:false
121 http cache https://registry.npmmirror.com/semver 69ms (cache hit)
122 silly packumentCache full:https://registry.npmmirror.com/semver set size:221665 disposed:false
123 http cache https://registry.npmmirror.com/minimatch 71ms (cache hit)
124 silly packumentCache full:https://registry.npmmirror.com/minimatch set size:384934 disposed:false
125 http cache https://registry.npmmirror.com/xml2js 50ms (cache hit)
126 silly packumentCache full:https://registry.npmmirror.com/xml2js set size:190297 disposed:false
127 http cache https://registry.npmmirror.com/typed-rest-client 54ms (cache hit)
128 silly packumentCache full:https://registry.npmmirror.com/typed-rest-client set size:100983 disposed:false
129 http cache https://registry.npmmirror.com/url-join 53ms (cache hit)
130 silly packumentCache full:https://registry.npmmirror.com/url-join set size:21524 disposed:false
131 http cache https://registry.npmmirror.com/yazl 49ms (cache hit)
132 silly packumentCache full:https://registry.npmmirror.com/yazl set size:65894 disposed:false
133 http cache https://registry.npmmirror.com/tmp 56ms (cache hit)
134 silly packumentCache full:https://registry.npmmirror.com/tmp set size:76613 disposed:false
135 http cache https://registry.npmmirror.com/yauzl 53ms (cache hit)
136 silly packumentCache full:https://registry.npmmirror.com/yauzl set size:114253 disposed:false
137 http cache https://registry.npmmirror.com/keytar 50ms (cache hit)
138 silly packumentCache full:https://registry.npmmirror.com/keytar set size:198677 disposed:false
139 silly placeDep ROOT @azure/identity@4.13.1 OK for: @vscode/vsce@3.9.2 want: ^4.1.0
140 silly placeDep ROOT @secretlint/node@10.2.2 OK for: @vscode/vsce@3.9.2 want: ^10.1.2
141 silly placeDep ROOT @secretlint/secretlint-formatter-sarif@10.2.2 OK for: @vscode/vsce@3.9.2 want: ^10.1.2
142 silly placeDep ROOT @secretlint/secretlint-rule-no-dotenv@10.2.2 OK for: @vscode/vsce@3.9.2 want: ^10.1.2
143 silly placeDep ROOT @secretlint/secretlint-rule-preset-recommend@10.2.2 OK for: @vscode/vsce@3.9.2 want: ^10.1.2
144 silly placeDep ROOT @vscode/vsce-sign@2.0.9 OK for: @vscode/vsce@3.9.2 want: ^2.0.0
145 silly placeDep ROOT azure-devops-node-api@12.5.0 OK for: @vscode/vsce@3.9.2 want: ^12.5.0
146 silly placeDep ROOT chalk@4.1.2 OK for: @vscode/vsce@3.9.2 want: ^4.1.2
147 silly placeDep ROOT cheerio@1.2.0 OK for: @vscode/vsce@3.9.2 want: ^1.0.0-rc.9
148 silly placeDep ROOT cockatiel@3.2.1 OK for: @vscode/vsce@3.9.2 want: ^3.1.2
149 silly placeDep ROOT commander@12.1.0 OK for: @vscode/vsce@3.9.2 want: ^12.1.0
150 silly placeDep ROOT form-data@4.0.6 OK for: @vscode/vsce@3.9.2 want: ^4.0.0
151 silly placeDep ROOT glob@13.0.6 OK for: @vscode/vsce@3.9.2 want: ^13.0.6
152 silly placeDep ROOT hosted-git-info@4.1.0 OK for: @vscode/vsce@3.9.2 want: ^4.0.2
153 silly placeDep ROOT jsonc-parser@3.3.1 OK for: @vscode/vsce@3.9.2 want: ^3.2.0
154 silly placeDep ROOT keytar@7.9.0 OK for: @vscode/vsce@3.9.2 want: ^7.7.0
155 silly placeDep ROOT leven@3.1.0 OK for: @vscode/vsce@3.9.2 want: ^3.1.0
156 silly placeDep ROOT markdown-it@14.3.0 OK for: @vscode/vsce@3.9.2 want: ^14.1.0
157 silly placeDep ROOT mime@1.6.0 OK for: @vscode/vsce@3.9.2 want: ^1.3.4
158 silly placeDep ROOT minimatch@10.2.6 OK for: @vscode/vsce@3.9.2 want: ^10.2.2
159 silly placeDep ROOT parse-semver@1.1.1 OK for: @vscode/vsce@3.9.2 want: ^1.1.1
160 silly placeDep ROOT read@1.0.7 OK for: @vscode/vsce@3.9.2 want: ^1.0.7
161 silly placeDep ROOT secretlint@10.2.2 OK for: @vscode/vsce@3.9.2 want: ^10.1.2
162 silly placeDep ROOT semver@7.8.5 OK for: @vscode/vsce@3.9.2 want: ^7.5.2
163 silly placeDep ROOT tmp@0.2.7 OK for: @vscode/vsce@3.9.2 want: ^0.2.3
164 silly placeDep ROOT typed-rest-client@1.8.11 OK for: @vscode/vsce@3.9.2 want: ^1.8.4
165 silly placeDep ROOT url-join@4.0.1 OK for: @vscode/vsce@3.9.2 want: ^4.0.1
166 silly placeDep ROOT xml2js@0.5.0 OK for: @vscode/vsce@3.9.2 want: ^0.5.0
167 silly placeDep ROOT yauzl@3.4.0 OK for: @vscode/vsce@3.9.2 want: ^3.2.1
168 silly placeDep ROOT yazl@2.5.1 OK for: @vscode/vsce@3.9.2 want: ^2.2.2
169 silly fetch manifest @azure/abort-controller@^2.0.0
170 silly packumentCache full:https://registry.npmmirror.com/@azure%2fabort-controller cache-miss
171 silly fetch manifest @azure/core-auth@^1.9.0
172 silly packumentCache full:https://registry.npmmirror.com/@azure%2fcore-auth cache-miss
173 silly fetch manifest @azure/core-client@^1.9.2
174 silly packumentCache full:https://registry.npmmirror.com/@azure%2fcore-client cache-miss
175 silly fetch manifest @azure/core-rest-pipeline@^1.17.0
176 silly packumentCache full:https://registry.npmmirror.com/@azure%2fcore-rest-pipeline cache-miss
177 silly fetch manifest @azure/core-tracing@^1.0.0
178 silly packumentCache full:https://registry.npmmirror.com/@azure%2fcore-tracing cache-miss
179 silly fetch manifest @azure/core-util@^1.11.0
180 silly packumentCache full:https://registry.npmmirror.com/@azure%2fcore-util cache-miss
181 silly fetch manifest @azure/logger@^1.0.0
182 silly packumentCache full:https://registry.npmmirror.com/@azure%2flogger cache-miss
183 silly fetch manifest @azure/msal-browser@^5.5.0
184 silly packumentCache full:https://registry.npmmirror.com/@azure%2fmsal-browser cache-miss
185 silly fetch manifest @azure/msal-node@^5.1.0
186 silly packumentCache full:https://registry.npmmirror.com/@azure%2fmsal-node cache-miss
187 silly fetch manifest open@^10.1.0
188 silly packumentCache full:https://registry.npmmirror.com/open cache-miss
189 silly fetch manifest tslib@^2.2.0
190 silly packumentCache full:https://registry.npmmirror.com/tslib cache-miss
191 silly fetch manifest @secretlint/config-loader@^10.2.2
192 silly packumentCache full:https://registry.npmmirror.com/@secretlint%2fconfig-loader cache-miss
193 silly fetch manifest @secretlint/core@^10.2.2
194 silly packumentCache full:https://registry.npmmirror.com/@secretlint%2fcore cache-miss
195 silly fetch manifest @secretlint/formatter@^10.2.2
196 silly packumentCache full:https://registry.npmmirror.com/@secretlint%2fformatter cache-miss
197 silly fetch manifest @secretlint/profiler@^10.2.2
198 silly packumentCache full:https://registry.npmmirror.com/@secretlint%2fprofiler cache-miss
199 silly fetch manifest @secretlint/source-creator@^10.2.2
200 silly packumentCache full:https://registry.npmmirror.com/@secretlint%2fsource-creator cache-miss
201 silly fetch manifest @secretlint/types@^10.2.2
202 silly packumentCache full:https://registry.npmmirror.com/@secretlint%2ftypes cache-miss
203 silly fetch manifest debug@^4.4.1
204 silly packumentCache full:https://registry.npmmirror.com/debug cache-miss
205 silly fetch manifest p-map@^7.0.3
206 silly packumentCache full:https://registry.npmmirror.com/p-map cache-miss
207 silly fetch manifest node-sarif-builder@^3.2.0
208 silly packumentCache full:https://registry.npmmirror.com/node-sarif-builder cache-miss
209 silly fetch manifest @secretlint/types@^10.2.2
210 silly packumentCache full:https://registry.npmmirror.com/@secretlint%2ftypes cache-miss
211 silly fetch manifest @vscode/vsce-sign-darwin-arm64@2.0.6
212 silly packumentCache full:https://registry.npmmirror.com/@vscode%2fvsce-sign-darwin-arm64 cache-miss
213 silly fetch manifest @vscode/vsce-sign-darwin-x64@2.0.6
214 silly packumentCache full:https://registry.npmmirror.com/@vscode%2fvsce-sign-darwin-x64 cache-miss
215 http cache https://registry.npmmirror.com/@azure%2fmsal-node 21ms (cache hit)
216 silly packumentCache full:https://registry.npmmirror.com/@azure%2fmsal-node set size:605987 disposed:false
217 silly fetch manifest @vscode/vsce-sign-win32-arm64@2.0.6
218 silly packumentCache full:https://registry.npmmirror.com/@vscode%2fvsce-sign-win32-arm64 cache-miss
219 http cache https://registry.npmmirror.com/@azure%2fcore-auth 26ms (cache hit)
220 silly packumentCache full:https://registry.npmmirror.com/@azure%2fcore-auth set size:2370360 disposed:false
221 silly fetch manifest @vscode/vsce-sign-win32-x64@2.0.6
222 silly packumentCache full:https://registry.npmmirror.com/@vscode%2fvsce-sign-win32-x64 cache-miss
223 http cache https://registry.npmmirror.com/@azure%2fcore-rest-pipeline 33ms (cache hit)
224 silly packumentCache full:https://registry.npmmirror.com/@azure%2fcore-rest-pipeline set size:3189425 disposed:false
225 silly fetch manifest @vscode/vsce-sign-linux-arm64@2.0.6
226 silly packumentCache full:https://registry.npmmirror.com/@vscode%2fvsce-sign-linux-arm64 cache-miss
227 http cache https://registry.npmmirror.com/@azure%2fmsal-browser 39ms (cache hit)
228 silly packumentCache full:https://registry.npmmirror.com/@azure%2fmsal-browser set size:829464 disposed:false
229 silly fetch manifest @vscode/vsce-sign-linux-arm@2.0.6
230 silly packumentCache full:https://registry.npmmirror.com/@vscode%2fvsce-sign-linux-arm cache-miss
231 http cache https://registry.npmmirror.com/@secretlint%2fsource-creator 42ms (cache hit)
232 silly packumentCache full:https://registry.npmmirror.com/@secretlint%2fsource-creator set size:333540 disposed:false
233 silly fetch manifest @vscode/vsce-sign-linux-x64@2.0.6
234 silly packumentCache full:https://registry.npmmirror.com/@vscode%2fvsce-sign-linux-x64 cache-miss
235 http cache https://registry.npmmirror.com/@secretlint%2fconfig-loader 44ms (cache hit)
236 silly packumentCache full:https://registry.npmmirror.com/@secretlint%2fconfig-loader set size:374031 disposed:false
237 silly fetch manifest @vscode/vsce-sign-alpine-arm64@2.0.6
238 silly packumentCache full:https://registry.npmmirror.com/@vscode%2fvsce-sign-alpine-arm64 cache-miss
239 http cache https://registry.npmmirror.com/open 46ms (cache hit)
240 silly packumentCache full:https://registry.npmmirror.com/open set size:107812 disposed:false
241 silly fetch manifest @vscode/vsce-sign-alpine-x64@2.0.6
242 silly packumentCache full:https://registry.npmmirror.com/@vscode%2fvsce-sign-alpine-x64 cache-miss
243 http cache https://registry.npmmirror.com/tslib 47ms (cache hit)
244 silly packumentCache full:https://registry.npmmirror.com/tslib set size:113423 disposed:false
245 silly fetch manifest tunnel@0.0.6
246 silly packumentCache full:https://registry.npmmirror.com/tunnel cache-miss
247 http cache https://registry.npmmirror.com/@azure%2flogger 51ms (cache hit)
248 silly packumentCache full:https://registry.npmmirror.com/@azure%2flogger set size:2323517 disposed:false
249 silly fetch manifest ansi-styles@^4.1.0
250 silly packumentCache full:https://registry.npmmirror.com/ansi-styles cache-miss
251 http cache https://registry.npmmirror.com/@secretlint%2fformatter 54ms (cache hit)
252 silly packumentCache full:https://registry.npmmirror.com/@secretlint%2fformatter set size:368958 disposed:false
253 silly fetch manifest supports-color@^7.1.0
254 silly packumentCache full:https://registry.npmmirror.com/supports-color cache-miss
255 http cache https://registry.npmmirror.com/@secretlint%2fprofiler 56ms (cache hit)
256 silly packumentCache full:https://registry.npmmirror.com/@secretlint%2fprofiler set size:309893 disposed:false
257 silly fetch manifest cheerio-select@^2.1.0
258 silly packumentCache full:https://registry.npmmirror.com/cheerio-select cache-miss
259 http cache https://registry.npmmirror.com/@azure%2fcore-tracing 60ms (cache hit)
260 silly packumentCache full:https://registry.npmmirror.com/@azure%2fcore-tracing set size:2681312 disposed:false
261 silly fetch manifest dom-serializer@^2.0.0
262 silly packumentCache full:https://registry.npmmirror.com/dom-serializer cache-miss
263 http cache https://registry.npmmirror.com/@secretlint%2fcore 65ms (cache hit)
264 silly packumentCache full:https://registry.npmmirror.com/@secretlint%2fcore set size:339352 disposed:false
265 silly fetch manifest domhandler@^5.0.3
266 silly packumentCache full:https://registry.npmmirror.com/domhandler cache-miss
267 http cache https://registry.npmmirror.com/p-map 65ms (cache hit)
268 silly packumentCache full:https://registry.npmmirror.com/p-map set size:50807 disposed:false
269 silly fetch manifest domutils@^3.2.2
270 silly packumentCache full:https://registry.npmmirror.com/domutils cache-miss
271 http cache https://registry.npmmirror.com/@secretlint%2ftypes 67ms (cache hit)
272 silly packumentCache full:https://registry.npmmirror.com/@secretlint%2ftypes set size:329784 disposed:false
273 silly fetch manifest encoding-sniffer@^0.2.1
274 silly packumentCache full:https://registry.npmmirror.com/encoding-sniffer cache-miss
275 http cache https://registry.npmmirror.com/debug 68ms (cache hit)
276 silly packumentCache full:https://registry.npmmirror.com/debug set size:163683 disposed:false
277 silly fetch manifest htmlparser2@^10.1.0
278 silly packumentCache full:https://registry.npmmirror.com/htmlparser2 cache-miss
279 http cache https://registry.npmmirror.com/@azure%2fcore-client 73ms (cache hit)
280 silly packumentCache full:https://registry.npmmirror.com/@azure%2fcore-client set size:2476389 disposed:false
281 silly fetch manifest parse5@^7.3.0
282 silly packumentCache full:https://registry.npmmirror.com/parse5 cache-miss
283 http cache https://registry.npmmirror.com/@azure%2fcore-util 82ms (cache hit)
284 silly packumentCache full:https://registry.npmmirror.com/@azure%2fcore-util set size:2313605 disposed:false
285 silly fetch manifest parse5-htmlparser2-tree-adapter@^7.1.0
286 silly packumentCache full:https://registry.npmmirror.com/parse5-htmlparser2-tree-adapter cache-miss
287 http cache https://registry.npmmirror.com/@secretlint%2ftypes 85ms (cache hit)
288 silly packumentCache full:https://registry.npmmirror.com/@secretlint%2ftypes set size:329784 disposed:false
289 silly packumentCache full:https://registry.npmmirror.com/@secretlint%2ftypes dispose
290 silly fetch manifest parse5-parser-stream@^7.1.2
291 silly packumentCache full:https://registry.npmmirror.com/parse5-parser-stream cache-miss
292 http cache https://registry.npmmirror.com/@vscode%2fvsce-sign-darwin-arm64 86ms (cache hit)
293 silly packumentCache full:https://registry.npmmirror.com/@vscode%2fvsce-sign-darwin-arm64 set size:12339 disposed:false
294 silly fetch manifest undici@^7.19.0
295 silly packumentCache full:https://registry.npmmirror.com/undici cache-miss
296 http cache https://registry.npmmirror.com/node-sarif-builder 88ms (cache hit)
297 silly packumentCache full:https://registry.npmmirror.com/node-sarif-builder set size:2056806 disposed:false
298 silly fetch manifest whatwg-mimetype@^4.0.0
299 silly packumentCache full:https://registry.npmmirror.com/whatwg-mimetype cache-miss
300 http cache https://registry.npmmirror.com/@vscode%2fvsce-sign-darwin-x64 92ms (cache hit)
301 silly packumentCache full:https://registry.npmmirror.com/@vscode%2fvsce-sign-darwin-x64 set size:12221 disposed:false
302 silly fetch manifest hasown@^2.0.4
303 silly packumentCache full:https://registry.npmmirror.com/hasown cache-miss
304 http cache https://registry.npmmirror.com/@azure%2fabort-controller 96ms (cache hit)
305 silly packumentCache full:https://registry.npmmirror.com/@azure%2fabort-controller set size:2728996 disposed:false
306 silly fetch manifest asynckit@^0.4.0
307 silly packumentCache full:https://registry.npmmirror.com/asynckit cache-miss
308 http cache https://registry.npmmirror.com/@vscode%2fvsce-sign-win32-arm64 94ms (cache hit)
309 silly packumentCache full:https://registry.npmmirror.com/@vscode%2fvsce-sign-win32-arm64 set size:12272 disposed:false
310 silly fetch manifest mime-types@^2.1.35
311 silly packumentCache full:https://registry.npmmirror.com/mime-types cache-miss
312 http cache https://registry.npmmirror.com/@vscode%2fvsce-sign-alpine-arm64 71ms (cache hit)
313 silly packumentCache full:https://registry.npmmirror.com/@vscode%2fvsce-sign-alpine-arm64 set size:12343 disposed:false
314 silly fetch manifest combined-stream@^1.0.8
315 silly packumentCache full:https://registry.npmmirror.com/combined-stream cache-miss
316 http cache https://registry.npmmirror.com/@vscode%2fvsce-sign-linux-arm 77ms (cache hit)
317 silly packumentCache full:https://registry.npmmirror.com/@vscode%2fvsce-sign-linux-arm set size:12157 disposed:false
318 silly fetch manifest es-set-tostringtag@^2.1.0
319 silly packumentCache full:https://registry.npmmirror.com/es-set-tostringtag cache-miss
320 http cache https://registry.npmmirror.com/@vscode%2fvsce-sign-linux-arm64 80ms (cache hit)
321 silly packumentCache full:https://registry.npmmirror.com/@vscode%2fvsce-sign-linux-arm64 set size:12278 disposed:false
322 silly fetch manifest minipass@^7.1.3
323 silly packumentCache full:https://registry.npmmirror.com/minipass cache-miss
324 http cache https://registry.npmmirror.com/@vscode%2fvsce-sign-alpine-x64 72ms (cache hit)
325 silly packumentCache full:https://registry.npmmirror.com/@vscode%2fvsce-sign-alpine-x64 set size:12222 disposed:false
326 silly fetch manifest path-scurry@^2.0.2
327 silly packumentCache full:https://registry.npmmirror.com/path-scurry cache-miss
328 http cache https://registry.npmmirror.com/@vscode%2fvsce-sign-win32-x64 90ms (cache hit)
329 silly packumentCache full:https://registry.npmmirror.com/@vscode%2fvsce-sign-win32-x64 set size:12154 disposed:false
330 silly fetch manifest lru-cache@^6.0.0
331 silly packumentCache full:https://registry.npmmirror.com/lru-cache cache-miss
332 http cache https://registry.npmmirror.com/ansi-styles 66ms (cache hit)
333 silly packumentCache full:https://registry.npmmirror.com/ansi-styles set size:62178 disposed:false
334 silly fetch manifest node-addon-api@^4.3.0
335 silly packumentCache full:https://registry.npmmirror.com/node-addon-api cache-miss
336 http cache https://registry.npmmirror.com/tunnel 73ms (cache hit)
337 silly packumentCache full:https://registry.npmmirror.com/tunnel set size:15182 disposed:false
338 silly fetch manifest prebuild-install@^7.0.1
339 silly packumentCache full:https://registry.npmmirror.com/prebuild-install cache-miss
340 http cache https://registry.npmmirror.com/@vscode%2fvsce-sign-linux-x64 78ms (cache hit)
341 silly packumentCache full:https://registry.npmmirror.com/@vscode%2fvsce-sign-linux-x64 set size:12159 disposed:false
342 silly fetch manifest argparse@^2.0.1
343 silly packumentCache full:https://registry.npmmirror.com/argparse cache-miss
344 http cache https://registry.npmmirror.com/supports-color 66ms (cache hit)
345 silly packumentCache full:https://registry.npmmirror.com/supports-color set size:111603 disposed:false
346 silly fetch manifest entities@^4.5.0
347 silly packumentCache full:https://registry.npmmirror.com/entities cache-miss
348 http cache https://registry.npmmirror.com/cheerio-select 66ms (cache hit)
349 silly packumentCache full:https://registry.npmmirror.com/cheerio-select set size:30751 disposed:false
350 silly fetch manifest linkify-it@^5.0.2
351 silly packumentCache full:https://registry.npmmirror.com/linkify-it cache-miss
352 http cache https://registry.npmmirror.com/encoding-sniffer 55ms (cache hit)
353 silly packumentCache full:https://registry.npmmirror.com/encoding-sniffer set size:34053 disposed:false
354 silly fetch manifest mdurl@^2.0.0
355 silly packumentCache full:https://registry.npmmirror.com/mdurl cache-miss
356 http cache https://registry.npmmirror.com/dom-serializer 59ms (cache hit)
357 silly packumentCache full:https://registry.npmmirror.com/dom-serializer set size:49955 disposed:false
358 silly fetch manifest punycode.js@^2.3.1
359 silly packumentCache full:https://registry.npmmirror.com/punycode.js cache-miss
360 http cache https://registry.npmmirror.com/domhandler 60ms (cache hit)
361 silly packumentCache full:https://registry.npmmirror.com/domhandler set size:68770 disposed:false
362 silly fetch manifest uc.micro@^2.1.0
363 silly packumentCache full:https://registry.npmmirror.com/uc.micro cache-miss
364 http cache https://registry.npmmirror.com/domutils 60ms (cache hit)
365 silly packumentCache full:https://registry.npmmirror.com/domutils set size:96582 disposed:false
366 silly fetch manifest brace-expansion@^5.0.8
367 silly packumentCache full:https://registry.npmmirror.com/brace-expansion cache-miss
368 http cache https://registry.npmmirror.com/htmlparser2 58ms (cache hit)
369 silly packumentCache full:https://registry.npmmirror.com/htmlparser2 set size:163019 disposed:false
370 silly fetch manifest semver@^5.1.0
371 silly packumentCache full:https://registry.npmmirror.com/semver cache-hit
372 silly fetch manifest mute-stream@~0.0.4
373 silly packumentCache full:https://registry.npmmirror.com/mute-stream cache-miss
374 http cache https://registry.npmmirror.com/parse5 50ms (cache hit)
375 silly packumentCache full:https://registry.npmmirror.com/parse5 set size:121046 disposed:false
376 silly fetch manifest @secretlint/config-creator@^10.2.2
377 silly packumentCache full:https://registry.npmmirror.com/@secretlint%2fconfig-creator cache-miss
378 http cache https://registry.npmmirror.com/parse5-htmlparser2-tree-adapter 46ms (cache hit)
379 silly packumentCache full:https://registry.npmmirror.com/parse5-htmlparser2-tree-adapter set size:20089 disposed:false
380 silly fetch manifest globby@^14.1.0
381 silly packumentCache full:https://registry.npmmirror.com/globby cache-miss
382 http cache https://registry.npmmirror.com/parse5-parser-stream 45ms (cache hit)
383 silly packumentCache full:https://registry.npmmirror.com/parse5-parser-stream set size:21690 disposed:false
384 silly fetch manifest read-pkg@^9.0.1
385 silly packumentCache full:https://registry.npmmirror.com/read-pkg cache-miss
386 http cache https://registry.npmmirror.com/undici 46ms (cache hit)
387 silly packumentCache full:https://registry.npmmirror.com/undici set size:1473027 disposed:false
388 silly fetch manifest qs@^6.9.1
389 silly packumentCache full:https://registry.npmmirror.com/qs cache-miss
390 http cache https://registry.npmmirror.com/whatwg-mimetype 49ms (cache hit)
391 silly packumentCache full:https://registry.npmmirror.com/whatwg-mimetype set size:25678 disposed:false
392 silly fetch manifest underscore@^1.12.1
393 silly packumentCache full:https://registry.npmmirror.com/underscore cache-miss
394 http cache https://registry.npmmirror.com/hasown 50ms (cache hit)
395 silly packumentCache full:https://registry.npmmirror.com/hasown set size:18994 disposed:false
396 silly fetch manifest sax@>=0.6.0
397 silly packumentCache full:https://registry.npmmirror.com/sax cache-miss
398 http cache https://registry.npmmirror.com/asynckit 47ms (cache hit)
399 silly packumentCache full:https://registry.npmmirror.com/asynckit set size:19053 disposed:false
400 silly fetch manifest xmlbuilder@~11.0.0
401 silly packumentCache full:https://registry.npmmirror.com/xmlbuilder cache-miss
402 http cache https://registry.npmmirror.com/es-set-tostringtag 46ms (cache hit)
403 silly packumentCache full:https://registry.npmmirror.com/es-set-tostringtag set size:22694 disposed:false
404 silly fetch manifest pend@~1.2.0
405 silly packumentCache full:https://registry.npmmirror.com/pend cache-miss
406 http cache https://registry.npmmirror.com/combined-stream 47ms (cache hit)
407 silly packumentCache full:https://registry.npmmirror.com/combined-stream set size:34345 disposed:false
408 silly fetch manifest buffer-crc32@~0.2.3
409 silly packumentCache full:https://registry.npmmirror.com/buffer-crc32 cache-miss
410 http cache https://registry.npmmirror.com/mime-types 49ms (cache hit)
411 silly packumentCache full:https://registry.npmmirror.com/mime-types set size:123243 disposed:false
412 http cache https://registry.npmmirror.com/node-addon-api 46ms (cache hit)
413 silly packumentCache full:https://registry.npmmirror.com/node-addon-api set size:371531 disposed:false
414 http cache https://registry.npmmirror.com/argparse 47ms (cache hit)
415 silly packumentCache full:https://registry.npmmirror.com/argparse set size:49160 disposed:false
416 http cache https://registry.npmmirror.com/lru-cache 50ms (cache hit)
417 silly packumentCache full:https://registry.npmmirror.com/lru-cache set size:457177 disposed:false
418 http cache https://registry.npmmirror.com/path-scurry 53ms (cache hit)
419 silly packumentCache full:https://registry.npmmirror.com/path-scurry set size:121072 disposed:false
420 http cache https://registry.npmmirror.com/entities 49ms (cache hit)
421 silly packumentCache full:https://registry.npmmirror.com/entities set size:93842 disposed:false
422 http cache https://registry.npmmirror.com/mdurl 49ms (cache hit)
423 silly packumentCache full:https://registry.npmmirror.com/mdurl set size:11499 disposed:false
424 http cache https://registry.npmmirror.com/prebuild-install 52ms (cache hit)
425 silly packumentCache full:https://registry.npmmirror.com/prebuild-install set size:148451 disposed:false
426 http cache https://registry.npmmirror.com/minipass 55ms (cache hit)
427 silly packumentCache full:https://registry.npmmirror.com/minipass set size:243422 disposed:false
428 http cache https://registry.npmmirror.com/uc.micro 49ms (cache hit)
429 silly packumentCache full:https://registry.npmmirror.com/uc.micro set size:18116 disposed:false
430 http cache https://registry.npmmirror.com/linkify-it 52ms (cache hit)
431 silly packumentCache full:https://registry.npmmirror.com/linkify-it set size:65826 disposed:false
432 http cache https://registry.npmmirror.com/punycode.js 52ms (cache hit)
433 silly packumentCache full:https://registry.npmmirror.com/punycode.js set size:13692 disposed:false
434 http cache https://registry.npmmirror.com/mute-stream 48ms (cache hit)
435 silly packumentCache full:https://registry.npmmirror.com/mute-stream set size:24061 disposed:false
436 http cache https://registry.npmmirror.com/brace-expansion 49ms (cache hit)
437 silly packumentCache full:https://registry.npmmirror.com/brace-expansion set size:105104 disposed:false
438 http cache https://registry.npmmirror.com/globby 47ms (cache hit)
439 silly packumentCache full:https://registry.npmmirror.com/globby set size:153782 disposed:false
440 http cache https://registry.npmmirror.com/read-pkg 47ms (cache hit)
441 silly packumentCache full:https://registry.npmmirror.com/read-pkg set size:37499 disposed:false
442 http cache https://registry.npmmirror.com/@secretlint%2fconfig-creator 50ms (cache hit)
443 silly packumentCache full:https://registry.npmmirror.com/@secretlint%2fconfig-creator set size:325010 disposed:false
444 http cache https://registry.npmmirror.com/qs 39ms (cache hit)
445 silly packumentCache full:https://registry.npmmirror.com/qs set size:343616 disposed:false
446 http cache https://registry.npmmirror.com/underscore 39ms (cache hit)
447 silly packumentCache full:https://registry.npmmirror.com/underscore set size:136956 disposed:false
448 http cache https://registry.npmmirror.com/xmlbuilder 35ms (cache hit)
449 silly packumentCache full:https://registry.npmmirror.com/xmlbuilder set size:144663 disposed:false
450 http cache https://registry.npmmirror.com/sax 40ms (cache hit)
451 silly packumentCache full:https://registry.npmmirror.com/sax set size:94632 disposed:false
452 http cache https://registry.npmmirror.com/pend 22ms (cache hit)
453 silly packumentCache full:https://registry.npmmirror.com/pend set size:8028 disposed:false
454 http cache https://registry.npmmirror.com/buffer-crc32 21ms (cache hit)
455 silly packumentCache full:https://registry.npmmirror.com/buffer-crc32 set size:46595 disposed:false
456 silly placeDep ROOT @azure/abort-controller@2.2.0 OK for: @azure/identity@4.13.1 want: ^2.0.0
457 silly placeDep ROOT @azure/core-auth@1.11.0 OK for: @azure/identity@4.13.1 want: ^1.9.0
458 silly placeDep ROOT @azure/core-client@1.11.0 OK for: @azure/identity@4.13.1 want: ^1.9.2
459 silly placeDep ROOT @azure/core-rest-pipeline@1.25.0 OK for: @azure/identity@4.13.1 want: ^1.17.0
460 silly placeDep ROOT @azure/core-tracing@1.4.0 OK for: @azure/identity@4.13.1 want: ^1.0.0
461 silly placeDep ROOT @azure/core-util@1.14.0 OK for: @azure/identity@4.13.1 want: ^1.11.0
462 silly placeDep ROOT @azure/logger@1.4.0 OK for: @azure/identity@4.13.1 want: ^1.0.0
463 silly placeDep ROOT @azure/msal-browser@5.18.0 OK for: @azure/identity@4.13.1 want: ^5.5.0
464 silly placeDep ROOT @azure/msal-node@5.5.0 OK for: @azure/identity@4.13.1 want: ^5.1.0
465 silly placeDep ROOT open@10.2.0 OK for: @azure/identity@4.13.1 want: ^10.1.0
466 silly placeDep ROOT tslib@2.8.1 OK for: @azure/identity@4.13.1 want: ^2.2.0
467 silly fetch manifest tslib@^2.6.2
468 silly packumentCache full:https://registry.npmmirror.com/tslib cache-hit
469 silly fetch manifest @azure/core-util@^1.13.0
470 silly packumentCache full:https://registry.npmmirror.com/@azure%2fcore-util cache-miss
471 silly fetch manifest tslib@^2.6.2
472 silly packumentCache full:https://registry.npmmirror.com/tslib cache-hit
473 silly fetch manifest @azure/core-rest-pipeline@^1.22.0
474 silly packumentCache full:https://registry.npmmirror.com/@azure%2fcore-rest-pipeline cache-miss
475 silly fetch manifest @azure/core-tracing@^1.3.0
476 silly packumentCache full:https://registry.npmmirror.com/@azure%2fcore-tracing cache-miss
477 silly fetch manifest @azure/core-util@^1.13.0
478 silly packumentCache full:https://registry.npmmirror.com/@azure%2fcore-util cache-miss
479 silly fetch manifest @azure/logger@^1.3.0
480 silly packumentCache full:https://registry.npmmirror.com/@azure%2flogger cache-miss
481 silly fetch manifest tslib@^2.6.2
482 silly packumentCache full:https://registry.npmmirror.com/tslib cache-hit
483 silly fetch manifest @azure/core-tracing@^1.3.0
484 silly packumentCache full:https://registry.npmmirror.com/@azure%2fcore-tracing cache-miss
485 silly fetch manifest @azure/core-util@^1.13.0
486 silly packumentCache full:https://registry.npmmirror.com/@azure%2fcore-util cache-miss
487 silly fetch manifest @azure/logger@^1.3.0
488 silly packumentCache full:https://registry.npmmirror.com/@azure%2flogger cache-miss
489 silly fetch manifest @typespec/ts-http-runtime@^0.3.4
490 silly packumentCache full:https://registry.npmmirror.com/@typespec%2fts-http-runtime cache-miss
491 silly fetch manifest tslib@^2.6.2
492 silly packumentCache full:https://registry.npmmirror.com/tslib cache-hit
493 silly fetch manifest tslib@^2.6.2
494 silly packumentCache full:https://registry.npmmirror.com/tslib cache-hit
495 silly fetch manifest @typespec/ts-http-runtime@^0.3.0
496 silly packumentCache full:https://registry.npmmirror.com/@typespec%2fts-http-runtime cache-miss
497 silly fetch manifest tslib@^2.6.2
498 silly packumentCache full:https://registry.npmmirror.com/tslib cache-hit
499 silly fetch manifest @typespec/ts-http-runtime@^0.3.0
500 silly packumentCache full:https://registry.npmmirror.com/@typespec%2fts-http-runtime cache-miss
501 silly fetch manifest tslib@^2.6.2
502 silly packumentCache full:https://registry.npmmirror.com/tslib cache-hit
503 silly fetch manifest @azure/msal-common@16.12.0
504 silly packumentCache full:https://registry.npmmirror.com/@azure%2fmsal-common cache-miss
505 silly fetch manifest jsonwebtoken@^9.0.0
506 silly packumentCache full:https://registry.npmmirror.com/jsonwebtoken cache-miss
507 silly fetch manifest @azure/msal-common@16.12.0
508 silly packumentCache full:https://registry.npmmirror.com/@azure%2fmsal-common cache-miss
509 silly fetch manifest default-browser@^5.2.1
510 silly packumentCache full:https://registry.npmmirror.com/default-browser cache-miss
511 silly fetch manifest define-lazy-prop@^3.0.0
512 silly packumentCache full:https://registry.npmmirror.com/define-lazy-prop cache-miss
513 silly fetch manifest is-inside-container@^1.0.0
514 silly packumentCache full:https://registry.npmmirror.com/is-inside-container cache-miss
515 silly fetch manifest wsl-utils@^0.1.0
516 silly packumentCache full:https://registry.npmmirror.com/wsl-utils cache-miss
517 http cache https://registry.npmmirror.com/@azure%2fcore-util 16ms (cache hit)
518 silly packumentCache full:https://registry.npmmirror.com/@azure%2fcore-util set size:2313605 disposed:false
519 http cache https://registry.npmmirror.com/@azure%2fcore-tracing 22ms (cache hit)
520 silly packumentCache full:https://registry.npmmirror.com/@azure%2fcore-tracing set size:2681312 disposed:false
521 http cache https://registry.npmmirror.com/@azure%2fcore-rest-pipeline 29ms (cache hit)
522 silly packumentCache full:https://registry.npmmirror.com/@azure%2fcore-rest-pipeline set size:3189425 disposed:false
523 http cache https://registry.npmmirror.com/@azure%2fcore-util 36ms (cache hit)
524 silly packumentCache full:https://registry.npmmirror.com/@azure%2fcore-util set size:2313605 disposed:false
525 http cache https://registry.npmmirror.com/define-lazy-prop 41ms (cache hit)
526 silly packumentCache full:https://registry.npmmirror.com/define-lazy-prop set size:7395 disposed:false
527 http cache https://registry.npmmirror.com/@azure%2flogger 44ms (cache hit)
528 silly packumentCache full:https://registry.npmmirror.com/@azure%2flogger set size:2323517 disposed:false
529 http cache https://registry.npmmirror.com/@azure%2fcore-tracing 51ms (cache hit)
530 silly packumentCache full:https://registry.npmmirror.com/@azure%2fcore-tracing set size:2681312 disposed:false
531 http cache https://registry.npmmirror.com/@typespec%2fts-http-runtime 58ms (cache hit)
532 silly packumentCache full:https://registry.npmmirror.com/@typespec%2fts-http-runtime set size:2237581 disposed:false
533 http cache https://registry.npmmirror.com/jsonwebtoken 60ms (cache hit)
534 silly packumentCache full:https://registry.npmmirror.com/jsonwebtoken set size:169989 disposed:false
535 http cache https://registry.npmmirror.com/default-browser 61ms (cache hit)
536 silly packumentCache full:https://registry.npmmirror.com/default-browser set size:31505 disposed:false
537 http cache https://registry.npmmirror.com/@typespec%2fts-http-runtime 64ms (cache hit)
538 silly packumentCache full:https://registry.npmmirror.com/@typespec%2fts-http-runtime set size:2237581 disposed:false
539 http cache https://registry.npmmirror.com/is-inside-container 66ms (cache hit)
540 silly packumentCache full:https://registry.npmmirror.com/is-inside-container set size:4547 disposed:false
541 http cache https://registry.npmmirror.com/@azure%2fmsal-common 68ms (cache hit)
542 silly packumentCache full:https://registry.npmmirror.com/@azure%2fmsal-common set size:689764 disposed:false
543 http cache https://registry.npmmirror.com/wsl-utils 69ms (cache hit)
544 silly packumentCache full:https://registry.npmmirror.com/wsl-utils set size:17954 disposed:false
545 http cache https://registry.npmmirror.com/@azure%2fcore-util 75ms (cache hit)
546 silly packumentCache full:https://registry.npmmirror.com/@azure%2fcore-util set size:2313605 disposed:false
547 http cache https://registry.npmmirror.com/@azure%2fmsal-common 81ms (cache hit)
548 silly packumentCache full:https://registry.npmmirror.com/@azure%2fmsal-common set size:689764 disposed:false
549 silly packumentCache full:https://registry.npmmirror.com/@azure%2fmsal-common dispose
550 http cache https://registry.npmmirror.com/@azure%2flogger 85ms (cache hit)
551 silly packumentCache full:https://registry.npmmirror.com/@azure%2flogger set size:2323517 disposed:false
552 http cache https://registry.npmmirror.com/@typespec%2fts-http-runtime 91ms (cache hit)
553 silly packumentCache full:https://registry.npmmirror.com/@typespec%2fts-http-runtime set size:2237581 disposed:false
554 silly placeDep ROOT @typespec/ts-http-runtime@0.3.8 OK for: @azure/core-rest-pipeline@1.25.0 want: ^0.3.4
555 silly fetch manifest http-proxy-agent@^7.0.0
556 silly packumentCache full:https://registry.npmmirror.com/http-proxy-agent cache-miss
557 silly fetch manifest https-proxy-agent@^7.0.0
558 silly packumentCache full:https://registry.npmmirror.com/https-proxy-agent cache-miss
559 http cache https://registry.npmmirror.com/http-proxy-agent 9ms (cache hit)
560 silly packumentCache full:https://registry.npmmirror.com/http-proxy-agent set size:54650 disposed:false
561 http cache https://registry.npmmirror.com/https-proxy-agent 9ms (cache hit)
562 silly packumentCache full:https://registry.npmmirror.com/https-proxy-agent set size:78674 disposed:false
563 silly placeDep ROOT @azure/msal-common@16.12.0 OK for: @azure/msal-browser@5.18.0 want: 16.12.0
564 silly placeDep ROOT jsonwebtoken@9.0.3 OK for: @azure/msal-node@5.5.0 want: ^9.0.0
565 silly fetch manifest jws@^4.0.1
566 silly packumentCache full:https://registry.npmmirror.com/jws cache-miss
567 silly fetch manifest lodash.includes@^4.3.0
568 silly packumentCache full:https://registry.npmmirror.com/lodash.includes cache-miss
569 silly fetch manifest lodash.isboolean@^3.0.3
570 silly packumentCache full:https://registry.npmmirror.com/lodash.isboolean cache-miss
571 silly fetch manifest lodash.isinteger@^4.0.4
572 silly packumentCache full:https://registry.npmmirror.com/lodash.isinteger cache-miss
573 silly fetch manifest lodash.isnumber@^3.0.3
574 silly packumentCache full:https://registry.npmmirror.com/lodash.isnumber cache-miss
575 silly fetch manifest lodash.isplainobject@^4.0.6
576 silly packumentCache full:https://registry.npmmirror.com/lodash.isplainobject cache-miss
577 silly fetch manifest lodash.isstring@^4.0.1
578 silly packumentCache full:https://registry.npmmirror.com/lodash.isstring cache-miss
579 silly fetch manifest lodash.once@^4.0.0
580 silly packumentCache full:https://registry.npmmirror.com/lodash.once cache-miss
581 silly fetch manifest ms@^2.1.1
582 silly packumentCache full:https://registry.npmmirror.com/ms cache-miss
583 http cache https://registry.npmmirror.com/jws 8ms (cache hit)
584 silly packumentCache full:https://registry.npmmirror.com/jws set size:43486 disposed:false
585 http cache https://registry.npmmirror.com/lodash.once 7ms (cache hit)
586 silly packumentCache full:https://registry.npmmirror.com/lodash.once set size:23730 disposed:false
587 http cache https://registry.npmmirror.com/lodash.isnumber 8ms (cache hit)
588 silly packumentCache full:https://registry.npmmirror.com/lodash.isnumber set size:21681 disposed:false
589 http cache https://registry.npmmirror.com/lodash.isinteger 9ms (cache hit)
590 silly packumentCache full:https://registry.npmmirror.com/lodash.isinteger set size:10382 disposed:false
591 http cache https://registry.npmmirror.com/lodash.includes 10ms (cache hit)
592 silly packumentCache full:https://registry.npmmirror.com/lodash.includes set size:27741 disposed:false
593 http cache https://registry.npmmirror.com/lodash.isplainobject 9ms (cache hit)
594 silly packumentCache full:https://registry.npmmirror.com/lodash.isplainobject set size:38882 disposed:false
595 http cache https://registry.npmmirror.com/lodash.isstring 10ms (cache hit)
596 silly packumentCache full:https://registry.npmmirror.com/lodash.isstring set size:21681 disposed:false
597 http cache https://registry.npmmirror.com/ms 10ms (cache hit)
598 silly packumentCache full:https://registry.npmmirror.com/ms set size:126047 disposed:false
599 http cache https://registry.npmmirror.com/lodash.isboolean 12ms (cache hit)
600 silly packumentCache full:https://registry.npmmirror.com/lodash.isboolean set size:21750 disposed:false
601 silly placeDep ROOT @secretlint/config-loader@10.2.2 OK for: @secretlint/node@10.2.2 want: ^10.2.2
602 silly placeDep ROOT @secretlint/core@10.2.2 OK for: @secretlint/node@10.2.2 want: ^10.2.2
603 silly placeDep ROOT @secretlint/formatter@10.2.2 OK for: @secretlint/node@10.2.2 want: ^10.2.2
604 silly placeDep ROOT @secretlint/profiler@10.2.2 OK for: @secretlint/node@10.2.2 want: ^10.2.2
605 silly placeDep ROOT @secretlint/source-creator@10.2.2 OK for: @secretlint/node@10.2.2 want: ^10.2.2
606 silly placeDep ROOT @secretlint/types@10.2.2 OK for: @secretlint/node@10.2.2 want: ^10.2.2
607 silly placeDep ROOT debug@4.4.3 OK for: @secretlint/node@10.2.2 want: ^4.4.1
608 silly placeDep ROOT p-map@7.0.6 OK for: @secretlint/node@10.2.2 want: ^7.0.3
609 silly fetch manifest @secretlint/resolver@^10.2.2
610 silly packumentCache full:https://registry.npmmirror.com/@secretlint%2fresolver cache-miss
611 silly fetch manifest ajv@^8.17.1
612 silly packumentCache full:https://registry.npmmirror.com/ajv cache-miss
613 silly fetch manifest rc-config-loader@^4.1.3
614 silly packumentCache full:https://registry.npmmirror.com/rc-config-loader cache-miss
615 silly fetch manifest structured-source@^4.0.0
616 silly packumentCache full:https://registry.npmmirror.com/structured-source cache-miss
617 silly fetch manifest @secretlint/resolver@^10.2.2
618 silly packumentCache full:https://registry.npmmirror.com/@secretlint%2fresolver cache-miss
619 silly fetch manifest @textlint/linter-formatter@^15.2.0
620 silly packumentCache full:https://registry.npmmirror.com/@textlint%2flinter-formatter cache-miss
621 silly fetch manifest @textlint/module-interop@^15.2.0
622 silly packumentCache full:https://registry.npmmirror.com/@textlint%2fmodule-interop cache-miss
623 silly fetch manifest @textlint/types@^15.2.0
624 silly packumentCache full:https://registry.npmmirror.com/@textlint%2ftypes cache-miss
625 silly fetch manifest chalk@^5.4.1
626 silly packumentCache full:https://registry.npmmirror.com/chalk cache-hit
627 silly fetch manifest pluralize@^8.0.0
628 silly packumentCache full:https://registry.npmmirror.com/pluralize cache-miss
629 silly fetch manifest strip-ansi@^7.1.0
630 silly packumentCache full:https://registry.npmmirror.com/strip-ansi cache-miss
631 silly fetch manifest table@^6.9.0
632 silly packumentCache full:https://registry.npmmirror.com/table cache-miss
633 silly fetch manifest terminal-link@^4.0.0
634 silly packumentCache full:https://registry.npmmirror.com/terminal-link cache-miss
635 silly fetch manifest istextorbinary@^9.5.0
636 silly packumentCache full:https://registry.npmmirror.com/istextorbinary cache-miss
637 silly fetch manifest ms@^2.1.3
638 silly packumentCache full:https://registry.npmmirror.com/ms cache-hit
639 http cache https://registry.npmmirror.com/rc-config-loader 11ms (cache hit)
640 silly packumentCache full:https://registry.npmmirror.com/rc-config-loader set size:44042 disposed:false
641 http cache https://registry.npmmirror.com/@textlint%2ftypes 12ms (cache hit)
642 silly packumentCache full:https://registry.npmmirror.com/@textlint%2ftypes set size:263591 disposed:false
643 http cache https://registry.npmmirror.com/structured-source 13ms (cache hit)
644 silly packumentCache full:https://registry.npmmirror.com/structured-source set size:11721 disposed:false
645 http cache https://registry.npmmirror.com/@secretlint%2fresolver 14ms (cache hit)
646 silly packumentCache full:https://registry.npmmirror.com/@secretlint%2fresolver set size:125523 disposed:false
647 http cache https://registry.npmmirror.com/@textlint%2flinter-formatter 14ms (cache hit)
648 silly packumentCache full:https://registry.npmmirror.com/@textlint%2flinter-formatter set size:319138 disposed:false
649 http cache https://registry.npmmirror.com/@textlint%2fmodule-interop 16ms (cache hit)
650 silly packumentCache full:https://registry.npmmirror.com/@textlint%2fmodule-interop set size:236685 disposed:false
651 http cache https://registry.npmmirror.com/ajv 17ms (cache hit)
652 silly packumentCache full:https://registry.npmmirror.com/ajv set size:1059632 disposed:false
653 http cache https://registry.npmmirror.com/istextorbinary 19ms (cache hit)
654 silly packumentCache full:https://registry.npmmirror.com/istextorbinary set size:909894 disposed:false
655 http cache https://registry.npmmirror.com/@secretlint%2fresolver 23ms (cache hit)
656 silly packumentCache full:https://registry.npmmirror.com/@secretlint%2fresolver set size:125523 disposed:false
657 silly packumentCache full:https://registry.npmmirror.com/@secretlint%2fresolver dispose
658 http cache https://registry.npmmirror.com/table 23ms (cache hit)
659 silly packumentCache full:https://registry.npmmirror.com/table set size:253731 disposed:false
660 http cache https://registry.npmmirror.com/terminal-link 24ms (cache hit)
661 silly packumentCache full:https://registry.npmmirror.com/terminal-link set size:20081 disposed:false
662 http cache https://registry.npmmirror.com/pluralize 25ms (cache hit)
663 silly packumentCache full:https://registry.npmmirror.com/pluralize set size:54027 disposed:false
664 http cache https://registry.npmmirror.com/strip-ansi 25ms (cache hit)
665 silly packumentCache full:https://registry.npmmirror.com/strip-ansi set size:39163 disposed:false
666 silly placeDep ROOT @secretlint/resolver@10.2.2 OK for: @secretlint/config-loader@10.2.2 want: ^10.2.2
667 silly placeDep ROOT ajv@8.20.0 OK for: @secretlint/config-loader@10.2.2 want: ^8.17.1
668 silly placeDep ROOT rc-config-loader@4.1.4 OK for: @secretlint/config-loader@10.2.2 want: ^4.1.3
669 silly fetch manifest fast-deep-equal@^3.1.3
670 silly packumentCache full:https://registry.npmmirror.com/fast-deep-equal cache-miss
671 silly fetch manifest fast-uri@^3.0.1
672 silly packumentCache full:https://registry.npmmirror.com/fast-uri cache-miss
673 silly fetch manifest json-schema-traverse@^1.0.0
674 silly packumentCache full:https://registry.npmmirror.com/json-schema-traverse cache-miss
675 silly fetch manifest require-from-string@^2.0.2
676 silly packumentCache full:https://registry.npmmirror.com/require-from-string cache-miss
677 silly fetch manifest js-yaml@^4.1.1
678 silly packumentCache full:https://registry.npmmirror.com/js-yaml cache-miss
679 silly fetch manifest json5@^2.2.3
680 silly packumentCache full:https://registry.npmmirror.com/json5 cache-miss
681 silly fetch manifest require-from-string@^2.0.2
682 silly packumentCache full:https://registry.npmmirror.com/require-from-string cache-miss
683 http cache https://registry.npmmirror.com/fast-deep-equal 5ms (cache hit)
684 silly packumentCache full:https://registry.npmmirror.com/fast-deep-equal set size:31334 disposed:false
685 http cache https://registry.npmmirror.com/json-schema-traverse 5ms (cache hit)
686 silly packumentCache full:https://registry.npmmirror.com/json-schema-traverse set size:19581 disposed:false
687 http cache https://registry.npmmirror.com/require-from-string 5ms (cache hit)
688 silly packumentCache full:https://registry.npmmirror.com/require-from-string set size:14946 disposed:false
689 http cache https://registry.npmmirror.com/fast-uri 6ms (cache hit)
690 silly packumentCache full:https://registry.npmmirror.com/fast-uri set size:106799 disposed:false
691 http cache https://registry.npmmirror.com/json5 7ms (cache hit)
692 silly packumentCache full:https://registry.npmmirror.com/json5 set size:78995 disposed:false
693 http cache https://registry.npmmirror.com/js-yaml 8ms (cache hit)
694 silly packumentCache full:https://registry.npmmirror.com/js-yaml set size:175466 disposed:false
695 http cache https://registry.npmmirror.com/require-from-string 9ms (cache hit)
696 silly packumentCache full:https://registry.npmmirror.com/require-from-string set size:14946 disposed:false
697 silly packumentCache full:https://registry.npmmirror.com/require-from-string dispose
698 silly placeDep ROOT structured-source@4.0.0 OK for: @secretlint/core@10.2.2 want: ^4.0.0
699 silly fetch manifest boundary@^2.0.0
700 silly packumentCache full:https://registry.npmmirror.com/boundary cache-miss
701 http cache https://registry.npmmirror.com/boundary 2ms (cache hit)
702 silly packumentCache full:https://registry.npmmirror.com/boundary set size:8382 disposed:false
703 silly placeDep ROOT @textlint/linter-formatter@15.8.0 OK for: @secretlint/formatter@10.2.2 want: ^15.2.0
704 silly placeDep ROOT @textlint/module-interop@15.8.0 OK for: @secretlint/formatter@10.2.2 want: ^15.2.0
705 silly placeDep ROOT @textlint/types@15.8.0 OK for: @secretlint/formatter@10.2.2 want: ^15.2.0
706 silly placeDep node_modules/@secretlint/formatter chalk@5.6.2 OK for: @secretlint/formatter@10.2.2 want: ^5.4.1
707 silly placeDep ROOT pluralize@8.0.0 OK for: @secretlint/formatter@10.2.2 want: ^8.0.0
708 silly placeDep ROOT strip-ansi@7.2.0 OK for: @secretlint/formatter@10.2.2 want: ^7.1.0
709 silly placeDep ROOT table@6.9.0 OK for: @secretlint/formatter@10.2.2 want: ^6.9.0
710 silly placeDep ROOT terminal-link@4.0.0 OK for: @secretlint/formatter@10.2.2 want: ^4.0.0
711 silly fetch manifest lodash@^4.18.1
712 silly packumentCache full:https://registry.npmmirror.com/lodash cache-miss
713 silly fetch manifest js-yaml@^4.3.0
714 silly packumentCache full:https://registry.npmmirror.com/js-yaml cache-hit
715 silly fetch manifest pluralize@^2.0.0
716 silly packumentCache full:https://registry.npmmirror.com/pluralize cache-hit
717 silly fetch manifest strip-ansi@^6.0.1
718 silly packumentCache full:https://registry.npmmirror.com/strip-ansi cache-hit
719 silly fetch manifest text-table@^0.2.0
720 silly packumentCache full:https://registry.npmmirror.com/text-table cache-miss
721 silly fetch manifest string-width@^4.2.3
722 silly packumentCache full:https://registry.npmmirror.com/string-width cache-miss
723 silly fetch manifest @textlint/types@15.8.0
724 silly packumentCache full:https://registry.npmmirror.com/@textlint%2ftypes cache-hit
725 silly fetch manifest @azu/format-text@^1.0.2
726 silly packumentCache full:https://registry.npmmirror.com/@azu%2fformat-text cache-miss
727 silly fetch manifest @azu/style-format@^1.0.1
728 silly packumentCache full:https://registry.npmmirror.com/@azu%2fstyle-format cache-miss
729 silly fetch manifest @textlint/resolver@15.8.0
730 silly packumentCache full:https://registry.npmmirror.com/@textlint%2fresolver cache-miss
731 silly fetch manifest @textlint/module-interop@15.8.0
732 silly packumentCache full:https://registry.npmmirror.com/@textlint%2fmodule-interop cache-hit
733 silly fetch manifest @textlint/ast-node-types@15.8.0
734 silly packumentCache full:https://registry.npmmirror.com/@textlint%2fast-node-types cache-miss
735 silly fetch manifest ansi-regex@^6.2.2
736 silly packumentCache full:https://registry.npmmirror.com/ansi-regex cache-miss
737 silly fetch manifest lodash.truncate@^4.4.2
738 silly packumentCache full:https://registry.npmmirror.com/lodash.truncate cache-miss
739 silly fetch manifest slice-ansi@^4.0.0
740 silly packumentCache full:https://registry.npmmirror.com/slice-ansi cache-miss
741 silly fetch manifest string-width@^4.2.3
742 silly packumentCache full:https://registry.npmmirror.com/string-width cache-miss
743 silly fetch manifest strip-ansi@^6.0.1
744 silly packumentCache full:https://registry.npmmirror.com/strip-ansi cache-hit
745 silly fetch manifest ansi-escapes@^7.0.0
746 silly packumentCache full:https://registry.npmmirror.com/ansi-escapes cache-miss
747 silly fetch manifest supports-hyperlinks@^3.2.0
748 silly packumentCache full:https://registry.npmmirror.com/supports-hyperlinks cache-miss
749 http cache https://registry.npmmirror.com/string-width 16ms (cache hit)
750 silly packumentCache full:https://registry.npmmirror.com/string-width set size:64604 disposed:false
751 http cache https://registry.npmmirror.com/@azu%2fstyle-format 16ms (cache hit)
752 silly packumentCache full:https://registry.npmmirror.com/@azu%2fstyle-format set size:6574 disposed:false
753 http cache https://registry.npmmirror.com/supports-hyperlinks 16ms (cache hit)
754 silly packumentCache full:https://registry.npmmirror.com/supports-hyperlinks set size:36811 disposed:false
755 http cache https://registry.npmmirror.com/@textlint%2fast-node-types 17ms (cache hit)
756 silly packumentCache full:https://registry.npmmirror.com/@textlint%2fast-node-types set size:217290 disposed:false
757 http cache https://registry.npmmirror.com/lodash.truncate 18ms (cache hit)
758 silly packumentCache full:https://registry.npmmirror.com/lodash.truncate set size:22409 disposed:false
759 http cache https://registry.npmmirror.com/@textlint%2fresolver 18ms (cache hit)
760 silly packumentCache full:https://registry.npmmirror.com/@textlint%2fresolver set size:80402 disposed:false
761 http cache https://registry.npmmirror.com/lodash 20ms (cache hit)
762 silly packumentCache full:https://registry.npmmirror.com/lodash set size:209137 disposed:false
763 http cache https://registry.npmmirror.com/ansi-regex 19ms (cache hit)
764 silly packumentCache full:https://registry.npmmirror.com/ansi-regex set size:42393 disposed:false
765 http cache https://registry.npmmirror.com/@azu%2fformat-text 20ms (cache hit)
766 silly packumentCache full:https://registry.npmmirror.com/@azu%2fformat-text set size:5049 disposed:false
767 http cache https://registry.npmmirror.com/text-table 20ms (cache hit)
768 silly packumentCache full:https://registry.npmmirror.com/text-table set size:9306 disposed:false
769 http cache https://registry.npmmirror.com/slice-ansi 20ms (cache hit)
770 silly packumentCache full:https://registry.npmmirror.com/slice-ansi set size:32186 disposed:false
771 http cache https://registry.npmmirror.com/ansi-escapes 19ms (cache hit)
772 silly packumentCache full:https://registry.npmmirror.com/ansi-escapes set size:61916 disposed:false
773 http cache https://registry.npmmirror.com/string-width 21ms (cache hit)
774 silly packumentCache full:https://registry.npmmirror.com/string-width set size:64604 disposed:false
775 silly packumentCache full:https://registry.npmmirror.com/string-width dispose
776 silly placeDep ROOT node-sarif-builder@3.4.0 OK for: @secretlint/secretlint-formatter-sarif@10.2.2 want: ^3.2.0
777 silly fetch manifest @types/sarif@^2.1.7
778 silly packumentCache full:https://registry.npmmirror.com/@types%2fsarif cache-miss
779 silly fetch manifest fs-extra@^11.1.1
780 silly packumentCache full:https://registry.npmmirror.com/fs-extra cache-miss
781 http cache https://registry.npmmirror.com/@types%2fsarif 3ms (cache hit)
782 silly packumentCache full:https://registry.npmmirror.com/@types%2fsarif set size:21843 disposed:false
783 http cache https://registry.npmmirror.com/fs-extra 3ms (cache hit)
784 silly packumentCache full:https://registry.npmmirror.com/fs-extra set size:225593 disposed:false
785 silly placeDep ROOT istextorbinary@9.5.0 OK for: @secretlint/source-creator@10.2.2 want: ^9.5.0
786 silly fetch manifest binaryextensions@^6.11.0
787 silly packumentCache full:https://registry.npmmirror.com/binaryextensions cache-miss
788 silly fetch manifest editions@^6.21.0
789 silly packumentCache full:https://registry.npmmirror.com/editions cache-miss
790 silly fetch manifest textextensions@^6.11.0
791 silly packumentCache full:https://registry.npmmirror.com/textextensions cache-miss
792 http cache https://registry.npmmirror.com/editions 4ms (cache hit)
793 silly packumentCache full:https://registry.npmmirror.com/editions set size:914954 disposed:false
794 http cache https://registry.npmmirror.com/binaryextensions 7ms (cache hit)
795 silly packumentCache full:https://registry.npmmirror.com/binaryextensions set size:828402 disposed:false
796 http cache https://registry.npmmirror.com/textextensions 10ms (cache hit)
797 silly packumentCache full:https://registry.npmmirror.com/textextensions set size:888801 disposed:false
798 silly placeDep ROOT @azu/format-text@1.0.2 OK for: @textlint/linter-formatter@15.8.0 want: ^1.0.2
799 silly placeDep ROOT @azu/style-format@1.0.1 OK for: @textlint/linter-formatter@15.8.0 want: ^1.0.1
800 silly placeDep ROOT @textlint/resolver@15.8.0 OK for: @textlint/linter-formatter@15.8.0 want: 15.8.0
801 silly placeDep ROOT js-yaml@4.3.1 OK for: @textlint/linter-formatter@15.8.0 want: ^4.3.0
802 silly placeDep ROOT lodash@4.18.1 OK for: @textlint/linter-formatter@15.8.0 want: ^4.18.1
803 silly placeDep node_modules/@textlint/linter-formatter pluralize@2.0.0 OK for: @textlint/linter-formatter@15.8.0 want: ^2.0.0
804 silly placeDep ROOT string-width@4.2.3 OK for: @textlint/linter-formatter@15.8.0 want: ^4.2.3
805 silly placeDep node_modules/@textlint/linter-formatter strip-ansi@6.0.1 OK for: @textlint/linter-formatter@15.8.0 want: ^6.0.1
806 silly placeDep ROOT text-table@0.2.0 OK for: @textlint/linter-formatter@15.8.0 want: ^0.2.0
807 silly fetch manifest emoji-regex@^8.0.0
808 silly packumentCache full:https://registry.npmmirror.com/emoji-regex cache-miss
809 silly fetch manifest is-fullwidth-code-point@^3.0.0
810 silly packumentCache full:https://registry.npmmirror.com/is-fullwidth-code-point cache-miss
811 silly fetch manifest ansi-regex@^5.0.1
812 silly packumentCache full:https://registry.npmmirror.com/ansi-regex cache-hit
813 http cache https://registry.npmmirror.com/emoji-regex 3ms (cache hit)
814 silly packumentCache full:https://registry.npmmirror.com/emoji-regex set size:78767 disposed:false
815 http cache https://registry.npmmirror.com/is-fullwidth-code-point 4ms (cache hit)
816 silly packumentCache full:https://registry.npmmirror.com/is-fullwidth-code-point set size:12890 disposed:false
817 silly placeDep ROOT @textlint/ast-node-types@15.8.0 OK for: @textlint/types@15.8.0 want: 15.8.0
818 silly placeDep ROOT http-proxy-agent@7.0.2 OK for: @typespec/ts-http-runtime@0.3.8 want: ^7.0.0
819 silly placeDep ROOT https-proxy-agent@7.0.6 OK for: @typespec/ts-http-runtime@0.3.8 want: ^7.0.0
820 silly fetch manifest agent-base@^7.1.0
821 silly packumentCache full:https://registry.npmmirror.com/agent-base cache-miss
822 silly fetch manifest agent-base@^7.1.2
823 silly packumentCache full:https://registry.npmmirror.com/agent-base cache-miss
824 http cache https://registry.npmmirror.com/agent-base 2ms (cache hit)
825 silly packumentCache full:https://registry.npmmirror.com/agent-base set size:65554 disposed:false
826 http cache https://registry.npmmirror.com/agent-base 4ms (cache hit)
827 silly packumentCache full:https://registry.npmmirror.com/agent-base set size:65554 disposed:false
828 silly packumentCache full:https://registry.npmmirror.com/agent-base dispose
829 silly placeDep ROOT @vscode/vsce-sign-alpine-arm64@2.0.6 OK for: @vscode/vsce-sign@2.0.9 want: 2.0.6
830 silly placeDep ROOT @vscode/vsce-sign-alpine-x64@2.0.6 OK for: @vscode/vsce-sign@2.0.9 want: 2.0.6
831 silly placeDep ROOT @vscode/vsce-sign-darwin-arm64@2.0.6 OK for: @vscode/vsce-sign@2.0.9 want: 2.0.6
832 silly placeDep ROOT @vscode/vsce-sign-darwin-x64@2.0.6 OK for: @vscode/vsce-sign@2.0.9 want: 2.0.6
833 silly placeDep ROOT @vscode/vsce-sign-linux-arm@2.0.6 OK for: @vscode/vsce-sign@2.0.9 want: 2.0.6
834 silly placeDep ROOT @vscode/vsce-sign-linux-arm64@2.0.6 OK for: @vscode/vsce-sign@2.0.9 want: 2.0.6
835 silly placeDep ROOT @vscode/vsce-sign-linux-x64@2.0.6 OK for: @vscode/vsce-sign@2.0.9 want: 2.0.6
836 silly placeDep ROOT @vscode/vsce-sign-win32-arm64@2.0.6 OK for: @vscode/vsce-sign@2.0.9 want: 2.0.6
837 silly placeDep ROOT @vscode/vsce-sign-win32-x64@2.0.6 OK for: @vscode/vsce-sign@2.0.9 want: 2.0.6
838 silly placeDep ROOT fast-deep-equal@3.1.3 OK for: ajv@8.20.0 want: ^3.1.3
839 silly placeDep ROOT fast-uri@3.1.5 OK for: ajv@8.20.0 want: ^3.0.1
840 silly placeDep ROOT json-schema-traverse@1.0.0 OK for: ajv@8.20.0 want: ^1.0.0
841 silly placeDep ROOT require-from-string@2.0.2 OK for: ajv@8.20.0 want: ^2.0.2
842 silly placeDep ROOT tunnel@0.0.6 OK for: azure-devops-node-api@12.5.0 want: 0.0.6
843 silly placeDep ROOT ansi-styles@4.3.0 OK for: chalk@4.1.2 want: ^4.1.0
844 silly placeDep ROOT supports-color@7.2.0 OK for: chalk@4.1.2 want: ^7.1.0
845 silly fetch manifest color-convert@^2.0.1
846 silly packumentCache full:https://registry.npmmirror.com/color-convert cache-miss
847 silly fetch manifest has-flag@^4.0.0
848 silly packumentCache full:https://registry.npmmirror.com/has-flag cache-miss
849 http cache https://registry.npmmirror.com/color-convert 3ms (cache hit)
850 silly packumentCache full:https://registry.npmmirror.com/color-convert set size:68349 disposed:false
851 http cache https://registry.npmmirror.com/has-flag 7ms (cache hit)
852 silly packumentCache full:https://registry.npmmirror.com/has-flag set size:12133 disposed:false
853 silly placeDep ROOT color-convert@2.0.1 OK for: ansi-styles@4.3.0 want: ^2.0.1
854 silly fetch manifest color-name@~1.1.4
855 silly packumentCache full:https://registry.npmmirror.com/color-name cache-miss
856 http cache https://registry.npmmirror.com/color-name 2ms (cache hit)
857 silly packumentCache full:https://registry.npmmirror.com/color-name set size:20338 disposed:false
858 silly placeDep ROOT cheerio-select@2.1.0 OK for: cheerio@1.2.0 want: ^2.1.0
859 silly placeDep ROOT dom-serializer@2.0.0 OK for: cheerio@1.2.0 want: ^2.0.0
860 silly placeDep ROOT domhandler@5.0.3 OK for: cheerio@1.2.0 want: ^5.0.3
861 silly placeDep ROOT domutils@3.2.2 OK for: cheerio@1.2.0 want: ^3.2.2
862 silly placeDep ROOT encoding-sniffer@0.2.1 OK for: cheerio@1.2.0 want: ^0.2.1
863 silly placeDep ROOT htmlparser2@10.1.0 OK for: cheerio@1.2.0 want: ^10.1.0
864 silly placeDep ROOT parse5@7.3.0 OK for: cheerio@1.2.0 want: ^7.3.0
865 silly placeDep ROOT parse5-htmlparser2-tree-adapter@7.1.0 OK for: cheerio@1.2.0 want: ^7.1.0
866 silly placeDep ROOT parse5-parser-stream@7.1.2 OK for: cheerio@1.2.0 want: ^7.1.2
867 silly placeDep ROOT undici@7.29.0 OK for: cheerio@1.2.0 want: ^7.19.0
868 silly placeDep ROOT whatwg-mimetype@4.0.0 OK for: cheerio@1.2.0 want: ^4.0.0
869 silly fetch manifest boolbase@^1.0.0
870 silly packumentCache full:https://registry.npmmirror.com/boolbase cache-miss
871 silly fetch manifest css-select@^5.1.0
872 silly packumentCache full:https://registry.npmmirror.com/css-select cache-miss
873 silly fetch manifest css-what@^6.1.0
874 silly packumentCache full:https://registry.npmmirror.com/css-what cache-miss
875 silly fetch manifest domelementtype@^2.3.0
876 silly packumentCache full:https://registry.npmmirror.com/domelementtype cache-miss
877 silly fetch manifest domutils@^3.0.1
878 silly packumentCache full:https://registry.npmmirror.com/domutils cache-hit
879 silly fetch manifest domelementtype@^2.3.0
880 silly packumentCache full:https://registry.npmmirror.com/domelementtype cache-miss
881 silly fetch manifest domhandler@^5.0.2
882 silly packumentCache full:https://registry.npmmirror.com/domhandler cache-hit
883 silly fetch manifest entities@^4.2.0
884 silly packumentCache full:https://registry.npmmirror.com/entities cache-hit
885 silly fetch manifest domelementtype@^2.3.0
886 silly packumentCache full:https://registry.npmmirror.com/domelementtype cache-miss
887 silly fetch manifest domelementtype@^2.3.0
888 silly packumentCache full:https://registry.npmmirror.com/domelementtype cache-miss
889 silly fetch manifest iconv-lite@^0.6.3
890 silly packumentCache full:https://registry.npmmirror.com/iconv-lite cache-miss
891 silly fetch manifest whatwg-encoding@^3.1.1
892 silly packumentCache full:https://registry.npmmirror.com/whatwg-encoding cache-miss
893 silly fetch manifest domelementtype@^2.3.0
894 silly packumentCache full:https://registry.npmmirror.com/domelementtype cache-miss
895 silly fetch manifest entities@^7.0.1
896 silly packumentCache full:https://registry.npmmirror.com/entities cache-hit
897 silly fetch manifest entities@^6.0.0
898 silly packumentCache full:https://registry.npmmirror.com/entities cache-hit
899 http cache https://registry.npmmirror.com/css-what 9ms (cache hit)
900 silly packumentCache full:https://registry.npmmirror.com/css-what set size:67968 disposed:false
901 http cache https://registry.npmmirror.com/iconv-lite 10ms (cache hit)
902 silly packumentCache full:https://registry.npmmirror.com/iconv-lite set size:122354 disposed:false
903 http cache https://registry.npmmirror.com/whatwg-encoding 9ms (cache hit)
904 silly packumentCache full:https://registry.npmmirror.com/whatwg-encoding set size:22669 disposed:false
905 http cache https://registry.npmmirror.com/boolbase 12ms (cache hit)
906 silly packumentCache full:https://registry.npmmirror.com/boolbase set size:4581 disposed:false
907 http cache https://registry.npmmirror.com/css-select 11ms (cache hit)
908 silly packumentCache full:https://registry.npmmirror.com/css-select set size:96399 disposed:false
909 http cache https://registry.npmmirror.com/domelementtype 12ms (cache hit)
910 silly packumentCache full:https://registry.npmmirror.com/domelementtype set size:26709 disposed:false
911 http cache https://registry.npmmirror.com/domelementtype 13ms (cache hit)
912 silly packumentCache full:https://registry.npmmirror.com/domelementtype set size:26709 disposed:false
913 silly packumentCache full:https://registry.npmmirror.com/domelementtype dispose
914 http cache https://registry.npmmirror.com/domelementtype 14ms (cache hit)
915 silly packumentCache full:https://registry.npmmirror.com/domelementtype set size:26709 disposed:true
916 silly packumentCache full:https://registry.npmmirror.com/domelementtype dispose
917 http cache https://registry.npmmirror.com/domelementtype 14ms (cache hit)
918 silly packumentCache full:https://registry.npmmirror.com/domelementtype set size:26709 disposed:true
919 silly packumentCache full:https://registry.npmmirror.com/domelementtype dispose
920 http cache https://registry.npmmirror.com/domelementtype 14ms (cache hit)
921 silly packumentCache full:https://registry.npmmirror.com/domelementtype set size:26709 disposed:true
922 silly packumentCache full:https://registry.npmmirror.com/domelementtype dispose
923 silly placeDep ROOT boolbase@1.0.0 OK for: cheerio-select@2.1.0 want: ^1.0.0
924 silly placeDep ROOT css-select@5.2.2 OK for: cheerio-select@2.1.0 want: ^5.1.0
925 silly placeDep ROOT css-what@6.2.2 OK for: cheerio-select@2.1.0 want: ^6.1.0
926 silly placeDep ROOT domelementtype@2.3.0 OK for: cheerio-select@2.1.0 want: ^2.3.0
927 silly fetch manifest nth-check@^2.0.1
928 silly packumentCache full:https://registry.npmmirror.com/nth-check cache-miss
929 http cache https://registry.npmmirror.com/nth-check 3ms (cache hit)
930 silly packumentCache full:https://registry.npmmirror.com/nth-check set size:24887 disposed:false
931 silly placeDep ROOT color-name@1.1.4 OK for: color-convert@2.0.1 want: ~1.1.4
932 silly placeDep ROOT nth-check@2.1.1 OK for: css-select@5.2.2 want: ^2.0.1
933 silly placeDep ROOT ms@2.1.3 OK for: debug@4.4.3 want: ^2.1.3
934 silly placeDep ROOT entities@4.5.0 OK for: dom-serializer@2.0.0 want: ^4.2.0
935 silly placeDep ROOT iconv-lite@0.6.3 OK for: encoding-sniffer@0.2.1 want: ^0.6.3
936 silly placeDep ROOT whatwg-encoding@3.1.1 OK for: encoding-sniffer@0.2.1 want: ^3.1.1
937 silly fetch manifest safer-buffer@>= 2.1.2 < 3.0.0
938 silly packumentCache full:https://registry.npmmirror.com/safer-buffer cache-miss
939 http cache https://registry.npmmirror.com/safer-buffer 2ms (cache hit)
940 silly packumentCache full:https://registry.npmmirror.com/safer-buffer set size:18118 disposed:false
941 silly placeDep ROOT asynckit@0.4.0 OK for: form-data@4.0.6 want: ^0.4.0
942 silly placeDep ROOT combined-stream@1.0.8 OK for: form-data@4.0.6 want: ^1.0.8
943 silly placeDep ROOT es-set-tostringtag@2.1.0 OK for: form-data@4.0.6 want: ^2.1.0
944 silly placeDep ROOT hasown@2.0.4 OK for: form-data@4.0.6 want: ^2.0.4
945 silly placeDep ROOT mime-types@2.1.35 OK for: form-data@4.0.6 want: ^2.1.35
946 silly fetch manifest delayed-stream@~1.0.0
947 silly packumentCache full:https://registry.npmmirror.com/delayed-stream cache-miss
948 silly fetch manifest es-errors@^1.3.0
949 silly packumentCache full:https://registry.npmmirror.com/es-errors cache-miss
950 silly fetch manifest get-intrinsic@^1.2.6
951 silly packumentCache full:https://registry.npmmirror.com/get-intrinsic cache-miss
952 silly fetch manifest has-tostringtag@^1.0.2
953 silly packumentCache full:https://registry.npmmirror.com/has-tostringtag cache-miss
954 silly fetch manifest hasown@^2.0.2
955 silly packumentCache full:https://registry.npmmirror.com/hasown cache-hit
956 silly fetch manifest function-bind@^1.1.2
957 silly packumentCache full:https://registry.npmmirror.com/function-bind cache-miss
958 silly fetch manifest mime-db@1.52.0
959 silly packumentCache full:https://registry.npmmirror.com/mime-db cache-miss
960 http cache https://registry.npmmirror.com/get-intrinsic 5ms (cache hit)
961 silly packumentCache full:https://registry.npmmirror.com/get-intrinsic set size:57532 disposed:false
962 http cache https://registry.npmmirror.com/delayed-stream 6ms (cache hit)
963 silly packumentCache full:https://registry.npmmirror.com/delayed-stream set size:16626 disposed:false
964 http cache https://registry.npmmirror.com/has-tostringtag 6ms (cache hit)
965 silly packumentCache full:https://registry.npmmirror.com/has-tostringtag set size:13246 disposed:false
966 http cache https://registry.npmmirror.com/es-errors 6ms (cache hit)
967 silly packumentCache full:https://registry.npmmirror.com/es-errors set size:17576 disposed:false
968 http cache https://registry.npmmirror.com/function-bind 6ms (cache hit)
969 silly packumentCache full:https://registry.npmmirror.com/function-bind set size:15630 disposed:false
970 http cache https://registry.npmmirror.com/mime-db 7ms (cache hit)
971 silly packumentCache full:https://registry.npmmirror.com/mime-db set size:147903 disposed:false
972 silly placeDep ROOT delayed-stream@1.0.0 OK for: combined-stream@1.0.8 want: ~1.0.0
973 silly placeDep ROOT es-errors@1.3.0 OK for: es-set-tostringtag@2.1.0 want: ^1.3.0
974 silly placeDep ROOT get-intrinsic@1.3.0 OK for: es-set-tostringtag@2.1.0 want: ^1.2.6
975 silly placeDep ROOT has-tostringtag@1.0.2 OK for: es-set-tostringtag@2.1.0 want: ^1.0.2
976 silly fetch manifest call-bind-apply-helpers@^1.0.2
977 silly packumentCache full:https://registry.npmmirror.com/call-bind-apply-helpers cache-miss
978 silly fetch manifest es-define-property@^1.0.1
979 silly packumentCache full:https://registry.npmmirror.com/es-define-property cache-miss
980 silly fetch manifest es-object-atoms@^1.1.1
981 silly packumentCache full:https://registry.npmmirror.com/es-object-atoms cache-miss
982 silly fetch manifest get-proto@^1.0.1
983 silly packumentCache full:https://registry.npmmirror.com/get-proto cache-miss
984 silly fetch manifest gopd@^1.2.0
985 silly packumentCache full:https://registry.npmmirror.com/gopd cache-miss
986 silly fetch manifest has-symbols@^1.1.0
987 silly packumentCache full:https://registry.npmmirror.com/has-symbols cache-miss
988 silly fetch manifest math-intrinsics@^1.1.0
989 silly packumentCache full:https://registry.npmmirror.com/math-intrinsics cache-miss
990 silly fetch manifest has-symbols@^1.0.3
991 silly packumentCache full:https://registry.npmmirror.com/has-symbols cache-miss
992 http cache https://registry.npmmirror.com/call-bind-apply-helpers 6ms (cache hit)
993 silly packumentCache full:https://registry.npmmirror.com/call-bind-apply-helpers set size:13140 disposed:false
994 http cache https://registry.npmmirror.com/es-define-property 6ms (cache hit)
995 silly packumentCache full:https://registry.npmmirror.com/es-define-property set size:8807 disposed:false
996 http cache https://registry.npmmirror.com/has-symbols 7ms (cache hit)
997 silly packumentCache full:https://registry.npmmirror.com/has-symbols set size:19589 disposed:false
998 http cache https://registry.npmmirror.com/gopd 7ms (cache hit)
999 silly packumentCache full:https://registry.npmmirror.com/gopd set size:11756 disposed:false
1000 http cache https://registry.npmmirror.com/has-symbols 7ms (cache hit)
1001 silly packumentCache full:https://registry.npmmirror.com/has-symbols set size:19589 disposed:false
1002 silly packumentCache full:https://registry.npmmirror.com/has-symbols dispose
1003 http cache https://registry.npmmirror.com/get-proto 8ms (cache hit)
1004 silly packumentCache full:https://registry.npmmirror.com/get-proto set size:8565 disposed:false
1005 http cache https://registry.npmmirror.com/es-object-atoms 9ms (cache hit)
1006 silly packumentCache full:https://registry.npmmirror.com/es-object-atoms set size:18936 disposed:false
1007 http cache https://registry.npmmirror.com/math-intrinsics 9ms (cache hit)
1008 silly packumentCache full:https://registry.npmmirror.com/math-intrinsics set size:9530 disposed:false
1009 silly placeDep ROOT call-bind-apply-helpers@1.0.2 OK for: get-intrinsic@1.3.0 want: ^1.0.2
1010 silly placeDep ROOT es-define-property@1.0.1 OK for: get-intrinsic@1.3.0 want: ^1.0.1
1011 silly placeDep ROOT es-object-atoms@1.1.2 OK for: get-intrinsic@1.3.0 want: ^1.1.1
1012 silly placeDep ROOT function-bind@1.1.2 OK for: get-intrinsic@1.3.0 want: ^1.1.2
1013 silly placeDep ROOT get-proto@1.0.1 OK for: get-intrinsic@1.3.0 want: ^1.0.1
1014 silly placeDep ROOT gopd@1.2.0 OK for: get-intrinsic@1.3.0 want: ^1.2.0
1015 silly placeDep ROOT has-symbols@1.1.0 OK for: get-intrinsic@1.3.0 want: ^1.1.0
1016 silly placeDep ROOT math-intrinsics@1.1.0 OK for: get-intrinsic@1.3.0 want: ^1.1.0
1017 silly fetch manifest dunder-proto@^1.0.1
1018 silly packumentCache full:https://registry.npmmirror.com/dunder-proto cache-miss
1019 http cache https://registry.npmmirror.com/dunder-proto 4ms (cache hit)
1020 silly packumentCache full:https://registry.npmmirror.com/dunder-proto set size:8521 disposed:false
1021 silly placeDep ROOT dunder-proto@1.0.1 OK for: get-proto@1.0.1 want: ^1.0.1
1022 silly placeDep ROOT minipass@7.1.3 OK for: glob@13.0.6 want: ^7.1.3
1023 silly placeDep ROOT path-scurry@2.0.2 OK for: glob@13.0.6 want: ^2.0.2
1024 silly fetch manifest lru-cache@^11.0.0
1025 silly packumentCache full:https://registry.npmmirror.com/lru-cache cache-hit
1026 silly placeDep ROOT lru-cache@6.0.0 OK for: hosted-git-info@4.1.0 want: ^6.0.0
1027 silly fetch manifest yallist@^4.0.0
1028 silly packumentCache full:https://registry.npmmirror.com/yallist cache-miss
1029 http cache https://registry.npmmirror.com/yallist 3ms (cache hit)
1030 silly packumentCache full:https://registry.npmmirror.com/yallist set size:30664 disposed:false
1031 silly placeDep node_modules/htmlparser2 entities@7.0.1 OK for: htmlparser2@10.1.0 want: ^7.0.1
1032 silly placeDep ROOT agent-base@7.1.4 OK for: http-proxy-agent@7.0.2 want: ^7.1.0
1033 silly placeDep ROOT safer-buffer@2.1.2 OK for: iconv-lite@0.6.3 want: >= 2.1.2 < 3.0.0
1034 silly placeDep ROOT binaryextensions@6.11.0 OK for: istextorbinary@9.5.0 want: ^6.11.0
1035 silly placeDep ROOT editions@6.22.0 OK for: istextorbinary@9.5.0 want: ^6.21.0
1036 silly placeDep ROOT textextensions@6.11.0 OK for: istextorbinary@9.5.0 want: ^6.11.0
1037 silly fetch manifest version-range@^4.15.0
1038 silly packumentCache full:https://registry.npmmirror.com/version-range cache-miss
1039 http cache https://registry.npmmirror.com/version-range 2ms (cache hit)
1040 silly packumentCache full:https://registry.npmmirror.com/version-range set size:482628 disposed:false
1041 silly placeDep ROOT version-range@4.15.0 OK for: editions@6.22.0 want: ^4.15.0
1042 silly placeDep ROOT argparse@2.0.1 OK for: js-yaml@4.3.1 want: ^2.0.1
1043 silly placeDep ROOT jws@4.0.1 OK for: jsonwebtoken@9.0.3 want: ^4.0.1
1044 silly placeDep ROOT lodash.includes@4.3.0 OK for: jsonwebtoken@9.0.3 want: ^4.3.0
1045 silly placeDep ROOT lodash.isboolean@3.0.3 OK for: jsonwebtoken@9.0.3 want: ^3.0.3
1046 silly placeDep ROOT lodash.isinteger@4.0.4 OK for: jsonwebtoken@9.0.3 want: ^4.0.4
1047 silly placeDep ROOT lodash.isnumber@3.0.3 OK for: jsonwebtoken@9.0.3 want: ^3.0.3
1048 silly placeDep ROOT lodash.isplainobject@4.0.6 OK for: jsonwebtoken@9.0.3 want: ^4.0.6
1049 silly placeDep ROOT lodash.isstring@4.0.1 OK for: jsonwebtoken@9.0.3 want: ^4.0.1
1050 silly placeDep ROOT lodash.once@4.1.1 OK for: jsonwebtoken@9.0.3 want: ^4.0.0
1051 silly fetch manifest jwa@^2.0.1
1052 silly packumentCache full:https://registry.npmmirror.com/jwa cache-miss
1053 silly fetch manifest safe-buffer@^5.0.1
1054 silly packumentCache full:https://registry.npmmirror.com/safe-buffer cache-miss
1055 http cache https://registry.npmmirror.com/jwa 2ms (cache hit)
1056 silly packumentCache full:https://registry.npmmirror.com/jwa set size:38846 disposed:false
1057 http cache https://registry.npmmirror.com/safe-buffer 3ms (cache hit)
1058 silly packumentCache full:https://registry.npmmirror.com/safe-buffer set size:38090 disposed:false
1059 silly placeDep ROOT jwa@2.0.1 OK for: jws@4.0.1 want: ^2.0.1
1060 silly placeDep ROOT safe-buffer@5.2.1 OK for: jws@4.0.1 want: ^5.0.1
1061 silly fetch manifest ecdsa-sig-formatter@1.0.11
1062 silly packumentCache full:https://registry.npmmirror.com/ecdsa-sig-formatter cache-miss
1063 silly fetch manifest buffer-equal-constant-time@^1.0.1
1064 silly packumentCache full:https://registry.npmmirror.com/buffer-equal-constant-time cache-miss
1065 http cache https://registry.npmmirror.com/ecdsa-sig-formatter 3ms (cache hit)
1066 silly packumentCache full:https://registry.npmmirror.com/ecdsa-sig-formatter set size:21226 disposed:false
1067 http cache https://registry.npmmirror.com/buffer-equal-constant-time 3ms (cache hit)
1068 silly packumentCache full:https://registry.npmmirror.com/buffer-equal-constant-time set size:4351 disposed:false
1069 silly placeDep ROOT buffer-equal-constant-time@1.0.1 OK for: jwa@2.0.1 want: ^1.0.1
1070 silly placeDep ROOT ecdsa-sig-formatter@1.0.11 OK for: jwa@2.0.1 want: 1.0.11
1071 silly placeDep ROOT node-addon-api@4.3.0 OK for: keytar@7.9.0 want: ^4.3.0
1072 silly placeDep ROOT prebuild-install@7.1.2 OK for: keytar@7.9.0 want: ^7.0.1
1073 silly fetch manifest detect-libc@^2.0.0
1074 silly packumentCache full:https://registry.npmmirror.com/detect-libc cache-miss
1075 silly fetch manifest expand-template@^2.0.3
1076 silly packumentCache full:https://registry.npmmirror.com/expand-template cache-miss
1077 silly fetch manifest github-from-package@0.0.0
1078 silly packumentCache full:https://registry.npmmirror.com/github-from-package cache-miss
1079 silly fetch manifest minimist@^1.2.3
1080 silly packumentCache full:https://registry.npmmirror.com/minimist cache-miss
1081 silly fetch manifest mkdirp-classic@^0.5.3
1082 silly packumentCache full:https://registry.npmmirror.com/mkdirp-classic cache-miss
1083 silly fetch manifest napi-build-utils@^1.0.1
1084 silly packumentCache full:https://registry.npmmirror.com/napi-build-utils cache-miss
1085 silly fetch manifest node-abi@^3.3.0
1086 silly packumentCache full:https://registry.npmmirror.com/node-abi cache-miss
1087 silly fetch manifest pump@^3.0.0
1088 silly packumentCache full:https://registry.npmmirror.com/pump cache-miss
1089 silly fetch manifest rc@^1.2.7
1090 silly packumentCache full:https://registry.npmmirror.com/rc cache-miss
1091 silly fetch manifest simple-get@^4.0.0
1092 silly packumentCache full:https://registry.npmmirror.com/simple-get cache-miss
1093 silly fetch manifest tar-fs@^2.0.0
1094 silly packumentCache full:https://registry.npmmirror.com/tar-fs cache-miss
1095 silly fetch manifest tunnel-agent@^0.6.0
1096 silly packumentCache full:https://registry.npmmirror.com/tunnel-agent cache-miss
1097 http cache https://registry.npmmirror.com/minimist 9ms (cache hit)
1098 silly packumentCache full:https://registry.npmmirror.com/minimist set size:61697 disposed:false
1099 http cache https://registry.npmmirror.com/expand-template 9ms (cache hit)
1100 silly packumentCache full:https://registry.npmmirror.com/expand-template set size:18298 disposed:false
1101 http cache https://registry.npmmirror.com/mkdirp-classic 9ms (cache hit)
1102 silly packumentCache full:https://registry.npmmirror.com/mkdirp-classic set size:3569 disposed:false
1103 http cache https://registry.npmmirror.com/napi-build-utils 9ms (cache hit)
1104 silly packumentCache full:https://registry.npmmirror.com/napi-build-utils set size:10691 disposed:false
1105 http cache https://registry.npmmirror.com/detect-libc 10ms (cache hit)
1106 silly packumentCache full:https://registry.npmmirror.com/detect-libc set size:48467 disposed:false
1107 http cache https://registry.npmmirror.com/node-abi 10ms (cache hit)
1108 silly packumentCache full:https://registry.npmmirror.com/node-abi set size:350336 disposed:false
1109 http cache https://registry.npmmirror.com/rc 12ms (cache hit)
1110 silly packumentCache full:https://registry.npmmirror.com/rc set size:85073 disposed:false
1111 http cache https://registry.npmmirror.com/pump 13ms (cache hit)
1112 silly packumentCache full:https://registry.npmmirror.com/pump set size:40806 disposed:false
1113 http cache https://registry.npmmirror.com/github-from-package 14ms (cache hit)
1114 silly packumentCache full:https://registry.npmmirror.com/github-from-package set size:2913 disposed:false
1115 http cache https://registry.npmmirror.com/simple-get 13ms (cache hit)
1116 silly packumentCache full:https://registry.npmmirror.com/simple-get set size:81097 disposed:false
1117 http cache https://registry.npmmirror.com/tar-fs 14ms (cache hit)
1118 silly packumentCache full:https://registry.npmmirror.com/tar-fs set size:121967 disposed:false
1119 http cache https://registry.npmmirror.com/tunnel-agent 15ms (cache hit)
1120 silly packumentCache full:https://registry.npmmirror.com/tunnel-agent set size:11956 disposed:false
1121 silly placeDep ROOT yallist@4.0.0 OK for: lru-cache@6.0.0 want: ^4.0.0
1122 silly placeDep ROOT linkify-it@5.0.2 OK for: markdown-it@14.3.0 want: ^5.0.2
1123 silly placeDep ROOT mdurl@2.1.0 OK for: markdown-it@14.3.0 want: ^2.0.0
1124 silly placeDep ROOT punycode.js@2.3.1 OK for: markdown-it@14.3.0 want: ^2.3.1
1125 silly placeDep ROOT uc.micro@2.1.0 OK for: markdown-it@14.3.0 want: ^2.1.0
1126 silly fetch manifest uc.micro@^2.0.0
1127 silly packumentCache full:https://registry.npmmirror.com/uc.micro cache-hit
1128 silly placeDep ROOT mime-db@1.52.0 OK for: mime-types@2.1.35 want: 1.52.0
1129 silly placeDep ROOT brace-expansion@5.0.9 OK for: minimatch@10.2.6 want: ^5.0.8
1130 silly fetch manifest balanced-match@^4.0.2
1131 silly packumentCache full:https://registry.npmmirror.com/balanced-match cache-miss
1132 http cache https://registry.npmmirror.com/balanced-match 2ms (cache hit)
1133 silly packumentCache full:https://registry.npmmirror.com/balanced-match set size:36779 disposed:false
1134 silly placeDep ROOT balanced-match@4.0.4 OK for: brace-expansion@5.0.9 want: ^4.0.2
1135 silly placeDep ROOT @types/sarif@2.1.7 OK for: node-sarif-builder@3.4.0 want: ^2.1.7
1136 silly placeDep ROOT fs-extra@11.4.0 OK for: node-sarif-builder@3.4.0 want: ^11.1.1
1137 silly fetch manifest graceful-fs@^4.2.0
1138 silly packumentCache full:https://registry.npmmirror.com/graceful-fs cache-miss
1139 silly fetch manifest jsonfile@^6.0.1
1140 silly packumentCache full:https://registry.npmmirror.com/jsonfile cache-miss
1141 silly fetch manifest universalify@^2.0.0
1142 silly packumentCache full:https://registry.npmmirror.com/universalify cache-miss
1143 http cache https://registry.npmmirror.com/universalify 2ms (cache hit)
1144 silly packumentCache full:https://registry.npmmirror.com/universalify set size:15581 disposed:false
1145 http cache https://registry.npmmirror.com/jsonfile 4ms (cache hit)
1146 silly packumentCache full:https://registry.npmmirror.com/jsonfile set size:46505 disposed:false
1147 http cache https://registry.npmmirror.com/graceful-fs 4ms (cache hit)
1148 silly packumentCache full:https://registry.npmmirror.com/graceful-fs set size:109027 disposed:false
1149 silly placeDep ROOT graceful-fs@4.2.11 OK for: fs-extra@11.4.0 want: ^4.2.0
1150 silly placeDep ROOT jsonfile@6.2.1 OK for: fs-extra@11.4.0 want: ^6.0.1
1151 silly placeDep ROOT universalify@2.0.1 OK for: fs-extra@11.4.0 want: ^2.0.0
1152 silly placeDep ROOT default-browser@5.5.0 OK for: open@10.2.0 want: ^5.2.1
1153 silly placeDep ROOT define-lazy-prop@3.0.0 OK for: open@10.2.0 want: ^3.0.0
1154 silly placeDep ROOT is-inside-container@1.0.0 OK for: open@10.2.0 want: ^1.0.0
1155 silly placeDep ROOT wsl-utils@0.1.0 OK for: open@10.2.0 want: ^0.1.0
1156 silly fetch manifest bundle-name@^4.1.0
1157 silly packumentCache full:https://registry.npmmirror.com/bundle-name cache-miss
1158 silly fetch manifest default-browser-id@^5.0.0
1159 silly packumentCache full:https://registry.npmmirror.com/default-browser-id cache-miss
1160 silly fetch manifest is-docker@^3.0.0
1161 silly packumentCache full:https://registry.npmmirror.com/is-docker cache-miss
1162 silly fetch manifest is-wsl@^3.1.0
1163 silly packumentCache full:https://registry.npmmirror.com/is-wsl cache-miss
1164 http cache https://registry.npmmirror.com/default-browser-id 4ms (cache hit)
1165 silly packumentCache full:https://registry.npmmirror.com/default-browser-id set size:23770 disposed:false
1166 http cache https://registry.npmmirror.com/is-wsl 4ms (cache hit)
1167 silly packumentCache full:https://registry.npmmirror.com/is-wsl set size:17175 disposed:false
1168 http cache https://registry.npmmirror.com/bundle-name 5ms (cache hit)
1169 silly packumentCache full:https://registry.npmmirror.com/bundle-name set size:16606 disposed:false
1170 http cache https://registry.npmmirror.com/is-docker 4ms (cache hit)
1171 silly packumentCache full:https://registry.npmmirror.com/is-docker set size:17911 disposed:false
1172 silly placeDep ROOT bundle-name@4.1.0 OK for: default-browser@5.5.0 want: ^4.1.0
1173 silly placeDep ROOT default-browser-id@5.0.1 OK for: default-browser@5.5.0 want: ^5.0.0
1174 silly fetch manifest run-applescript@^7.0.0
1175 silly packumentCache full:https://registry.npmmirror.com/run-applescript cache-miss
1176 http cache https://registry.npmmirror.com/run-applescript 2ms (cache hit)
1177 silly packumentCache full:https://registry.npmmirror.com/run-applescript set size:24250 disposed:false
1178 silly placeDep ROOT run-applescript@7.1.0 OK for: bundle-name@4.1.0 want: ^7.0.0
1179 silly placeDep ROOT is-docker@3.0.0 OK for: is-inside-container@1.0.0 want: ^3.0.0
1180 silly placeDep node_modules/parse-semver semver@5.7.2 OK for: parse-semver@1.1.1 want: ^5.1.0
1181 silly placeDep node_modules/parse5 entities@6.0.1 OK for: parse5@7.3.0 want: ^6.0.0
1182 silly placeDep node_modules/path-scurry lru-cache@11.5.2 OK for: path-scurry@2.0.2 want: ^11.0.0
1183 silly placeDep ROOT detect-libc@2.1.2 OK for: prebuild-install@7.1.2 want: ^2.0.0
1184 silly placeDep ROOT expand-template@2.0.3 OK for: prebuild-install@7.1.2 want: ^2.0.3
1185 silly placeDep ROOT github-from-package@0.0.0 OK for: prebuild-install@7.1.2 want: 0.0.0
1186 silly placeDep ROOT minimist@1.2.8 OK for: prebuild-install@7.1.2 want: ^1.2.3
1187 silly placeDep ROOT mkdirp-classic@0.5.3 OK for: prebuild-install@7.1.2 want: ^0.5.3
1188 silly placeDep ROOT napi-build-utils@1.0.2 OK for: prebuild-install@7.1.2 want: ^1.0.1
1189 silly placeDep ROOT node-abi@3.94.0 OK for: prebuild-install@7.1.2 want: ^3.3.0
1190 silly placeDep ROOT pump@3.0.4 OK for: prebuild-install@7.1.2 want: ^3.0.0
1191 silly placeDep ROOT rc@1.2.8 OK for: prebuild-install@7.1.2 want: ^1.2.7
1192 silly placeDep ROOT simple-get@4.0.1 OK for: prebuild-install@7.1.2 want: ^4.0.0
1193 silly placeDep ROOT tar-fs@2.1.5 OK for: prebuild-install@7.1.2 want: ^2.0.0
1194 silly placeDep ROOT tunnel-agent@0.6.0 OK for: prebuild-install@7.1.2 want: ^0.6.0
1195 silly fetch manifest end-of-stream@^1.1.0
1196 silly packumentCache full:https://registry.npmmirror.com/end-of-stream cache-miss
1197 silly fetch manifest once@^1.3.1
1198 silly packumentCache full:https://registry.npmmirror.com/once cache-miss
1199 silly fetch manifest deep-extend@^0.6.0
1200 silly packumentCache full:https://registry.npmmirror.com/deep-extend cache-miss
1201 silly fetch manifest ini@~1.3.0
1202 silly packumentCache full:https://registry.npmmirror.com/ini cache-miss
1203 silly fetch manifest strip-json-comments@~2.0.1
1204 silly packumentCache full:https://registry.npmmirror.com/strip-json-comments cache-miss
1205 silly fetch manifest decompress-response@^6.0.0
1206 silly packumentCache full:https://registry.npmmirror.com/decompress-response cache-miss
1207 silly fetch manifest once@^1.3.1
1208 silly packumentCache full:https://registry.npmmirror.com/once cache-miss
1209 silly fetch manifest simple-concat@^1.0.0
1210 silly packumentCache full:https://registry.npmmirror.com/simple-concat cache-miss
1211 silly fetch manifest chownr@^1.1.1
1212 silly packumentCache full:https://registry.npmmirror.com/chownr cache-miss
1213 silly fetch manifest tar-stream@^2.1.4
1214 silly packumentCache full:https://registry.npmmirror.com/tar-stream cache-miss
1215 http cache https://registry.npmmirror.com/once 9ms (cache hit)
1216 silly packumentCache full:https://registry.npmmirror.com/once set size:11112 disposed:false
1217 http cache https://registry.npmmirror.com/decompress-response 9ms (cache hit)
1218 silly packumentCache full:https://registry.npmmirror.com/decompress-response set size:28768 disposed:false
1219 http cache https://registry.npmmirror.com/chownr 9ms (cache hit)
1220 silly packumentCache full:https://registry.npmmirror.com/chownr set size:16370 disposed:false
1221 http cache https://registry.npmmirror.com/end-of-stream 10ms (cache hit)
1222 silly packumentCache full:https://registry.npmmirror.com/end-of-stream set size:24810 disposed:false
1223 http cache https://registry.npmmirror.com/ini 11ms (cache hit)
1224 silly packumentCache full:https://registry.npmmirror.com/ini set size:56706 disposed:false
1225 http cache https://registry.npmmirror.com/once 10ms (cache hit)
1226 silly packumentCache full:https://registry.npmmirror.com/once set size:11112 disposed:false
1227 silly packumentCache full:https://registry.npmmirror.com/once dispose
1228 http cache https://registry.npmmirror.com/strip-json-comments 10ms (cache hit)
1229 silly packumentCache full:https://registry.npmmirror.com/strip-json-comments set size:38709 disposed:false
1230 http cache https://registry.npmmirror.com/deep-extend 12ms (cache hit)
1231 silly packumentCache full:https://registry.npmmirror.com/deep-extend set size:32172 disposed:false
1232 http cache https://registry.npmmirror.com/simple-concat 11ms (cache hit)
1233 silly packumentCache full:https://registry.npmmirror.com/simple-concat set size:5315 disposed:false
1234 http cache https://registry.npmmirror.com/tar-stream 12ms (cache hit)
1235 silly packumentCache full:https://registry.npmmirror.com/tar-stream set size:126429 disposed:false
1236 silly placeDep ROOT end-of-stream@1.4.5 OK for: pump@3.0.4 want: ^1.1.0
1237 silly placeDep ROOT once@1.4.0 OK for: pump@3.0.4 want: ^1.3.1
1238 silly fetch manifest once@^1.4.0
1239 silly packumentCache full:https://registry.npmmirror.com/once cache-hit
1240 silly fetch manifest wrappy@1
1241 silly packumentCache full:https://registry.npmmirror.com/wrappy cache-miss
1242 http cache https://registry.npmmirror.com/wrappy 3ms (cache hit)
1243 silly packumentCache full:https://registry.npmmirror.com/wrappy set size:6604 disposed:false
1244 silly placeDep ROOT wrappy@1.0.2 OK for: once@1.4.0 want: 1
1245 silly placeDep ROOT deep-extend@0.6.0 OK for: rc@1.2.8 want: ^0.6.0
1246 silly placeDep ROOT ini@1.3.8 OK for: rc@1.2.8 want: ~1.3.0
1247 silly placeDep ROOT strip-json-comments@2.0.1 OK for: rc@1.2.8 want: ~2.0.1
1248 silly placeDep ROOT json5@2.2.3 OK for: rc-config-loader@4.1.4 want: ^2.2.3
1249 silly placeDep ROOT mute-stream@0.0.8 OK for: read@1.0.7 want: ~0.0.4
1250 silly placeDep ROOT @secretlint/config-creator@10.2.2 OK for: secretlint@10.2.2 want: ^10.2.2
1251 silly placeDep ROOT globby@14.1.0 OK for: secretlint@10.2.2 want: ^14.1.0
1252 silly placeDep ROOT read-pkg@9.0.1 OK for: secretlint@10.2.2 want: ^9.0.1
1253 silly fetch manifest @sindresorhus/merge-streams@^2.1.0
1254 silly packumentCache full:https://registry.npmmirror.com/@sindresorhus%2fmerge-streams cache-miss
1255 silly fetch manifest fast-glob@^3.3.3
1256 silly packumentCache full:https://registry.npmmirror.com/fast-glob cache-miss
1257 silly fetch manifest ignore@^7.0.3
1258 silly packumentCache full:https://registry.npmmirror.com/ignore cache-miss
1259 silly fetch manifest path-type@^6.0.0
1260 silly packumentCache full:https://registry.npmmirror.com/path-type cache-miss
1261 silly fetch manifest slash@^5.1.0
1262 silly packumentCache full:https://registry.npmmirror.com/slash cache-miss
1263 silly fetch manifest unicorn-magic@^0.3.0
1264 silly packumentCache full:https://registry.npmmirror.com/unicorn-magic cache-miss
1265 silly fetch manifest @types/normalize-package-data@^2.4.3
1266 silly packumentCache full:https://registry.npmmirror.com/@types%2fnormalize-package-data cache-miss
1267 silly fetch manifest normalize-package-data@^6.0.0
1268 silly packumentCache full:https://registry.npmmirror.com/normalize-package-data cache-miss
1269 silly fetch manifest parse-json@^8.0.0
1270 silly packumentCache full:https://registry.npmmirror.com/parse-json cache-miss
1271 silly fetch manifest type-fest@^4.6.0
1272 silly packumentCache full:https://registry.npmmirror.com/type-fest cache-miss
1273 silly fetch manifest unicorn-magic@^0.1.0
1274 silly packumentCache full:https://registry.npmmirror.com/unicorn-magic cache-miss
1275 http cache https://registry.npmmirror.com/slash 8ms (cache hit)
1276 silly packumentCache full:https://registry.npmmirror.com/slash set size:18425 disposed:false
1277 http cache https://registry.npmmirror.com/@types%2fnormalize-package-data 8ms (cache hit)
1278 silly packumentCache full:https://registry.npmmirror.com/@types%2fnormalize-package-data set size:11676 disposed:false
1279 http cache https://registry.npmmirror.com/@sindresorhus%2fmerge-streams 9ms (cache hit)
1280 silly packumentCache full:https://registry.npmmirror.com/@sindresorhus%2fmerge-streams set size:24746 disposed:false
1281 http cache https://registry.npmmirror.com/fast-glob 9ms (cache hit)
1282 silly packumentCache full:https://registry.npmmirror.com/fast-glob set size:194914 disposed:false
1283 http cache https://registry.npmmirror.com/parse-json 10ms (cache hit)
1284 silly packumentCache full:https://registry.npmmirror.com/parse-json set size:44937 disposed:false
1285 http cache https://registry.npmmirror.com/ignore 10ms (cache hit)
1286 silly packumentCache full:https://registry.npmmirror.com/ignore set size:216839 disposed:false
1287 http cache https://registry.npmmirror.com/path-type 11ms (cache hit)
1288 silly packumentCache full:https://registry.npmmirror.com/path-type set size:13446 disposed:false
1289 http cache https://registry.npmmirror.com/unicorn-magic 12ms (cache hit)
1290 silly packumentCache full:https://registry.npmmirror.com/unicorn-magic set size:9666 disposed:false
1291 http cache https://registry.npmmirror.com/normalize-package-data 12ms (cache hit)
1292 silly packumentCache full:https://registry.npmmirror.com/normalize-package-data set size:124108 disposed:false
1293 http cache https://registry.npmmirror.com/type-fest 12ms (cache hit)
1294 silly packumentCache full:https://registry.npmmirror.com/type-fest set size:525432 disposed:false
1295 http cache https://registry.npmmirror.com/unicorn-magic 14ms (cache hit)
1296 silly packumentCache full:https://registry.npmmirror.com/unicorn-magic set size:9666 disposed:false
1297 silly packumentCache full:https://registry.npmmirror.com/unicorn-magic dispose
1298 silly placeDep ROOT @sindresorhus/merge-streams@2.3.0 OK for: globby@14.1.0 want: ^2.1.0
1299 silly placeDep ROOT fast-glob@3.3.3 OK for: globby@14.1.0 want: ^3.3.3
1300 silly placeDep ROOT ignore@7.0.6 OK for: globby@14.1.0 want: ^7.0.3
1301 silly placeDep ROOT path-type@6.0.0 OK for: globby@14.1.0 want: ^6.0.0
1302 silly placeDep ROOT slash@5.1.0 OK for: globby@14.1.0 want: ^5.1.0
1303 silly placeDep ROOT unicorn-magic@0.3.0 OK for: globby@14.1.0 want: ^0.3.0
1304 silly fetch manifest @nodelib/fs.stat@^2.0.2
1305 silly packumentCache full:https://registry.npmmirror.com/@nodelib%2ffs.stat cache-miss
1306 silly fetch manifest @nodelib/fs.walk@^1.2.3
1307 silly packumentCache full:https://registry.npmmirror.com/@nodelib%2ffs.walk cache-miss
1308 silly fetch manifest glob-parent@^5.1.2
1309 silly packumentCache full:https://registry.npmmirror.com/glob-parent cache-miss
1310 silly fetch manifest merge2@^1.3.0
1311 silly packumentCache full:https://registry.npmmirror.com/merge2 cache-miss
1312 silly fetch manifest micromatch@^4.0.8
1313 silly packumentCache full:https://registry.npmmirror.com/micromatch cache-miss
1314 http cache https://registry.npmmirror.com/glob-parent 4ms (cache hit)
1315 silly packumentCache full:https://registry.npmmirror.com/glob-parent set size:34765 disposed:false
1316 http cache https://registry.npmmirror.com/@nodelib%2ffs.walk 4ms (cache hit)
1317 silly packumentCache full:https://registry.npmmirror.com/@nodelib%2ffs.walk set size:35867 disposed:false
1318 http cache https://registry.npmmirror.com/@nodelib%2ffs.stat 5ms (cache hit)
1319 silly packumentCache full:https://registry.npmmirror.com/@nodelib%2ffs.stat set size:28111 disposed:false
1320 http cache https://registry.npmmirror.com/micromatch 5ms (cache hit)
1321 silly packumentCache full:https://registry.npmmirror.com/micromatch set size:240427 disposed:false
1322 http cache https://registry.npmmirror.com/merge2 7ms (cache hit)
1323 silly packumentCache full:https://registry.npmmirror.com/merge2 set size:40023 disposed:false
1324 silly placeDep ROOT @nodelib/fs.stat@2.0.5 OK for: fast-glob@3.3.3 want: ^2.0.2
1325 silly placeDep ROOT @nodelib/fs.walk@1.2.8 OK for: fast-glob@3.3.3 want: ^1.2.3
1326 silly placeDep ROOT glob-parent@5.1.2 OK for: fast-glob@3.3.3 want: ^5.1.2
1327 silly placeDep ROOT merge2@1.4.1 OK for: fast-glob@3.3.3 want: ^1.3.0
1328 silly placeDep ROOT micromatch@4.0.8 OK for: fast-glob@3.3.3 want: ^4.0.8
1329 silly fetch manifest @nodelib/fs.scandir@2.1.5
1330 silly packumentCache full:https://registry.npmmirror.com/@nodelib%2ffs.scandir cache-miss
1331 silly fetch manifest fastq@^1.6.0
1332 silly packumentCache full:https://registry.npmmirror.com/fastq cache-miss
1333 silly fetch manifest is-glob@^4.0.1
1334 silly packumentCache full:https://registry.npmmirror.com/is-glob cache-miss
1335 silly fetch manifest braces@^3.0.3
1336 silly packumentCache full:https://registry.npmmirror.com/braces cache-miss
1337 silly fetch manifest picomatch@^2.3.1
1338 silly packumentCache full:https://registry.npmmirror.com/picomatch cache-miss
1339 http cache https://registry.npmmirror.com/@nodelib%2ffs.scandir 4ms (cache hit)
1340 silly packumentCache full:https://registry.npmmirror.com/@nodelib%2ffs.scandir set size:38674 disposed:false
1341 http cache https://registry.npmmirror.com/fastq 4ms (cache hit)
1342 silly packumentCache full:https://registry.npmmirror.com/fastq set size:68593 disposed:false
1343 http cache https://registry.npmmirror.com/braces 4ms (cache hit)
1344 silly packumentCache full:https://registry.npmmirror.com/braces set size:112898 disposed:false
1345 http cache https://registry.npmmirror.com/is-glob 5ms (cache hit)
1346 silly packumentCache full:https://registry.npmmirror.com/is-glob set size:39478 disposed:false
1347 http cache https://registry.npmmirror.com/picomatch 5ms (cache hit)
1348 silly packumentCache full:https://registry.npmmirror.com/picomatch set size:110456 disposed:false
1349 silly placeDep ROOT @nodelib/fs.scandir@2.1.5 OK for: @nodelib/fs.walk@1.2.8 want: 2.1.5
1350 silly placeDep ROOT fastq@1.20.1 OK for: @nodelib/fs.walk@1.2.8 want: ^1.6.0
1351 silly fetch manifest run-parallel@^1.1.9
1352 silly packumentCache full:https://registry.npmmirror.com/run-parallel cache-miss
1353 silly fetch manifest reusify@^1.0.4
1354 silly packumentCache full:https://registry.npmmirror.com/reusify cache-miss
1355 http cache https://registry.npmmirror.com/run-parallel 2ms (cache hit)
1356 silly packumentCache full:https://registry.npmmirror.com/run-parallel set size:31746 disposed:false
1357 http cache https://registry.npmmirror.com/reusify 3ms (cache hit)
1358 silly packumentCache full:https://registry.npmmirror.com/reusify set size:14270 disposed:false
1359 silly placeDep ROOT run-parallel@1.2.0 OK for: @nodelib/fs.scandir@2.1.5 want: ^1.1.9
1360 silly fetch manifest queue-microtask@^1.2.2
1361 silly packumentCache full:https://registry.npmmirror.com/queue-microtask cache-miss
1362 http cache https://registry.npmmirror.com/queue-microtask 2ms (cache hit)
1363 silly packumentCache full:https://registry.npmmirror.com/queue-microtask set size:25336 disposed:false
1364 silly placeDep ROOT reusify@1.1.0 OK for: fastq@1.20.1 want: ^1.0.4
1365 silly placeDep ROOT is-glob@4.0.3 OK for: glob-parent@5.1.2 want: ^4.0.1
1366 silly fetch manifest is-extglob@^2.1.1
1367 silly packumentCache full:https://registry.npmmirror.com/is-extglob cache-miss
1368 http cache https://registry.npmmirror.com/is-extglob 4ms (cache hit)
1369 silly packumentCache full:https://registry.npmmirror.com/is-extglob set size:11880 disposed:false
1370 silly placeDep ROOT is-extglob@2.1.1 OK for: is-glob@4.0.3 want: ^2.1.1
1371 silly placeDep ROOT braces@3.0.3 OK for: micromatch@4.0.8 want: ^3.0.3
1372 silly placeDep ROOT picomatch@2.3.2 OK for: micromatch@4.0.8 want: ^2.3.1
1373 silly fetch manifest fill-range@^7.1.1
1374 silly packumentCache full:https://registry.npmmirror.com/fill-range cache-miss
1375 http cache https://registry.npmmirror.com/fill-range 2ms (cache hit)
1376 silly packumentCache full:https://registry.npmmirror.com/fill-range set size:79635 disposed:false
1377 silly placeDep ROOT fill-range@7.1.1 OK for: braces@3.0.3 want: ^7.1.1
1378 silly fetch manifest to-regex-range@^5.0.1
1379 silly packumentCache full:https://registry.npmmirror.com/to-regex-range cache-miss
1380 http cache https://registry.npmmirror.com/to-regex-range 2ms (cache hit)
1381 silly packumentCache full:https://registry.npmmirror.com/to-regex-range set size:55700 disposed:false
1382 silly placeDep ROOT to-regex-range@5.0.1 OK for: fill-range@7.1.1 want: ^5.0.1
1383 silly fetch manifest is-number@^7.0.0
1384 silly packumentCache full:https://registry.npmmirror.com/is-number cache-miss
1385 http cache https://registry.npmmirror.com/is-number 2ms (cache hit)
1386 silly packumentCache full:https://registry.npmmirror.com/is-number set size:35937 disposed:false
1387 silly placeDep ROOT @types/normalize-package-data@2.4.4 OK for: read-pkg@9.0.1 want: ^2.4.3
1388 silly placeDep ROOT normalize-package-data@6.0.2 OK for: read-pkg@9.0.1 want: ^6.0.0
1389 silly placeDep ROOT parse-json@8.3.0 OK for: read-pkg@9.0.1 want: ^8.0.0
1390 silly placeDep ROOT type-fest@4.41.0 OK for: read-pkg@9.0.1 want: ^4.6.0
1391 silly placeDep node_modules/read-pkg unicorn-magic@0.1.0 OK for: read-pkg@9.0.1 want: ^0.1.0
1392 silly fetch manifest hosted-git-info@^7.0.0
1393 silly packumentCache full:https://registry.npmmirror.com/hosted-git-info cache-hit
1394 silly fetch manifest validate-npm-package-license@^3.0.4
1395 silly packumentCache full:https://registry.npmmirror.com/validate-npm-package-license cache-miss
1396 silly fetch manifest @babel/code-frame@^7.26.2
1397 silly packumentCache full:https://registry.npmmirror.com/@babel%2fcode-frame cache-miss
1398 silly fetch manifest index-to-position@^1.1.0
1399 silly packumentCache full:https://registry.npmmirror.com/index-to-position cache-miss
1400 silly fetch manifest type-fest@^4.39.1
1401 silly packumentCache full:https://registry.npmmirror.com/type-fest cache-hit
1402 http cache https://registry.npmmirror.com/validate-npm-package-license 4ms (cache hit)
1403 silly packumentCache full:https://registry.npmmirror.com/validate-npm-package-license set size:20535 disposed:false
1404 http cache https://registry.npmmirror.com/index-to-position 5ms (cache hit)
1405 silly packumentCache full:https://registry.npmmirror.com/index-to-position set size:13942 disposed:false
1406 http cache https://registry.npmmirror.com/@babel%2fcode-frame 5ms (cache hit)
1407 silly packumentCache full:https://registry.npmmirror.com/@babel%2fcode-frame set size:191497 disposed:false
1408 silly placeDep node_modules/normalize-package-data hosted-git-info@7.0.2 OK for: normalize-package-data@6.0.2 want: ^7.0.0
1409 silly placeDep ROOT validate-npm-package-license@3.0.4 OK for: normalize-package-data@6.0.2 want: ^3.0.4
1410 silly fetch manifest lru-cache@^10.0.1
1411 silly packumentCache full:https://registry.npmmirror.com/lru-cache cache-hit
1412 silly fetch manifest spdx-correct@^3.0.0
1413 silly packumentCache full:https://registry.npmmirror.com/spdx-correct cache-miss
1414 silly fetch manifest spdx-expression-parse@^3.0.0
1415 silly packumentCache full:https://registry.npmmirror.com/spdx-expression-parse cache-miss
1416 http cache https://registry.npmmirror.com/spdx-expression-parse 3ms (cache hit)
1417 silly packumentCache full:https://registry.npmmirror.com/spdx-expression-parse set size:31344 disposed:false
1418 http cache https://registry.npmmirror.com/spdx-correct 3ms (cache hit)
1419 silly packumentCache full:https://registry.npmmirror.com/spdx-correct set size:34411 disposed:false
1420 silly placeDep ROOT @babel/code-frame@7.29.7 OK for: parse-json@8.3.0 want: ^7.26.2
1421 silly placeDep ROOT index-to-position@1.2.0 OK for: parse-json@8.3.0 want: ^1.1.0
1422 silly fetch manifest @babel/helper-validator-identifier@^7.29.7
1423 silly packumentCache full:https://registry.npmmirror.com/@babel%2fhelper-validator-identifier cache-miss
1424 silly fetch manifest js-tokens@^4.0.0
1425 silly packumentCache full:https://registry.npmmirror.com/js-tokens cache-miss
1426 silly fetch manifest picocolors@^1.1.1
1427 silly packumentCache full:https://registry.npmmirror.com/picocolors cache-miss
1428 http cache https://registry.npmmirror.com/@babel%2fhelper-validator-identifier 3ms (cache hit)
1429 silly packumentCache full:https://registry.npmmirror.com/@babel%2fhelper-validator-identifier set size:125837 disposed:false
1430 http cache https://registry.npmmirror.com/picocolors 4ms (cache hit)
1431 silly packumentCache full:https://registry.npmmirror.com/picocolors set size:15692 disposed:false
1432 http cache https://registry.npmmirror.com/js-tokens 5ms (cache hit)
1433 silly packumentCache full:https://registry.npmmirror.com/js-tokens set size:39640 disposed:false
1434 silly placeDep ROOT @babel/helper-validator-identifier@7.29.7 OK for: @babel/code-frame@7.29.7 want: ^7.29.7
1435 silly placeDep ROOT js-tokens@4.0.0 OK for: @babel/code-frame@7.29.7 want: ^4.0.0
1436 silly placeDep ROOT picocolors@1.1.1 OK for: @babel/code-frame@7.29.7 want: ^1.1.1
1437 silly placeDep ROOT queue-microtask@1.2.3 OK for: run-parallel@1.2.0 want: ^1.2.2
1438 silly placeDep ROOT decompress-response@6.0.0 OK for: simple-get@4.0.1 want: ^6.0.0
1439 silly placeDep ROOT simple-concat@1.0.1 OK for: simple-get@4.0.1 want: ^1.0.0
1440 silly fetch manifest mimic-response@^3.1.0
1441 silly packumentCache full:https://registry.npmmirror.com/mimic-response cache-miss
1442 http cache https://registry.npmmirror.com/mimic-response 2ms (cache hit)
1443 silly packumentCache full:https://registry.npmmirror.com/mimic-response set size:14327 disposed:false
1444 silly placeDep ROOT mimic-response@3.1.0 OK for: decompress-response@6.0.0 want: ^3.1.0
1445 silly placeDep ROOT emoji-regex@8.0.0 OK for: string-width@4.2.3 want: ^8.0.0
1446 silly placeDep ROOT is-fullwidth-code-point@3.0.0 OK for: string-width@4.2.3 want: ^3.0.0
1447 silly placeDep node_modules/string-width strip-ansi@6.0.1 OK for: string-width@4.2.3 want: ^6.0.1
1448 silly placeDep ROOT ansi-regex@6.3.0 OK for: strip-ansi@7.2.0 want: ^6.2.2
1449 silly placeDep ROOT boundary@2.0.0 OK for: structured-source@4.0.0 want: ^2.0.0
1450 silly placeDep ROOT has-flag@4.0.0 OK for: supports-color@7.2.0 want: ^4.0.0
1451 silly placeDep ROOT lodash.truncate@4.4.2 OK for: table@6.9.0 want: ^4.4.2
1452 silly placeDep ROOT slice-ansi@4.0.0 OK for: table@6.9.0 want: ^4.0.0
1453 silly placeDep node_modules/table strip-ansi@6.0.1 OK for: table@6.9.0 want: ^6.0.1
1454 silly fetch manifest astral-regex@^2.0.0
1455 silly packumentCache full:https://registry.npmmirror.com/astral-regex cache-miss
1456 http cache https://registry.npmmirror.com/astral-regex 2ms (cache hit)
1457 silly packumentCache full:https://registry.npmmirror.com/astral-regex set size:4612 disposed:false
1458 silly placeDep ROOT astral-regex@2.0.0 OK for: slice-ansi@4.0.0 want: ^2.0.0
1459 silly placeDep ROOT chownr@1.1.4 OK for: tar-fs@2.1.5 want: ^1.1.1
1460 silly placeDep ROOT tar-stream@2.2.0 OK for: tar-fs@2.1.5 want: ^2.1.4
1461 silly fetch manifest bl@^4.0.3
1462 silly packumentCache full:https://registry.npmmirror.com/bl cache-miss
1463 silly fetch manifest fs-constants@^1.0.0
1464 silly packumentCache full:https://registry.npmmirror.com/fs-constants cache-miss
1465 silly fetch manifest inherits@^2.0.3
1466 silly packumentCache full:https://registry.npmmirror.com/inherits cache-miss
1467 silly fetch manifest readable-stream@^3.1.1
1468 silly packumentCache full:https://registry.npmmirror.com/readable-stream cache-miss
1469 http cache https://registry.npmmirror.com/fs-constants 3ms (cache hit)
1470 silly packumentCache full:https://registry.npmmirror.com/fs-constants set size:2566 disposed:false
1471 http cache https://registry.npmmirror.com/bl 5ms (cache hit)
1472 silly packumentCache full:https://registry.npmmirror.com/bl set size:226435 disposed:false
1473 http cache https://registry.npmmirror.com/inherits 6ms (cache hit)
1474 silly packumentCache full:https://registry.npmmirror.com/inherits set size:11198 disposed:false
1475 http cache https://registry.npmmirror.com/readable-stream 6ms (cache hit)
1476 silly packumentCache full:https://registry.npmmirror.com/readable-stream set size:231868 disposed:false
1477 silly placeDep ROOT bl@4.1.0 OK for: tar-stream@2.2.0 want: ^4.0.3
1478 silly placeDep ROOT fs-constants@1.0.0 OK for: tar-stream@2.2.0 want: ^1.0.0
1479 silly placeDep ROOT inherits@2.0.4 OK for: tar-stream@2.2.0 want: ^2.0.3
1480 silly placeDep ROOT readable-stream@3.6.2 OK for: tar-stream@2.2.0 want: ^3.1.1
1481 silly fetch manifest buffer@^5.5.0
1482 silly packumentCache full:https://registry.npmmirror.com/buffer cache-miss
1483 silly fetch manifest inherits@^2.0.4
1484 silly packumentCache full:https://registry.npmmirror.com/inherits cache-hit
1485 silly fetch manifest readable-stream@^3.4.0
1486 silly packumentCache full:https://registry.npmmirror.com/readable-stream cache-hit
1487 silly fetch manifest string_decoder@^1.1.1
1488 silly packumentCache full:https://registry.npmmirror.com/string_decoder cache-miss
1489 silly fetch manifest util-deprecate@^1.0.1
1490 silly packumentCache full:https://registry.npmmirror.com/util-deprecate cache-miss
1491 http cache https://registry.npmmirror.com/buffer 3ms (cache hit)
1492 silly packumentCache full:https://registry.npmmirror.com/buffer set size:269098 disposed:false
1493 http cache https://registry.npmmirror.com/util-deprecate 4ms (cache hit)
1494 silly packumentCache full:https://registry.npmmirror.com/util-deprecate set size:6659 disposed:false
1495 http cache https://registry.npmmirror.com/string_decoder 5ms (cache hit)
1496 silly packumentCache full:https://registry.npmmirror.com/string_decoder set size:24817 disposed:false
1497 silly placeDep ROOT buffer@5.7.1 OK for: bl@4.1.0 want: ^5.5.0
1498 silly fetch manifest base64-js@^1.3.1
1499 silly packumentCache full:https://registry.npmmirror.com/base64-js cache-miss
1500 silly fetch manifest ieee754@^1.1.13
1501 silly packumentCache full:https://registry.npmmirror.com/ieee754 cache-miss
1502 http cache https://registry.npmmirror.com/ieee754 3ms (cache hit)
1503 silly packumentCache full:https://registry.npmmirror.com/ieee754 set size:30795 disposed:false
1504 http cache https://registry.npmmirror.com/base64-js 3ms (cache hit)
1505 silly packumentCache full:https://registry.npmmirror.com/base64-js set size:43117 disposed:false
1506 silly placeDep ROOT base64-js@1.5.1 OK for: buffer@5.7.1 want: ^1.3.1
1507 silly placeDep ROOT ieee754@1.2.1 OK for: buffer@5.7.1 want: ^1.1.13
1508 silly placeDep ROOT string_decoder@1.3.0 OK for: readable-stream@3.6.2 want: ^1.1.1
1509 silly placeDep ROOT util-deprecate@1.0.2 OK for: readable-stream@3.6.2 want: ^1.0.1
1510 silly placeDep ROOT ansi-escapes@7.3.0 OK for: terminal-link@4.0.0 want: ^7.0.0
1511 silly placeDep ROOT supports-hyperlinks@3.2.0 OK for: terminal-link@4.0.0 want: ^3.2.0
1512 silly fetch manifest environment@^1.0.0
1513 silly packumentCache full:https://registry.npmmirror.com/environment cache-miss
1514 http cache https://registry.npmmirror.com/environment 2ms (cache hit)
1515 silly packumentCache full:https://registry.npmmirror.com/environment set size:10546 disposed:false
1516 silly placeDep ROOT environment@1.1.0 OK for: ansi-escapes@7.3.0 want: ^1.0.0
1517 silly placeDep ROOT is-number@7.0.0 OK for: to-regex-range@5.0.1 want: ^7.0.0
1518 silly placeDep ROOT qs@6.15.3 OK for: typed-rest-client@1.8.11 want: ^6.9.1
1519 silly placeDep ROOT underscore@1.13.8 OK for: typed-rest-client@1.8.11 want: ^1.12.1
1520 silly fetch manifest side-channel@^1.1.1
1521 silly packumentCache full:https://registry.npmmirror.com/side-channel cache-miss
1522 http cache https://registry.npmmirror.com/side-channel 4ms (cache hit)
1523 silly packumentCache full:https://registry.npmmirror.com/side-channel set size:24243 disposed:false
1524 silly placeDep ROOT side-channel@1.1.1 OK for: qs@6.15.3 want: ^1.1.1
1525 silly fetch manifest object-inspect@^1.13.4
1526 silly packumentCache full:https://registry.npmmirror.com/object-inspect cache-miss
1527 silly fetch manifest side-channel-list@^1.0.1
1528 silly packumentCache full:https://registry.npmmirror.com/side-channel-list cache-miss
1529 silly fetch manifest side-channel-map@^1.0.1
1530 silly packumentCache full:https://registry.npmmirror.com/side-channel-map cache-miss
1531 silly fetch manifest side-channel-weakmap@^1.0.2
1532 silly packumentCache full:https://registry.npmmirror.com/side-channel-weakmap cache-miss
1533 http cache https://registry.npmmirror.com/object-inspect 3ms (cache hit)
1534 silly packumentCache full:https://registry.npmmirror.com/object-inspect set size:93930 disposed:false
1535 http cache https://registry.npmmirror.com/side-channel-list 4ms (cache hit)
1536 silly packumentCache full:https://registry.npmmirror.com/side-channel-list set size:9286 disposed:false
1537 http cache https://registry.npmmirror.com/side-channel-weakmap 5ms (cache hit)
1538 silly packumentCache full:https://registry.npmmirror.com/side-channel-weakmap set size:13016 disposed:false
1539 http cache https://registry.npmmirror.com/side-channel-map 5ms (cache hit)
1540 silly packumentCache full:https://registry.npmmirror.com/side-channel-map set size:9391 disposed:false
1541 silly placeDep ROOT object-inspect@1.13.4 OK for: side-channel@1.1.1 want: ^1.13.4
1542 silly placeDep ROOT side-channel-list@1.0.1 OK for: side-channel@1.1.1 want: ^1.0.1
1543 silly placeDep ROOT side-channel-map@1.0.1 OK for: side-channel@1.1.1 want: ^1.0.1
1544 silly placeDep ROOT side-channel-weakmap@1.0.2 OK for: side-channel@1.1.1 want: ^1.0.2
1545 silly fetch manifest call-bound@^1.0.2
1546 silly packumentCache full:https://registry.npmmirror.com/call-bound cache-miss
1547 silly fetch manifest call-bound@^1.0.2
1548 silly packumentCache full:https://registry.npmmirror.com/call-bound cache-miss
1549 http cache https://registry.npmmirror.com/call-bound 3ms (cache hit)
1550 silly packumentCache full:https://registry.npmmirror.com/call-bound set size:15809 disposed:false
1551 http cache https://registry.npmmirror.com/call-bound 4ms (cache hit)
1552 silly packumentCache full:https://registry.npmmirror.com/call-bound set size:15809 disposed:false
1553 silly packumentCache full:https://registry.npmmirror.com/call-bound dispose
1554 silly placeDep ROOT call-bound@1.0.4 OK for: side-channel-map@1.0.1 want: ^1.0.2
1555 silly placeDep ROOT spdx-correct@3.2.0 OK for: validate-npm-package-license@3.0.4 want: ^3.0.0
1556 silly placeDep ROOT spdx-expression-parse@3.0.1 OK for: validate-npm-package-license@3.0.4 want: ^3.0.0
1557 silly fetch manifest spdx-license-ids@^3.0.0
1558 silly packumentCache full:https://registry.npmmirror.com/spdx-license-ids cache-miss
1559 silly fetch manifest spdx-exceptions@^2.1.0
1560 silly packumentCache full:https://registry.npmmirror.com/spdx-exceptions cache-miss
1561 silly fetch manifest spdx-license-ids@^3.0.0
1562 silly packumentCache full:https://registry.npmmirror.com/spdx-license-ids cache-miss
1563 http cache https://registry.npmmirror.com/spdx-exceptions 3ms (cache hit)
1564 silly packumentCache full:https://registry.npmmirror.com/spdx-exceptions set size:19496 disposed:false
1565 http cache https://registry.npmmirror.com/spdx-license-ids 3ms (cache hit)
1566 silly packumentCache full:https://registry.npmmirror.com/spdx-license-ids set size:73231 disposed:false
1567 http cache https://registry.npmmirror.com/spdx-license-ids 5ms (cache hit)
1568 silly packumentCache full:https://registry.npmmirror.com/spdx-license-ids set size:73231 disposed:false
1569 silly packumentCache full:https://registry.npmmirror.com/spdx-license-ids dispose
1570 silly placeDep ROOT spdx-license-ids@3.0.23 OK for: spdx-correct@3.2.0 want: ^3.0.0
1571 silly placeDep ROOT spdx-exceptions@2.5.0 OK for: spdx-expression-parse@3.0.1 want: ^2.1.0
1572 silly placeDep ROOT is-wsl@3.1.1 OK for: wsl-utils@0.1.0 want: ^3.1.0
1573 silly placeDep ROOT sax@1.6.1 OK for: xml2js@0.5.0 want: >=0.6.0
1574 silly placeDep ROOT xmlbuilder@11.0.1 OK for: xml2js@0.5.0 want: ~11.0.0
1575 silly placeDep ROOT pend@1.2.0 OK for: yauzl@3.4.0 want: ~1.2.0
1576 silly placeDep ROOT buffer-crc32@0.2.13 OK for: yazl@2.5.1 want: ~0.2.3
1577 silly placeDep node_modules/@textlint/linter-formatter ansi-regex@5.0.1 OK for: strip-ansi@6.0.1 want: ^5.0.1
1578 silly placeDep node_modules/normalize-package-data lru-cache@10.4.3 OK for: hosted-git-info@7.0.2 want: ^10.0.1
1579 silly placeDep node_modules/string-width ansi-regex@5.0.1 OK for: strip-ansi@6.0.1 want: ^5.0.1
1580 silly placeDep node_modules/table ansi-regex@5.0.1 OK for: strip-ansi@6.0.1 want: ^5.0.1
1581 silly reify moves {}
1582 http cache sax@https://registry.npmmirror.com/sax/-/sax-1.6.1.tgz 0ms (cache hit)
1583 http cache buffer-crc32@https://registry.npmmirror.com/buffer-crc32/-/buffer-crc32-0.2.13.tgz 0ms (cache hit)
1584 http cache pend@https://registry.npmmirror.com/pend/-/pend-1.2.0.tgz 0ms (cache hit)
1585 http cache xmlbuilder@https://registry.npmmirror.com/xmlbuilder/-/xmlbuilder-11.0.1.tgz 0ms (cache hit)
1586 http cache is-wsl@https://registry.npmmirror.com/is-wsl/-/is-wsl-3.1.1.tgz 0ms (cache hit)
1587 http cache spdx-expression-parse@https://registry.npmmirror.com/spdx-expression-parse/-/spdx-expression-parse-3.0.1.tgz 0ms (cache hit)
1588 http cache spdx-correct@https://registry.npmmirror.com/spdx-correct/-/spdx-correct-3.2.0.tgz 0ms (cache hit)
1589 http cache spdx-exceptions@https://registry.npmmirror.com/spdx-exceptions/-/spdx-exceptions-2.5.0.tgz 0ms (cache hit)
1590 http cache spdx-license-ids@https://registry.npmmirror.com/spdx-license-ids/-/spdx-license-ids-3.0.23.tgz 0ms (cache hit)
1591 http cache call-bound@https://registry.npmmirror.com/call-bound/-/call-bound-1.0.4.tgz 0ms (cache hit)
1592 http cache side-channel-weakmap@https://registry.npmmirror.com/side-channel-weakmap/-/side-channel-weakmap-1.0.2.tgz 1ms (cache hit)
1593 http cache side-channel-map@https://registry.npmmirror.com/side-channel-map/-/side-channel-map-1.0.1.tgz 0ms (cache hit)
1594 http cache side-channel-list@https://registry.npmmirror.com/side-channel-list/-/side-channel-list-1.0.1.tgz 0ms (cache hit)
1595 http cache side-channel@https://registry.npmmirror.com/side-channel/-/side-channel-1.1.1.tgz 0ms (cache hit)
1596 http cache qs@https://registry.npmmirror.com/qs/-/qs-6.15.3.tgz 0ms (cache hit)
1597 http cache object-inspect@https://registry.npmmirror.com/object-inspect/-/object-inspect-1.13.4.tgz 0ms (cache hit)
1598 http cache is-number@https://registry.npmmirror.com/is-number/-/is-number-7.0.0.tgz 0ms (cache hit)
1599 http cache environment@https://registry.npmmirror.com/environment/-/environment-1.1.0.tgz 0ms (cache hit)
1600 http cache underscore@https://registry.npmmirror.com/underscore/-/underscore-1.13.8.tgz 0ms (cache hit)
1601 http cache supports-hyperlinks@https://registry.npmmirror.com/supports-hyperlinks/-/supports-hyperlinks-3.2.0.tgz 0ms (cache hit)
1602 http cache ansi-escapes@https://registry.npmmirror.com/ansi-escapes/-/ansi-escapes-7.3.0.tgz 0ms (cache hit)
1603 http cache string_decoder@https://registry.npmmirror.com/string_decoder/-/string_decoder-1.3.0.tgz 0ms (cache hit)
1604 http cache util-deprecate@https://registry.npmmirror.com/util-deprecate/-/util-deprecate-1.0.2.tgz 0ms (cache hit)
1605 http cache ieee754@https://registry.npmmirror.com/ieee754/-/ieee754-1.2.1.tgz 0ms (cache hit)
1606 http cache base64-js@https://registry.npmmirror.com/base64-js/-/base64-js-1.5.1.tgz 0ms (cache hit)
1607 http cache buffer@https://registry.npmmirror.com/buffer/-/buffer-5.7.1.tgz 0ms (cache hit)
1608 http cache inherits@https://registry.npmmirror.com/inherits/-/inherits-2.0.4.tgz 0ms (cache hit)
1609 http cache readable-stream@https://registry.npmmirror.com/readable-stream/-/readable-stream-3.6.2.tgz 0ms (cache hit)
1610 http cache bl@https://registry.npmmirror.com/bl/-/bl-4.1.0.tgz 0ms (cache hit)
1611 http cache fs-constants@https://registry.npmmirror.com/fs-constants/-/fs-constants-1.0.0.tgz 0ms (cache hit)
1612 http cache chownr@https://registry.npmmirror.com/chownr/-/chownr-1.1.4.tgz 0ms (cache hit)
1613 http cache tar-stream@https://registry.npmmirror.com/tar-stream/-/tar-stream-2.2.0.tgz 0ms (cache hit)
1614 http cache astral-regex@https://registry.npmmirror.com/astral-regex/-/astral-regex-2.0.0.tgz 0ms (cache hit)
1615 http cache slice-ansi@https://registry.npmmirror.com/slice-ansi/-/slice-ansi-4.0.0.tgz 0ms (cache hit)
1616 http cache has-flag@https://registry.npmmirror.com/has-flag/-/has-flag-4.0.0.tgz 0ms (cache hit)
1617 http cache lodash.truncate@https://registry.npmmirror.com/lodash.truncate/-/lodash.truncate-4.4.2.tgz 0ms (cache hit)
1618 http cache boundary@https://registry.npmmirror.com/boundary/-/boundary-2.0.0.tgz 0ms (cache hit)
1619 http cache is-fullwidth-code-point@https://registry.npmmirror.com/is-fullwidth-code-point/-/is-fullwidth-code-point-3.0.0.tgz 0ms (cache hit)
1620 http cache ansi-regex@https://registry.npmmirror.com/ansi-regex/-/ansi-regex-6.3.0.tgz 0ms (cache hit)
1621 http cache emoji-regex@https://registry.npmmirror.com/emoji-regex/-/emoji-regex-8.0.0.tgz 0ms (cache hit)
1622 http cache mimic-response@https://registry.npmmirror.com/mimic-response/-/mimic-response-3.1.0.tgz 0ms (cache hit)
1623 http cache simple-concat@https://registry.npmmirror.com/simple-concat/-/simple-concat-1.0.1.tgz 0ms (cache hit)
1624 http cache decompress-response@https://registry.npmmirror.com/decompress-response/-/decompress-response-6.0.0.tgz 0ms (cache hit)
1625 http cache @babel/helper-validator-identifier@https://registry.npmmirror.com/@babel/helper-validator-identifier/-/helper-validator-identifier-7.29.7.tgz 0ms (cache hit)
1626 http cache queue-microtask@https://registry.npmmirror.com/queue-microtask/-/queue-microtask-1.2.3.tgz 0ms (cache hit)
1627 http cache picocolors@https://registry.npmmirror.com/picocolors/-/picocolors-1.1.1.tgz 0ms (cache hit)
1628 http cache js-tokens@https://registry.npmmirror.com/js-tokens/-/js-tokens-4.0.0.tgz 0ms (cache hit)
1629 http cache @babel/code-frame@https://registry.npmmirror.com/@babel/code-frame/-/code-frame-7.29.7.tgz 0ms (cache hit)
1630 http cache @types/normalize-package-data@https://registry.npmmirror.com/@types/normalize-package-data/-/normalize-package-data-2.4.4.tgz 0ms (cache hit)
1631 http cache index-to-position@https://registry.npmmirror.com/index-to-position/-/index-to-position-1.2.0.tgz 0ms (cache hit)
1632 http cache validate-npm-package-license@https://registry.npmmirror.com/validate-npm-package-license/-/validate-npm-package-license-3.0.4.tgz 0ms (cache hit)
1633 http cache type-fest@https://registry.npmmirror.com/type-fest/-/type-fest-4.41.0.tgz 0ms (cache hit)
1634 http cache parse-json@https://registry.npmmirror.com/parse-json/-/parse-json-8.3.0.tgz 0ms (cache hit)
1635 http cache normalize-package-data@https://registry.npmmirror.com/normalize-package-data/-/normalize-package-data-6.0.2.tgz 0ms (cache hit)
1636 http cache fill-range@https://registry.npmmirror.com/fill-range/-/fill-range-7.1.1.tgz 0ms (cache hit)
1637 http cache picomatch@https://registry.npmmirror.com/picomatch/-/picomatch-2.3.2.tgz 0ms (cache hit)
1638 http cache braces@https://registry.npmmirror.com/braces/-/braces-3.0.3.tgz 0ms (cache hit)
1639 http cache to-regex-range@https://registry.npmmirror.com/to-regex-range/-/to-regex-range-5.0.1.tgz 0ms (cache hit)
1640 http cache is-extglob@https://registry.npmmirror.com/is-extglob/-/is-extglob-2.1.1.tgz 0ms (cache hit)
1641 http cache reusify@https://registry.npmmirror.com/reusify/-/reusify-1.1.0.tgz 0ms (cache hit)
1642 http cache run-parallel@https://registry.npmmirror.com/run-parallel/-/run-parallel-1.2.0.tgz 0ms (cache hit)
1643 http cache is-glob@https://registry.npmmirror.com/is-glob/-/is-glob-4.0.3.tgz 0ms (cache hit)
1644 http cache @nodelib/fs.scandir@https://registry.npmmirror.com/@nodelib/fs.scandir/-/fs.scandir-2.1.5.tgz 0ms (cache hit)
1645 http cache fastq@https://registry.npmmirror.com/fastq/-/fastq-1.20.1.tgz 0ms (cache hit)
1646 http cache micromatch@https://registry.npmmirror.com/micromatch/-/micromatch-4.0.8.tgz 0ms (cache hit)
1647 http cache @nodelib/fs.stat@https://registry.npmmirror.com/@nodelib/fs.stat/-/fs.stat-2.0.5.tgz 0ms (cache hit)
1648 http cache @nodelib/fs.walk@https://registry.npmmirror.com/@nodelib/fs.walk/-/fs.walk-1.2.8.tgz 0ms (cache hit)
1649 http cache merge2@https://registry.npmmirror.com/merge2/-/merge2-1.4.1.tgz 0ms (cache hit)
1650 http cache glob-parent@https://registry.npmmirror.com/glob-parent/-/glob-parent-5.1.2.tgz 0ms (cache hit)
1651 http cache @sindresorhus/merge-streams@https://registry.npmmirror.com/@sindresorhus/merge-streams/-/merge-streams-2.3.0.tgz 0ms (cache hit)
1652 http cache slash@https://registry.npmmirror.com/slash/-/slash-5.1.0.tgz 0ms (cache hit)
1653 http cache unicorn-magic@https://registry.npmmirror.com/unicorn-magic/-/unicorn-magic-0.3.0.tgz 0ms (cache hit)
1654 http cache @secretlint/config-creator@https://registry.npmmirror.com/@secretlint/config-creator/-/config-creator-10.2.2.tgz 0ms (cache hit)
1655 http cache fast-glob@https://registry.npmmirror.com/fast-glob/-/fast-glob-3.3.3.tgz 0ms (cache hit)
1656 http cache path-type@https://registry.npmmirror.com/path-type/-/path-type-6.0.0.tgz 0ms (cache hit)
1657 http cache ignore@https://registry.npmmirror.com/ignore/-/ignore-7.0.6.tgz 0ms (cache hit)
1658 http cache read-pkg@https://registry.npmmirror.com/read-pkg/-/read-pkg-9.0.1.tgz 0ms (cache hit)
1659 http cache mute-stream@https://registry.npmmirror.com/mute-stream/-/mute-stream-0.0.8.tgz 0ms (cache hit)
1660 http cache globby@https://registry.npmmirror.com/globby/-/globby-14.1.0.tgz 0ms (cache hit)
1661 http cache ini@https://registry.npmmirror.com/ini/-/ini-1.3.8.tgz 0ms (cache hit)
1662 http cache strip-json-comments@https://registry.npmmirror.com/strip-json-comments/-/strip-json-comments-2.0.1.tgz 0ms (cache hit)
1663 http cache json5@https://registry.npmmirror.com/json5/-/json5-2.2.3.tgz 0ms (cache hit)
1664 http cache deep-extend@https://registry.npmmirror.com/deep-extend/-/deep-extend-0.6.0.tgz 0ms (cache hit)
1665 http cache wrappy@https://registry.npmmirror.com/wrappy/-/wrappy-1.0.2.tgz 0ms (cache hit)
1666 http cache end-of-stream@https://registry.npmmirror.com/end-of-stream/-/end-of-stream-1.4.5.tgz 0ms (cache hit)
1667 http cache tar-fs@https://registry.npmmirror.com/tar-fs/-/tar-fs-2.1.5.tgz 0ms (cache hit)
1668 http cache tunnel-agent@https://registry.npmmirror.com/tunnel-agent/-/tunnel-agent-0.6.0.tgz 0ms (cache hit)
1669 http cache once@https://registry.npmmirror.com/once/-/once-1.4.0.tgz 0ms (cache hit)
1670 http cache simple-get@https://registry.npmmirror.com/simple-get/-/simple-get-4.0.1.tgz 0ms (cache hit)
1671 http cache rc@https://registry.npmmirror.com/rc/-/rc-1.2.8.tgz 0ms (cache hit)
1672 http cache node-abi@https://registry.npmmirror.com/node-abi/-/node-abi-3.94.0.tgz 0ms (cache hit)
1673 http cache pump@https://registry.npmmirror.com/pump/-/pump-3.0.4.tgz 0ms (cache hit)
1674 http cache napi-build-utils@https://registry.npmmirror.com/napi-build-utils/-/napi-build-utils-1.0.2.tgz 0ms (cache hit)
1675 http cache github-from-package@https://registry.npmmirror.com/github-from-package/-/github-from-package-0.0.0.tgz 0ms (cache hit)
1676 http cache mkdirp-classic@https://registry.npmmirror.com/mkdirp-classic/-/mkdirp-classic-0.5.3.tgz 0ms (cache hit)
1677 http cache minimist@https://registry.npmmirror.com/minimist/-/minimist-1.2.8.tgz 0ms (cache hit)
1678 http cache expand-template@https://registry.npmmirror.com/expand-template/-/expand-template-2.0.3.tgz 0ms (cache hit)
1679 http cache detect-libc@https://registry.npmmirror.com/detect-libc/-/detect-libc-2.1.2.tgz 0ms (cache hit)
1680 http cache run-applescript@https://registry.npmmirror.com/run-applescript/-/run-applescript-7.1.0.tgz 0ms (cache hit)
1681 http cache is-docker@https://registry.npmmirror.com/is-docker/-/is-docker-3.0.0.tgz 0ms (cache hit)
1682 http cache default-browser-id@https://registry.npmmirror.com/default-browser-id/-/default-browser-id-5.0.1.tgz 0ms (cache hit)
1683 http cache bundle-name@https://registry.npmmirror.com/bundle-name/-/bundle-name-4.1.0.tgz 0ms (cache hit)
1684 http cache wsl-utils@https://registry.npmmirror.com/wsl-utils/-/wsl-utils-0.1.0.tgz 0ms (cache hit)
1685 http cache is-inside-container@https://registry.npmmirror.com/is-inside-container/-/is-inside-container-1.0.0.tgz 0ms (cache hit)
1686 http cache define-lazy-prop@https://registry.npmmirror.com/define-lazy-prop/-/define-lazy-prop-3.0.0.tgz 0ms (cache hit)
1687 http cache jsonfile@https://registry.npmmirror.com/jsonfile/-/jsonfile-6.2.1.tgz 0ms (cache hit)
1688 http cache default-browser@https://registry.npmmirror.com/default-browser/-/default-browser-5.5.0.tgz 0ms (cache hit)
1689 http cache @types/sarif@https://registry.npmmirror.com/@types/sarif/-/sarif-2.1.7.tgz 0ms (cache hit)
1690 http cache graceful-fs@https://registry.npmmirror.com/graceful-fs/-/graceful-fs-4.2.11.tgz 0ms (cache hit)
1691 http cache universalify@https://registry.npmmirror.com/universalify/-/universalify-2.0.1.tgz 0ms (cache hit)
1692 http cache balanced-match@https://registry.npmmirror.com/balanced-match/-/balanced-match-4.0.4.tgz 0ms (cache hit)
1693 http cache fs-extra@https://registry.npmmirror.com/fs-extra/-/fs-extra-11.4.0.tgz 0ms (cache hit)
1694 http cache brace-expansion@https://registry.npmmirror.com/brace-expansion/-/brace-expansion-5.0.9.tgz 0ms (cache hit)
1695 http cache mime-db@https://registry.npmmirror.com/mime-db/-/mime-db-1.52.0.tgz 0ms (cache hit)
1696 http cache punycode.js@https://registry.npmmirror.com/punycode.js/-/punycode.js-2.3.1.tgz 0ms (cache hit)
1697 http cache uc.micro@https://registry.npmmirror.com/uc.micro/-/uc.micro-2.1.0.tgz 0ms (cache hit)
1698 http cache linkify-it@https://registry.npmmirror.com/linkify-it/-/linkify-it-5.0.2.tgz 0ms (cache hit)
1699 http cache mdurl@https://registry.npmmirror.com/mdurl/-/mdurl-2.1.0.tgz 0ms (cache hit)
1700 http cache yallist@https://registry.npmmirror.com/yallist/-/yallist-4.0.0.tgz 0ms (cache hit)
1701 http cache node-addon-api@https://registry.npmmirror.com/node-addon-api/-/node-addon-api-4.3.0.tgz 0ms (cache hit)
1702 http cache prebuild-install@https://registry.npmmirror.com/prebuild-install/-/prebuild-install-7.1.2.tgz 0ms (cache hit)
1703 http cache ecdsa-sig-formatter@https://registry.npmmirror.com/ecdsa-sig-formatter/-/ecdsa-sig-formatter-1.0.11.tgz 0ms (cache hit)
1704 http cache buffer-equal-constant-time@https://registry.npmmirror.com/buffer-equal-constant-time/-/buffer-equal-constant-time-1.0.1.tgz 0ms (cache hit)
1705 http cache safe-buffer@https://registry.npmmirror.com/safe-buffer/-/safe-buffer-5.2.1.tgz 0ms (cache hit)
1706 http cache jwa@https://registry.npmmirror.com/jwa/-/jwa-2.0.1.tgz 0ms (cache hit)
1707 http cache lodash.once@https://registry.npmmirror.com/lodash.once/-/lodash.once-4.1.1.tgz 0ms (cache hit)
1708 http cache lodash.isnumber@https://registry.npmmirror.com/lodash.isnumber/-/lodash.isnumber-3.0.3.tgz 0ms (cache hit)
1709 http cache lodash.isplainobject@https://registry.npmmirror.com/lodash.isplainobject/-/lodash.isplainobject-4.0.6.tgz 0ms (cache hit)
1710 http cache lodash.isstring@https://registry.npmmirror.com/lodash.isstring/-/lodash.isstring-4.0.1.tgz 0ms (cache hit)
1711 http cache lodash.isinteger@https://registry.npmmirror.com/lodash.isinteger/-/lodash.isinteger-4.0.4.tgz 0ms (cache hit)
1712 http cache lodash.isboolean@https://registry.npmmirror.com/lodash.isboolean/-/lodash.isboolean-3.0.3.tgz 0ms (cache hit)
1713 http cache argparse@https://registry.npmmirror.com/argparse/-/argparse-2.0.1.tgz 0ms (cache hit)
1714 http cache lodash.includes@https://registry.npmmirror.com/lodash.includes/-/lodash.includes-4.3.0.tgz 0ms (cache hit)
1715 http cache jws@https://registry.npmmirror.com/jws/-/jws-4.0.1.tgz 0ms (cache hit)
1716 http cache version-range@https://registry.npmmirror.com/version-range/-/version-range-4.15.0.tgz 0ms (cache hit)
1717 http cache textextensions@https://registry.npmmirror.com/textextensions/-/textextensions-6.11.0.tgz 0ms (cache hit)
1718 http cache editions@https://registry.npmmirror.com/editions/-/editions-6.22.0.tgz 0ms (cache hit)
1719 http cache binaryextensions@https://registry.npmmirror.com/binaryextensions/-/binaryextensions-6.11.0.tgz 0ms (cache hit)
1720 http cache path-scurry@https://registry.npmmirror.com/path-scurry/-/path-scurry-2.0.2.tgz 0ms (cache hit)
1721 http cache minipass@https://registry.npmmirror.com/minipass/-/minipass-7.1.3.tgz 0ms (cache hit)
1722 http cache dunder-proto@https://registry.npmmirror.com/dunder-proto/-/dunder-proto-1.0.1.tgz 0ms (cache hit)
1723 http cache math-intrinsics@https://registry.npmmirror.com/math-intrinsics/-/math-intrinsics-1.1.0.tgz 0ms (cache hit)
1724 http cache has-symbols@https://registry.npmmirror.com/has-symbols/-/has-symbols-1.1.0.tgz 0ms (cache hit)
1725 http cache gopd@https://registry.npmmirror.com/gopd/-/gopd-1.2.0.tgz 0ms (cache hit)
1726 http cache get-proto@https://registry.npmmirror.com/get-proto/-/get-proto-1.0.1.tgz 0ms (cache hit)
1727 http cache function-bind@https://registry.npmmirror.com/function-bind/-/function-bind-1.1.2.tgz 0ms (cache hit)
1728 http cache es-object-atoms@https://registry.npmmirror.com/es-object-atoms/-/es-object-atoms-1.1.2.tgz 0ms (cache hit)
1729 http cache es-define-property@https://registry.npmmirror.com/es-define-property/-/es-define-property-1.0.1.tgz 0ms (cache hit)
1730 http cache has-tostringtag@https://registry.npmmirror.com/has-tostringtag/-/has-tostringtag-1.0.2.tgz 0ms (cache hit)
1731 http cache call-bind-apply-helpers@https://registry.npmmirror.com/call-bind-apply-helpers/-/call-bind-apply-helpers-1.0.2.tgz 0ms (cache hit)
1732 http cache es-errors@https://registry.npmmirror.com/es-errors/-/es-errors-1.3.0.tgz 0ms (cache hit)
1733 http cache get-intrinsic@https://registry.npmmirror.com/get-intrinsic/-/get-intrinsic-1.3.0.tgz 0ms (cache hit)
1734 http cache delayed-stream@https://registry.npmmirror.com/delayed-stream/-/delayed-stream-1.0.0.tgz 0ms (cache hit)
1735 http cache mime-types@https://registry.npmmirror.com/mime-types/-/mime-types-2.1.35.tgz 0ms (cache hit)
1736 http cache hasown@https://registry.npmmirror.com/hasown/-/hasown-2.0.4.tgz 0ms (cache hit)
1737 http cache es-set-tostringtag@https://registry.npmmirror.com/es-set-tostringtag/-/es-set-tostringtag-2.1.0.tgz 0ms (cache hit)
1738 http cache combined-stream@https://registry.npmmirror.com/combined-stream/-/combined-stream-1.0.8.tgz 0ms (cache hit)
1739 http cache asynckit@https://registry.npmmirror.com/asynckit/-/asynckit-0.4.0.tgz 0ms (cache hit)
1740 http cache whatwg-encoding@https://registry.npmmirror.com/whatwg-encoding/-/whatwg-encoding-3.1.1.tgz 0ms (cache hit)
1741 http cache iconv-lite@https://registry.npmmirror.com/iconv-lite/-/iconv-lite-0.6.3.tgz 0ms (cache hit)
1742 http cache entities@https://registry.npmmirror.com/entities/-/entities-4.5.0.tgz 0ms (cache hit)
1743 http cache ms@https://registry.npmmirror.com/ms/-/ms-2.1.3.tgz 0ms (cache hit)
1744 http cache nth-check@https://registry.npmmirror.com/nth-check/-/nth-check-2.1.1.tgz 0ms (cache hit)
1745 http cache color-name@https://registry.npmmirror.com/color-name/-/color-name-1.1.4.tgz 0ms (cache hit)
1746 http cache domelementtype@https://registry.npmmirror.com/domelementtype/-/domelementtype-2.3.0.tgz 0ms (cache hit)
1747 http cache agent-base@https://registry.npmmirror.com/agent-base/-/agent-base-7.1.4.tgz 0ms (cache hit)
1748 http cache safer-buffer@https://registry.npmmirror.com/safer-buffer/-/safer-buffer-2.1.2.tgz 0ms (cache hit)
1749 http cache css-what@https://registry.npmmirror.com/css-what/-/css-what-6.2.2.tgz 0ms (cache hit)
1750 http cache boolbase@https://registry.npmmirror.com/boolbase/-/boolbase-1.0.0.tgz 0ms (cache hit)
1751 http cache whatwg-mimetype@https://registry.npmmirror.com/whatwg-mimetype/-/whatwg-mimetype-4.0.0.tgz 0ms (cache hit)
1752 http cache parse5-parser-stream@https://registry.npmmirror.com/parse5-parser-stream/-/parse5-parser-stream-7.1.2.tgz 0ms (cache hit)
1753 http cache undici@https://registry.npmmirror.com/undici/-/undici-7.29.0.tgz 0ms (cache hit)
1754 http cache css-select@https://registry.npmmirror.com/css-select/-/css-select-5.2.2.tgz 0ms (cache hit)
1755 http cache parse5-htmlparser2-tree-adapter@https://registry.npmmirror.com/parse5-htmlparser2-tree-adapter/-/parse5-htmlparser2-tree-adapter-7.1.0.tgz 0ms (cache hit)
1756 http cache lru-cache@https://registry.npmmirror.com/lru-cache/-/lru-cache-6.0.0.tgz 0ms (cache hit)
1757 http cache htmlparser2@https://registry.npmmirror.com/htmlparser2/-/htmlparser2-10.1.0.tgz 0ms (cache hit)
1758 http cache parse5@https://registry.npmmirror.com/parse5/-/parse5-7.3.0.tgz 0ms (cache hit)
1759 http cache encoding-sniffer@https://registry.npmmirror.com/encoding-sniffer/-/encoding-sniffer-0.2.1.tgz 0ms (cache hit)
1760 http cache domutils@https://registry.npmmirror.com/domutils/-/domutils-3.2.2.tgz 0ms (cache hit)
1761 http cache dom-serializer@https://registry.npmmirror.com/dom-serializer/-/dom-serializer-2.0.0.tgz 0ms (cache hit)
1762 http cache domhandler@https://registry.npmmirror.com/domhandler/-/domhandler-5.0.3.tgz 0ms (cache hit)
1763 http cache cheerio-select@https://registry.npmmirror.com/cheerio-select/-/cheerio-select-2.1.0.tgz 0ms (cache hit)
1764 http cache color-convert@https://registry.npmmirror.com/color-convert/-/color-convert-2.0.1.tgz 0ms (cache hit)
1765 http cache ansi-styles@https://registry.npmmirror.com/ansi-styles/-/ansi-styles-4.3.0.tgz 0ms (cache hit)
1766 http cache supports-color@https://registry.npmmirror.com/supports-color/-/supports-color-7.2.0.tgz 0ms (cache hit)
1767 http cache @vscode/vsce-sign-win32-x64@https://registry.npmmirror.com/@vscode/vsce-sign-win32-x64/-/vsce-sign-win32-x64-2.0.6.tgz 0ms (cache hit)
1768 http cache tunnel@https://registry.npmmirror.com/tunnel/-/tunnel-0.0.6.tgz 0ms (cache hit)
1769 http cache fast-deep-equal@https://registry.npmmirror.com/fast-deep-equal/-/fast-deep-equal-3.1.3.tgz 0ms (cache hit)
1770 http cache fast-uri@https://registry.npmmirror.com/fast-uri/-/fast-uri-3.1.5.tgz 0ms (cache hit)
1771 http cache require-from-string@https://registry.npmmirror.com/require-from-string/-/require-from-string-2.0.2.tgz 0ms (cache hit)
1772 http cache json-schema-traverse@https://registry.npmmirror.com/json-schema-traverse/-/json-schema-traverse-1.0.0.tgz 0ms (cache hit)
1773 http cache https-proxy-agent@https://registry.npmmirror.com/https-proxy-agent/-/https-proxy-agent-7.0.6.tgz 0ms (cache hit)
1774 http cache http-proxy-agent@https://registry.npmmirror.com/http-proxy-agent/-/http-proxy-agent-7.0.2.tgz 0ms (cache hit)
1775 http cache string-width@https://registry.npmmirror.com/string-width/-/string-width-4.2.3.tgz 0ms (cache hit)
1776 http cache istextorbinary@https://registry.npmmirror.com/istextorbinary/-/istextorbinary-9.5.0.tgz 0ms (cache hit)
1777 http cache lodash@https://registry.npmmirror.com/lodash/-/lodash-4.18.1.tgz 0ms (cache hit)
1778 http cache @azu/format-text@https://registry.npmmirror.com/@azu/format-text/-/format-text-1.0.2.tgz 0ms (cache hit)
1779 http cache @textlint/ast-node-types@https://registry.npmmirror.com/@textlint/ast-node-types/-/ast-node-types-15.8.0.tgz 0ms (cache hit)
1780 http cache @textlint/resolver@https://registry.npmmirror.com/@textlint/resolver/-/resolver-15.8.0.tgz 0ms (cache hit)
1781 http cache text-table@https://registry.npmmirror.com/text-table/-/text-table-0.2.0.tgz 0ms (cache hit)
1782 http cache @textlint/types@https://registry.npmmirror.com/@textlint/types/-/types-15.8.0.tgz 0ms (cache hit)
1783 http cache js-yaml@https://registry.npmmirror.com/js-yaml/-/js-yaml-4.3.1.tgz 0ms (cache hit)
1784 http cache @azu/style-format@https://registry.npmmirror.com/@azu/style-format/-/style-format-1.0.1.tgz 0ms (cache hit)
1785 http cache terminal-link@https://registry.npmmirror.com/terminal-link/-/terminal-link-4.0.0.tgz 0ms (cache hit)
1786 http cache @textlint/module-interop@https://registry.npmmirror.com/@textlint/module-interop/-/module-interop-15.8.0.tgz 0ms (cache hit)
1787 http cache node-sarif-builder@https://registry.npmmirror.com/node-sarif-builder/-/node-sarif-builder-3.4.0.tgz 0ms (cache hit)
1788 http cache table@https://registry.npmmirror.com/table/-/table-6.9.0.tgz 0ms (cache hit)
1789 http cache @textlint/linter-formatter@https://registry.npmmirror.com/@textlint/linter-formatter/-/linter-formatter-15.8.0.tgz 0ms (cache hit)
1790 http cache @secretlint/resolver@https://registry.npmmirror.com/@secretlint/resolver/-/resolver-10.2.2.tgz 0ms (cache hit)
1791 http cache @secretlint/types@https://registry.npmmirror.com/@secretlint/types/-/types-10.2.2.tgz 0ms (cache hit)
1792 http cache pluralize@https://registry.npmmirror.com/pluralize/-/pluralize-8.0.0.tgz 0ms (cache hit)
1793 http cache strip-ansi@https://registry.npmmirror.com/strip-ansi/-/strip-ansi-7.2.0.tgz 0ms (cache hit)
1794 http cache rc-config-loader@https://registry.npmmirror.com/rc-config-loader/-/rc-config-loader-4.1.4.tgz 0ms (cache hit)
1795 http cache @secretlint/source-creator@https://registry.npmmirror.com/@secretlint/source-creator/-/source-creator-10.2.2.tgz 0ms (cache hit)
1796 http cache debug@https://registry.npmmirror.com/debug/-/debug-4.4.3.tgz 0ms (cache hit)
1797 http cache ajv@https://registry.npmmirror.com/ajv/-/ajv-8.20.0.tgz 0ms (cache hit)
1798 http cache @secretlint/profiler@https://registry.npmmirror.com/@secretlint/profiler/-/profiler-10.2.2.tgz 0ms (cache hit)
1799 http cache @azure/msal-common@https://registry.npmmirror.com/@azure/msal-common/-/msal-common-16.12.0.tgz 0ms (cache hit)
1800 http cache jsonwebtoken@https://registry.npmmirror.com/jsonwebtoken/-/jsonwebtoken-9.0.3.tgz 0ms (cache hit)
1801 http cache structured-source@https://registry.npmmirror.com/structured-source/-/structured-source-4.0.0.tgz 0ms (cache hit)
1802 http cache p-map@https://registry.npmmirror.com/p-map/-/p-map-7.0.6.tgz 0ms (cache hit)
1803 http cache @typespec/ts-http-runtime@https://registry.npmmirror.com/@typespec/ts-http-runtime/-/ts-http-runtime-0.3.8.tgz 0ms (cache hit)
1804 http cache @secretlint/formatter@https://registry.npmmirror.com/@secretlint/formatter/-/formatter-10.2.2.tgz 0ms (cache hit)
1805 http cache @azure/msal-node@https://registry.npmmirror.com/@azure/msal-node/-/msal-node-5.5.0.tgz 0ms (cache hit)
1806 http cache @secretlint/core@https://registry.npmmirror.com/@secretlint/core/-/core-10.2.2.tgz 0ms (cache hit)
1807 http cache @secretlint/config-loader@https://registry.npmmirror.com/@secretlint/config-loader/-/config-loader-10.2.2.tgz 0ms (cache hit)
1808 http cache tslib@https://registry.npmmirror.com/tslib/-/tslib-2.8.1.tgz 0ms (cache hit)
1809 http cache @azure/msal-browser@https://registry.npmmirror.com/@azure/msal-browser/-/msal-browser-5.18.0.tgz 0ms (cache hit)
1810 http cache @azure/core-util@https://registry.npmmirror.com/@azure/core-util/-/core-util-1.14.0.tgz 0ms (cache hit)
1811 http cache open@https://registry.npmmirror.com/open/-/open-10.2.0.tgz 0ms (cache hit)
1812 http cache @azure/logger@https://registry.npmmirror.com/@azure/logger/-/logger-1.4.0.tgz 0ms (cache hit)
1813 http cache @azure/core-tracing@https://registry.npmmirror.com/@azure/core-tracing/-/core-tracing-1.4.0.tgz 0ms (cache hit)
1814 http cache @azure/core-rest-pipeline@https://registry.npmmirror.com/@azure/core-rest-pipeline/-/core-rest-pipeline-1.25.0.tgz 0ms (cache hit)
1815 http cache yauzl@https://registry.npmmirror.com/yauzl/-/yauzl-3.4.0.tgz 0ms (cache hit)
1816 http cache yazl@https://registry.npmmirror.com/yazl/-/yazl-2.5.1.tgz 0ms (cache hit)
1817 http cache @azure/core-client@https://registry.npmmirror.com/@azure/core-client/-/core-client-1.11.0.tgz 0ms (cache hit)
1818 http cache @azure/core-auth@https://registry.npmmirror.com/@azure/core-auth/-/core-auth-1.11.0.tgz 0ms (cache hit)
1819 http cache xml2js@https://registry.npmmirror.com/xml2js/-/xml2js-0.5.0.tgz 0ms (cache hit)
1820 http cache @azure/abort-controller@https://registry.npmmirror.com/@azure/abort-controller/-/abort-controller-2.2.0.tgz 0ms (cache hit)
1821 http cache typed-rest-client@https://registry.npmmirror.com/typed-rest-client/-/typed-rest-client-1.8.11.tgz 0ms (cache hit)
1822 http cache url-join@https://registry.npmmirror.com/url-join/-/url-join-4.0.1.tgz 0ms (cache hit)
1823 http cache tmp@https://registry.npmmirror.com/tmp/-/tmp-0.2.7.tgz 0ms (cache hit)
1824 http cache secretlint@https://registry.npmmirror.com/secretlint/-/secretlint-10.2.2.tgz 0ms (cache hit)
1825 http cache read@https://registry.npmmirror.com/read/-/read-1.0.7.tgz 0ms (cache hit)
1826 http cache parse-semver@https://registry.npmmirror.com/parse-semver/-/parse-semver-1.1.1.tgz 0ms (cache hit)
1827 http cache mime@https://registry.npmmirror.com/mime/-/mime-1.6.0.tgz 0ms (cache hit)
1828 http cache minimatch@https://registry.npmmirror.com/minimatch/-/minimatch-10.2.6.tgz 0ms (cache hit)
1829 http cache markdown-it@https://registry.npmmirror.com/markdown-it/-/markdown-it-14.3.0.tgz 0ms (cache hit)
1830 http cache leven@https://registry.npmmirror.com/leven/-/leven-3.1.0.tgz 0ms (cache hit)
1831 http cache keytar@https://registry.npmmirror.com/keytar/-/keytar-7.9.0.tgz 0ms (cache hit)
1832 http cache jsonc-parser@https://registry.npmmirror.com/jsonc-parser/-/jsonc-parser-3.3.1.tgz 0ms (cache hit)
1833 http cache hosted-git-info@https://registry.npmmirror.com/hosted-git-info/-/hosted-git-info-4.1.0.tgz 0ms (cache hit)
1834 http cache semver@https://registry.npmmirror.com/semver/-/semver-7.8.5.tgz 0ms (cache hit)
1835 http cache @vscode/vsce-sign@https://registry.npmmirror.com/@vscode/vsce-sign/-/vsce-sign-2.0.9.tgz 0ms (cache hit)
1836 http cache commander@https://registry.npmmirror.com/commander/-/commander-12.1.0.tgz 0ms (cache hit)
1837 http cache @secretlint/secretlint-rule-preset-recommend@https://registry.npmmirror.com/@secretlint/secretlint-rule-preset-recommend/-/secretlint-rule-preset-recommend-10.2.2.tgz 0ms (cache hit)
1838 http cache glob@https://registry.npmmirror.com/glob/-/glob-13.0.6.tgz 0ms (cache hit)
1839 http cache cockatiel@https://registry.npmmirror.com/cockatiel/-/cockatiel-3.2.1.tgz 0ms (cache hit)
1840 http cache form-data@https://registry.npmmirror.com/form-data/-/form-data-4.0.6.tgz 0ms (cache hit)
1841 http cache @secretlint/secretlint-rule-no-dotenv@https://registry.npmmirror.com/@secretlint/secretlint-rule-no-dotenv/-/secretlint-rule-no-dotenv-10.2.2.tgz 0ms (cache hit)
1842 http cache cheerio@https://registry.npmmirror.com/cheerio/-/cheerio-1.2.0.tgz 0ms (cache hit)
1843 http cache @secretlint/secretlint-formatter-sarif@https://registry.npmmirror.com/@secretlint/secretlint-formatter-sarif/-/secretlint-formatter-sarif-10.2.2.tgz 0ms (cache hit)
1844 http cache @azure/identity@https://registry.npmmirror.com/@azure/identity/-/identity-4.13.1.tgz 0ms (cache hit)
1845 http cache @vscode/vsce@https://registry.npmmirror.com/@vscode/vsce/-/vsce-3.9.2.tgz 0ms (cache hit)
1846 http cache azure-devops-node-api@https://registry.npmmirror.com/azure-devops-node-api/-/azure-devops-node-api-12.5.0.tgz 0ms (cache hit)
1847 http cache chalk@https://registry.npmmirror.com/chalk/-/chalk-4.1.2.tgz 0ms (cache hit)
1848 http cache entities@https://registry.npmmirror.com/entities/-/entities-6.0.1.tgz 0ms (cache hit)
1849 http cache @secretlint/node@https://registry.npmmirror.com/@secretlint/node/-/node-10.2.2.tgz 0ms (cache hit)
1850 http cache lru-cache@https://registry.npmmirror.com/lru-cache/-/lru-cache-10.4.3.tgz 0ms (cache hit)
1851 http cache hosted-git-info@https://registry.npmmirror.com/hosted-git-info/-/hosted-git-info-7.0.2.tgz 0ms (cache hit)
1852 http cache entities@https://registry.npmmirror.com/entities/-/entities-7.0.1.tgz 0ms (cache hit)
1853 http cache unicorn-magic@https://registry.npmmirror.com/unicorn-magic/-/unicorn-magic-0.1.0.tgz 0ms (cache hit)
1854 http cache lru-cache@https://registry.npmmirror.com/lru-cache/-/lru-cache-11.5.2.tgz 0ms (cache hit)
1855 http cache strip-ansi@https://registry.npmmirror.com/strip-ansi/-/strip-ansi-6.0.1.tgz 0ms (cache hit)
1856 http cache ansi-regex@https://registry.npmmirror.com/ansi-regex/-/ansi-regex-5.0.1.tgz 0ms (cache hit)
1857 http cache ansi-regex@https://registry.npmmirror.com/ansi-regex/-/ansi-regex-5.0.1.tgz 0ms (cache hit)
1858 http cache ansi-regex@https://registry.npmmirror.com/ansi-regex/-/ansi-regex-5.0.1.tgz 0ms (cache hit)
1859 http cache strip-ansi@https://registry.npmmirror.com/strip-ansi/-/strip-ansi-6.0.1.tgz 0ms (cache hit)
1860 http cache pluralize@https://registry.npmmirror.com/pluralize/-/pluralize-2.0.0.tgz 0ms (cache hit)
1861 http cache chalk@https://registry.npmmirror.com/chalk/-/chalk-5.6.2.tgz 0ms (cache hit)
1862 http cache semver@https://registry.npmmirror.com/semver/-/semver-5.7.2.tgz 0ms (cache hit)
1863 http cache strip-ansi@https://registry.npmmirror.com/strip-ansi/-/strip-ansi-6.0.1.tgz 0ms (cache hit)
1864 warn deprecated whatwg-encoding@3.1.1: Use @exodus/bytes instead for a more spec-conformant and faster implementation
1865 info run keytar@7.9.0 install node_modules/keytar prebuild-install || npm run build
1866 info run keytar@7.9.0 install { code: 'EPERM', signal: undefined }
1867 verbose reify failed optional dependency D:\Developments\ext\DSH for VSC\node_modules\keytar
1868 silly reify mark deleted [ 'D:\\Developments\\ext\\DSH for VSC\\node_modules\\keytar' ]
1869 verbose reify failed optional dependency D:\Developments\ext\DSH for VSC\node_modules\node-addon-api
1870 silly reify mark deleted [ 'D:\\Developments\\ext\\DSH for VSC\\node_modules\\node-addon-api' ]
1871 verbose reify failed optional dependency D:\Developments\ext\DSH for VSC\node_modules\prebuild-install
1872 silly reify mark deleted [
1872 silly reify   'D:\\Developments\\ext\\DSH for VSC\\node_modules\\prebuild-install',
1872 silly reify   'D:\\Developments\\ext\\DSH for VSC\\node_modules\\.bin\\prebuild-install',
1872 silly reify   'D:\\Developments\\ext\\DSH for VSC\\node_modules\\.bin\\prebuild-install.cmd',
1872 silly reify   'D:\\Developments\\ext\\DSH for VSC\\node_modules\\.bin\\prebuild-install.ps1'
1872 silly reify ]
1873 verbose reify failed optional dependency D:\Developments\ext\DSH for VSC\node_modules\detect-libc
1874 silly reify mark deleted [ 'D:\\Developments\\ext\\DSH for VSC\\node_modules\\detect-libc' ]
1875 verbose reify failed optional dependency D:\Developments\ext\DSH for VSC\node_modules\expand-template
1876 silly reify mark deleted [ 'D:\\Developments\\ext\\DSH for VSC\\node_modules\\expand-template' ]
1877 verbose reify failed optional dependency D:\Developments\ext\DSH for VSC\node_modules\github-from-package
1878 silly reify mark deleted [
1878 silly reify   'D:\\Developments\\ext\\DSH for VSC\\node_modules\\github-from-package'
1878 silly reify ]
1879 verbose reify failed optional dependency D:\Developments\ext\DSH for VSC\node_modules\minimist
1880 silly reify mark deleted [ 'D:\\Developments\\ext\\DSH for VSC\\node_modules\\minimist' ]
1881 verbose reify failed optional dependency D:\Developments\ext\DSH for VSC\node_modules\mkdirp-classic
1882 silly reify mark deleted [ 'D:\\Developments\\ext\\DSH for VSC\\node_modules\\mkdirp-classic' ]
1883 verbose reify failed optional dependency D:\Developments\ext\DSH for VSC\node_modules\napi-build-utils
1884 silly reify mark deleted [
1884 silly reify   'D:\\Developments\\ext\\DSH for VSC\\node_modules\\napi-build-utils'
1884 silly reify ]
1885 verbose reify failed optional dependency D:\Developments\ext\DSH for VSC\node_modules\node-abi
1886 silly reify mark deleted [ 'D:\\Developments\\ext\\DSH for VSC\\node_modules\\node-abi' ]
1887 verbose reify failed optional dependency D:\Developments\ext\DSH for VSC\node_modules\pump
1888 silly reify mark deleted [ 'D:\\Developments\\ext\\DSH for VSC\\node_modules\\pump' ]
1889 verbose reify failed optional dependency D:\Developments\ext\DSH for VSC\node_modules\rc
1890 silly reify mark deleted [
1890 silly reify   'D:\\Developments\\ext\\DSH for VSC\\node_modules\\rc',
1890 silly reify   'D:\\Developments\\ext\\DSH for VSC\\node_modules\\.bin\\rc',
1890 silly reify   'D:\\Developments\\ext\\DSH for VSC\\node_modules\\.bin\\rc.cmd',
1890 silly reify   'D:\\Developments\\ext\\DSH for VSC\\node_modules\\.bin\\rc.ps1'
1890 silly reify ]
1891 verbose reify failed optional dependency D:\Developments\ext\DSH for VSC\node_modules\simple-get
1892 silly reify mark deleted [ 'D:\\Developments\\ext\\DSH for VSC\\node_modules\\simple-get' ]
1893 verbose reify failed optional dependency D:\Developments\ext\DSH for VSC\node_modules\tar-fs
1894 silly reify mark deleted [ 'D:\\Developments\\ext\\DSH for VSC\\node_modules\\tar-fs' ]
1895 verbose reify failed optional dependency D:\Developments\ext\DSH for VSC\node_modules\tunnel-agent
1896 silly reify mark deleted [ 'D:\\Developments\\ext\\DSH for VSC\\node_modules\\tunnel-agent' ]
1897 verbose reify failed optional dependency D:\Developments\ext\DSH for VSC\node_modules\end-of-stream
1898 silly reify mark deleted [ 'D:\\Developments\\ext\\DSH for VSC\\node_modules\\end-of-stream' ]
1899 verbose reify failed optional dependency D:\Developments\ext\DSH for VSC\node_modules\once
1900 silly reify mark deleted [ 'D:\\Developments\\ext\\DSH for VSC\\node_modules\\once' ]
1901 verbose reify failed optional dependency D:\Developments\ext\DSH for VSC\node_modules\deep-extend
1902 silly reify mark deleted [ 'D:\\Developments\\ext\\DSH for VSC\\node_modules\\deep-extend' ]
1903 verbose reify failed optional dependency D:\Developments\ext\DSH for VSC\node_modules\ini
1904 silly reify mark deleted [ 'D:\\Developments\\ext\\DSH for VSC\\node_modules\\ini' ]
1905 verbose reify failed optional dependency D:\Developments\ext\DSH for VSC\node_modules\strip-json-comments
1906 silly reify mark deleted [
1906 silly reify   'D:\\Developments\\ext\\DSH for VSC\\node_modules\\strip-json-comments'
1906 silly reify ]
1907 verbose reify failed optional dependency D:\Developments\ext\DSH for VSC\node_modules\decompress-response
1908 silly reify mark deleted [
1908 silly reify   'D:\\Developments\\ext\\DSH for VSC\\node_modules\\decompress-response'
1908 silly reify ]
1909 verbose reify failed optional dependency D:\Developments\ext\DSH for VSC\node_modules\simple-concat
1910 silly reify mark deleted [ 'D:\\Developments\\ext\\DSH for VSC\\node_modules\\simple-concat' ]
1911 verbose reify failed optional dependency D:\Developments\ext\DSH for VSC\node_modules\chownr
1912 silly reify mark deleted [ 'D:\\Developments\\ext\\DSH for VSC\\node_modules\\chownr' ]
1913 verbose reify failed optional dependency D:\Developments\ext\DSH for VSC\node_modules\tar-stream
1914 silly reify mark deleted [ 'D:\\Developments\\ext\\DSH for VSC\\node_modules\\tar-stream' ]
1915 verbose reify failed optional dependency D:\Developments\ext\DSH for VSC\node_modules\wrappy
1916 silly reify mark deleted [ 'D:\\Developments\\ext\\DSH for VSC\\node_modules\\wrappy' ]
1917 verbose reify failed optional dependency D:\Developments\ext\DSH for VSC\node_modules\mimic-response
1918 silly reify mark deleted [ 'D:\\Developments\\ext\\DSH for VSC\\node_modules\\mimic-response' ]
1919 verbose reify failed optional dependency D:\Developments\ext\DSH for VSC\node_modules\bl
1920 silly reify mark deleted [ 'D:\\Developments\\ext\\DSH for VSC\\node_modules\\bl' ]
1921 verbose reify failed optional dependency D:\Developments\ext\DSH for VSC\node_modules\fs-constants
1922 silly reify mark deleted [ 'D:\\Developments\\ext\\DSH for VSC\\node_modules\\fs-constants' ]
1923 verbose reify failed optional dependency D:\Developments\ext\DSH for VSC\node_modules\inherits
1924 silly reify mark deleted [ 'D:\\Developments\\ext\\DSH for VSC\\node_modules\\inherits' ]
1925 verbose reify failed optional dependency D:\Developments\ext\DSH for VSC\node_modules\readable-stream
1926 silly reify mark deleted [ 'D:\\Developments\\ext\\DSH for VSC\\node_modules\\readable-stream' ]
1927 verbose reify failed optional dependency D:\Developments\ext\DSH for VSC\node_modules\buffer
1928 silly reify mark deleted [ 'D:\\Developments\\ext\\DSH for VSC\\node_modules\\buffer' ]
1929 verbose reify failed optional dependency D:\Developments\ext\DSH for VSC\node_modules\string_decoder
1930 silly reify mark deleted [ 'D:\\Developments\\ext\\DSH for VSC\\node_modules\\string_decoder' ]
1931 verbose reify failed optional dependency D:\Developments\ext\DSH for VSC\node_modules\util-deprecate
1932 silly reify mark deleted [ 'D:\\Developments\\ext\\DSH for VSC\\node_modules\\util-deprecate' ]
1933 verbose reify failed optional dependency D:\Developments\ext\DSH for VSC\node_modules\base64-js
1934 silly reify mark deleted [ 'D:\\Developments\\ext\\DSH for VSC\\node_modules\\base64-js' ]
1935 verbose reify failed optional dependency D:\Developments\ext\DSH for VSC\node_modules\ieee754
1936 silly reify mark deleted [ 'D:\\Developments\\ext\\DSH for VSC\\node_modules\\ieee754' ]
1937 info run @vscode/vsce-sign@2.0.9 postinstall node_modules/@vscode/vsce-sign node ./src/postinstall.js
1938 info run @vscode/vsce-sign@2.0.9 postinstall { code: 'EPERM', signal: undefined }
1939 warn cleanup Failed to remove some directories [
1939 warn cleanup   [
1939 warn cleanup     '\\\\?\\D:\\Developments\\ext\\DSH for VSC\\node_modules\\@azure',
1939 warn cleanup     [Error: EPERM: operation not permitted, rmdir 'D:\Developments\ext\DSH for VSC\node_modules\@azure\msal-browser\src\custom_auth'] {
1939 warn cleanup       errno: -4048,
1939 warn cleanup       code: 'EPERM',
1939 warn cleanup       syscall: 'rmdir',
1939 warn cleanup       path: 'D:\\Developments\\ext\\DSH for VSC\\node_modules\\@azure\\msal-browser\\src\\custom_auth'
1939 warn cleanup     }
1939 warn cleanup   ]
1939 warn cleanup ]
1940 verbose stack Error: spawn EPERM
1940 verbose stack     at ChildProcess.spawn (node:internal/child_process:457:11)
1940 verbose stack     at spawn (node:child_process:813:9)
1940 verbose stack     at promiseSpawn (D:\x64\nodejs\node_modules\npm\node_modules\@npmcli\promise-spawn\lib\index.js:39:16)
1940 verbose stack     at spawnWithShell (D:\x64\nodejs\node_modules\npm\node_modules\@npmcli\promise-spawn\lib\index.js:124:10)
1940 verbose stack     at promiseSpawn (D:\x64\nodejs\node_modules\npm\node_modules\@npmcli\promise-spawn\lib\index.js:12:12)
1940 verbose stack     at runScriptPkg (D:\x64\nodejs\node_modules\npm\node_modules\@npmcli\run-script\lib\run-script-pkg.js:79:13)
1940 verbose stack     at runScript (D:\x64\nodejs\node_modules\npm\node_modules\@npmcli\run-script\lib\run-script.js:9:12)
1940 verbose stack     at D:\x64\nodejs\node_modules\npm\node_modules\@npmcli\arborist\lib\arborist\rebuild.js:348:17
1940 verbose stack     at run (D:\x64\nodejs\node_modules\npm\node_modules\promise-call-limit\dist\commonjs\index.js:67:22)
1940 verbose stack     at D:\x64\nodejs\node_modules\npm\node_modules\promise-call-limit\dist\commonjs\index.js:84:9
1941 error code EPERM
1942 error syscall spawn
1943 error errno -4048
1944 error Error: spawn EPERM
1944 error     at ChildProcess.spawn (node:internal/child_process:457:11)
1944 error     at spawn (node:child_process:813:9)
1944 error     at promiseSpawn (D:\x64\nodejs\node_modules\npm\node_modules\@npmcli\promise-spawn\lib\index.js:39:16)
1944 error     at spawnWithShell (D:\x64\nodejs\node_modules\npm\node_modules\@npmcli\promise-spawn\lib\index.js:124:10)
1944 error     at promiseSpawn (D:\x64\nodejs\node_modules\npm\node_modules\@npmcli\promise-spawn\lib\index.js:12:12)
1944 error     at runScriptPkg (D:\x64\nodejs\node_modules\npm\node_modules\@npmcli\run-script\lib\run-script-pkg.js:79:13)
1944 error     at runScript (D:\x64\nodejs\node_modules\npm\node_modules\@npmcli\run-script\lib\run-script.js:9:12)
1944 error     at D:\x64\nodejs\node_modules\npm\node_modules\@npmcli\arborist\lib\arborist\rebuild.js:348:17
1944 error     at run (D:\x64\nodejs\node_modules\npm\node_modules\promise-call-limit\dist\commonjs\index.js:67:22)
1944 error     at D:\x64\nodejs\node_modules\npm\node_modules\promise-call-limit\dist\commonjs\index.js:84:9 {
1944 error   errno: -4048,
1944 error   code: 'EPERM',
1944 error   syscall: 'spawn'
1944 error }
1945 error
1945 error The operation was rejected by your operating system.
1945 error It's possible that the file was already in use (by a text editor or antivirus), or that you lack permissions to access it.
1945 error
1945 error If you believe this might be a permissions issue, please double-check the permissions of the file and its containing directories, or try running the command again as root/Administrator.
1946 silly unfinished npm timer reify 1786679677784
1947 silly unfinished npm timer reify:build 1786679681273
1948 silly unfinished npm timer build 1786679681274
1949 silly unfinished npm timer build:deps 1786679681274
1950 silly unfinished npm timer build:run:postinstall 1786679681298
1951 silly unfinished npm timer build:run:postinstall:node_modules/@vscode/vsce-sign 1786679681299
1952 verbose cwd D:\Developments\ext\DSH for VSC
1953 verbose os Windows_NT 10.0.26100
1954 verbose node v26.7.0
1955 verbose npm  v11.19.0
1956 verbose exit -4048
1957 verbose code -4048
1958 error A complete log of this run can be found in: D:\Developments\ext\DSH for VSC\.npm-cache\_logs\2026-08-14T03_54_37_492Z-debug-0.log
